:020000040800F2
:100000000000022061C20008F1B40008F9B4000841
:1000100001B5000809B5000811B50008000000008E
:1000200000000000000000000000000019B50008FA
:1000300027B500080000000035B5000843B50008EA
:10004000B1C20008B1C20008B1C20008B1C20008C4
:10005000B1C20008B1C20008B1C20008B1C20008B4
:10006000B1C20008B1C20008B1C2000851B5000811
:10007000B1C20008B1C20008B1C20008B1C2000894
:10008000B1C2000865B5000879B50008000000009D
:10009000000000000000000000000000B1C20008E5
:1000A000B1C20008B1C20008B1C20008B1C2000864
:1000B0008DB50008B1C20008A1B50008B5B50008AB
:1000C000C9B50008B1C20008B1C20008B1C2000839
:1000D000B1C20008DDB50008B1C200080000000090
:1000E000B1C20008B1C20008B1C20008000000009F
:1000F000000000000000000000000000B1C2000885
:1001000000000000B1C20008B1C20008B1C200087E
:1001100000000000000000000000000000000000DF
:10012000F1B50008B1C2000805B60008B1C2000868
:10013000B1C2000800000000000000000000000044
:10014000000000000000000000000000B1C2000834
:10015000B1C20008B1C2000819B60008B1C2000857
:10016000B1C20008B1C20008000000000000000099
:10017000000000000000000000000000000000007F
:1001800000000000B1C200080000000000000000F4
:08019000B1C20008B1C2000871
:1001A00010B5054C237833B9044B13B10448AFF3B1
:1001B00000800123237010BDC80200200000000051
:1001C0002090010808B5034B1BB103490348AFF366
:1001D000008008BD00000000CC0200202090010833
:1001E00001F0FF01102A2BDB10F0070F08D010F8E8
:1001F000013B013A8B422DD010F0070F42B3F6D1EC
:10020000F0B441EA012141EA014122F007047FF004
:1002100000070023F0E80256083C85EA010586EA5B
:10022000010685FA47F5A3FA87F586FA47F6A5FA97
:1002300087F68EB9EED1F0BC01F0FF0102F00702A3
:1002400032B110F8013B013A83EA010313B1F8D14E
:100250000020704701387047002D06BF354603382F
:10026000073815F0010F07D1013015F4807F02BF68
:10027000013015F4C03F0130F0BC0138704700BFB9
:10028000034613F8012B002AFBD1181A01387047D6
:1002900081F0004102E000BF83F0004330B54FEA37
:1002A00041044FEA430594EA050F08BF90EA020FA4
:1002B0001FBF54EA000C55EA020C7FEA645C7FEA37
:1002C000655C00F0E2804FEA5454D4EB5555B8BF5A
:1002D0006D420CDD2C4480EA020281EA030382EACB
:1002E000000083EA010180EA020281EA0303362D5D
:1002F00088BF30BD11F0004F4FEA01314FF4801C30
:100300004CEA113102D0404261EB410113F0004F41
:100310004FEA03334CEA133302D0524263EB4303F8
:1003200094EA050F00F0A780A4F10104D5F1200E96
:100330000DDB02FA0EFC22FA05F2801841F10001F1
:1003400003FA0EF2801843FA05F359410EE0A5F1C5
:1003500020050EF1200E012A03FA0EFC28BF4CF0F6
:10036000020C43FA05F3C01851EBE37101F00045AC
:1003700007D54FF0000EDCF1000C7EEB00006EEBB9
:100380000101B1F5801F1BD3B1F5001F0CD3490843
:100390005FEA30004FEA3C0C04F101044FEA44529A
:1003A00012F5800F80F09A80BCF1004F08BF5FEA21
:1003B000500C50F1000041EB045141EA050130BD01
:1003C0005FEA4C0C404141EB0101013C28BFB1F513
:1003D000801FE9D291F0000F04BF01460020B1FA5E
:1003E00081F308BF2033A3F10B03B3F120020CDA31
:1003F0000C3208DD02F1140CC2F10C0201FA0CF00F
:1004000021FA02F10CE002F11402D8BFC2F1200C73
:1004100001FA02F120FA0CFCDCBF41EA0C01904029
:10042000E41AA2BF01EB0451294330BD6FEA040472
:100430001F3C1CDA0C340EDC04F11404C4F120025D
:1004400020FA04F001FA02F340EA030021FA04F36F
:1004500045EA030130BDC4F10C04C4F1200220FAC6
:1004600002F001FA04F340EA0300294630BD21FA04
:1004700004F0294630BD94F0000F83F4801306BFCA
:1004800081F480110134013D4EE77FEA645C18BFBE
:100490007FEA655C29D094EA050F08BF90EA020F55
:1004A00005D054EA000C04BF1946104630BD91EA4D
:1004B000030F1EBF0021002030BD5FEA545C05D150
:1004C0004000494128BF41F0004130BD14F580048F
:1004D0003CBF01F5801130BD01F0004545F0FE4103
:1004E00041F470014FF0000030BD7FEA645C1ABF38
:1004F000194610467FEA655C1CBF0B46024650EA6F
:10050000013406BF52EA033591EA030F41F400219A
:1005100030BD00BF90F0000F04BF0021704730B520
:100520004FF4806404F132044FF000054FF00001F5
:1005300050E700BF90F0000F04BF0021704730B5B6
:100540004FF4806404F1320410F0004548BF40428B
:100550004FF000013EE700BF42004FEAE2014FEAE0
:1005600031014FEA02701FBF12F07F4393F07F4FBB
:1005700081F06051704732F07F4208BF704793F0BE
:100580007F4F04BF41F40021704730B54FF46074D1
:1005900001F0004521F000411CE700BF50EA0102D4
:1005A00008BF704730B54FF000050AE050EA01027D
:1005B00008BF704730B511F0004502D5404261EBED
:1005C00041014FF4806404F132045FEA915C3FF42E
:1005D000D8AE4FF003025FEADC0C18BF03325FEACB
:1005E000DC0C18BF033202EBDC02C2F1200300FA7C
:1005F00003FC20FA02F001FA03FE40EA0E0021FAA1
:1006000002F11444BDE600BF70B54FF0FF0C4CF48E
:10061000E06C1CEA11541DBF1CEA135594EA0C0F40
:1006200095EA0C0F00F0DEF82C4481EA030621EA7B
:100630004C5123EA4C5350EA013518BF52EA0335B6
:1006400041F4801143F4801338D0A0FB02CE4FF068
:100650000005E1FB02E506F00042E0FB03E54FF098
:100660000006E1FB03569CF0000F18BF4EF0010E90
:10067000A4F1FF04B6F5007F64F5407404D25FEA8C
:100680004E0E6D4146EB060642EAC62141EA55513F
:100690004FEAC52040EA5E504FEACE2EB4F1FD0C81
:1006A00088BFBCF5E06F1ED8BEF1004F08BF5FEAFF
:1006B000500E50F1000041EB045170BD06F00046B1
:1006C00046EA010140EA020081EA0301B4EB5C045E
:1006D000C2BFD4EB0C0541EA045170BD41F4801156
:1006E0004FF0000E013C00F3AB8014F1360FDEBF7B
:1006F000002001F0004170BDC4F10004203C35DA57
:100700000C341BDC04F11404C4F1200500FA05F3D9
:1007100020FA04F001FA05F240EA020001F000427A
:1007200021F0004110EBD37021FA04F642EB0601F0
:100730005EEA430E08BF20EAD37070BDC4F10C041A
:10074000C4F1200500FA04F320FA05F001FA04F2DE
:1007500040EA020001F0004110EBD37041F10001CA
:100760005EEA430E08BF20EAD37070BDC4F12005D5
:1007700000FA05F24EEA020E20FA04F301FA05F23D
:1007800043EA020321FA04F001F0004121FA04F2E5
:1007900020EA020000EBD3705EEA430E08BF20EAB5
:1007A000D37070BD94F0000F0FD101F000464000EF
:1007B00041EB010111F4801F08BF013CF7D041EA71
:1007C000060195F0000F18BF704703F00046520075
:1007D00043EB030313F4801F08BF013DF7D043EA46
:1007E0000603704794EA0C0F0CEA135518BF95EAFC
:1007F0000C0F0CD050EA410618BF52EA4306D1D183
:1008000081EA030101F000414FF0000070BD50EAA1
:10081000410606BF1046194652EA430619D094EA2B
:100820000C0F02D150EA013613D195EA0C0F05D115
:1008300052EA03361CBF104619460AD181EA030169
:1008400001F0004141F0FE4141F470014FF0000021
:1008500070BD41F0FE4141F4780170BD70B54FF0BC
:10086000FF0C4CF4E06C1CEA11541DBF1CEA13553C
:1008700094EA0C0F95EA0C0F00F0A7F8A4EB05041E
:1008800081EA030E52EA03354FEA013100F0888015
:100890004FEA03334FF0805545EA131343EA1263DE
:1008A0004FEA022245EA111545EA10654FEA002693
:1008B0000EF000419D4208BF964244F1FD0404F54C
:1008C000407402D25B084FEA3202B61A65EB0305A8
:1008D0005B084FEA32024FF480104FF4002CB6EB65
:1008E000020E75EB030E22BFB61A754640EA0C00E5
:1008F0005B084FEA3202B6EB020E75EB030E22BF25
:10090000B61A754640EA5C005B084FEA3202B6EB65
:10091000020E75EB030E22BFB61A754640EA9C0024
:100920005B084FEA3202B6EB020E75EB030E22BFF4
:10093000B61A754640EADC0055EA060E18D04FEAB2
:10094000051545EA16754FEA06164FEAC30343EA52
:1009500052734FEAC2025FEA1C1CC0D111F4801F1F
:100960000BD141EA00014FF000004FF0004CB6E718
:1009700011F4801F04BF01430020B4F1FD0C88BFB7
:10098000BCF5E06F3FF6AFAEB5EB030C04BFB6EBC2
:10099000020C5FEA500C50F1000041EB045170BDB5
:1009A0000EF0004E4EEA113114EB5C04C2BFD4EBE2
:1009B0000C0541EA045170BD41F480114FF0000E66
:1009C000013C90E645EA060E8DE60CEA135594EAE2
:1009D0000C0F08BF95EA0C0F3FF43BAF94EA0C0FE5
:1009E0000AD150EA01347FF434AF95EA0C0F7FF45A
:1009F00025AF104619462CE795EA0C0F06D152EAAE
:100A000003353FF4FDAE1046194622E750EA410691
:100A100018BF52EA43067FF4C5AE50EA41047FF4A2
:100A20000DAF52EA43057FF4EBAE12E74FF0FF3C07
:100A300006E000BF4FF0010C02E000BF4FF0010CD8
:100A40004DF804CD4FEA410C7FEA6C5C4FEA430C51
:100A500018BF7FEA6C5C1BD001B050EA410C0CBFA0
:100A600052EA430C91EA030F02BF90EA020F002002
:100A7000704710F1000F91EA030F58BF994208BF69
:100A800090422CBFD8176FEAE37040F00100704726
:100A90004FEA410C7FEA6C5C02D150EA013C07D17D
:100AA0004FEA430C7FEA6C5CD6D152EA033CD3D0C8
:100AB0005DF8040B704700BF8446104662468C46C2
:100AC0001946634600E000BF01B5FFF7B7FF0028F5
:100AD00048BF10F1000F01BD4DF808EDFFF7F4FF1E
:100AE0000CBF012000205DF808FB00BF4DF808EDA9
:100AF000FFF7EAFF34BF012000205DF808FB00BFCC
:100B00004DF808EDFFF7E0FF94BF012000205DF8ED
:100B100008FB00BF4DF808EDFFF7CEFF94BF0120A2
:100B200000205DF808FB00BF4DF808EDFFF7C4FF9B
:100B300034BF012000205DF808FB00BF4FEA410CE4
:100B40007FEA6C5C02D150EA013C0AD14FEA430CC7
:100B50007FEA6C5C02D152EA033C02D14FF0000004
:100B600070474FF0010070474FEA410212F5001242
:100B700015D211D56FF47873B3EB625212D94FEAE4
:100B8000C12343F0004343EA505311F0004F23FACE
:100B900002F018BF404270474FF00000704750EA23
:100BA000013005D111F0004008BF6FF000407047E0
:100BB0004FF00000704700BF4A0011D212F500123A
:100BC00011D20DD56FF47873B3EB62520ED44FEAA5
:100BD000C12343F0004343EA505323FA02F0704725
:100BE0004FF00000704750EA013002D14FF0FF3063
:100BF00070474FF0000070474FEA4102B2F1E04306
:100C000024BFB3F5001CDCF1FE5C0DD901F0004CF3
:100C10004FEAC0024CEA5070B2F1004F40EB830043
:100C200008BF20F00100704711F0804F21D113F16F
:100C30003872BCBF01F00040704741F480114FEAA8
:100C40005252C2F11802C2F1200C10FA0CF320FA31
:100C500002F018BF40F001004FEAC1234FEAD3234E
:100C600003FA0CFC40EA0C0023FA02F34FEA4303B8
:100C7000CCE77FEA625307D150EA01331EBF4FF041
:100C8000FE4040F44000704701F0004040F0FE405C
:100C900040F40000704700BF53B94AB9002908BFAB
:100CA00000281CBF4FF0FF314FF0FF3000F0BEB9FD
:100CB000ADF1080C6DE904CE00F03CF8DDF804E07D
:100CC000DDE9022304B0704738B500220023044652
:100CD0000D46FFF70BFF28B920462946BDE83840EE
:100CE00000F00AB8204605F1004100F005F8404246
:100CF00061EB410138BD00BFD0B50C4B0022064668
:100D00000F46FFF781FCFFF757FF0446FFF702FC91
:100D1000074B0022FFF778FC02460B463046394667
:100D2000FFF7BAFAFFF748FF2146D0BD0000F03DBB
:100D30000000F0412DE9F047089D8E4604468846A4
:100D4000002B4AD18A42174662D9B2FA82F64EB1D6
:100D5000C6F1200301FA06F820FA03F3B74043EA8C
:100D60000808B4404FEA174E1FFA87FCB8FBFEF1A3
:100D7000230C0EFB118843EA084301FB0CF29A4254
:100D800009D9FB1801F1FF3080F0EA809A4240F265
:100D9000E78002393B449A1AA3B2B2FBFEF00EFB85
:100DA000102243EA024300FB0CFC9C4509D9FB18C6
:100DB00000F1FF3280F0D6809C4540F2D3803B4466
:100DC000023840EA0140A3EB0C0300211DB1F340BF
:100DD0000022C5E90032BDE8F0878B4205D90DB18C
:100DE000C5E9000100210846F5E7B3FA83F10029BF
:100DF00046D1734502D3824200F20581841A6EEB1C
:100E0000030201209046002DE5D0C5E90048E2E745
:100E1000002A00F09080B2FA82F6002E40F0A48002
:100E20008A1A030C4FEA174E80B2BCB20121B2FB02
:100E3000FEFC0EFB1C2243EA024304FB0CF29A4226
:100E400007D9FB180CF1FF3802D29A4200F2E08079
:100E5000C4469B1AB3FBFEF20EFB123340EA034377
:100E600002FB04F49C4207D9FB1802F1FF3002D2C6
:100E70009C4200F2CA8002461B1B42EA0C40A5E7D6
:100E8000C1F120068B4022FA06F71F430EFA01F447
:100E900020FA06F32EFA06FE4FEA1749234300FA1A
:100EA00001F81FFA87FCBEFBF9F01C0C09FB10EEE1
:100EB00044EA0E4400FB0CFEA64502FA01F209D9F1
:100EC0003C1900F1FF3A80F09C80A64540F29980E1
:100ED00002383C44A4EB0E041FFA83FEB4FBF9F382
:100EE00009FB13444EEA044403FB0CFCA44508D957
:100EF0003C1903F1FF3E80F08280A4457FD9023B7C
:100F00003C4443EA0040A4EB0C04A0FB02EC644523
:100F10007346E14662D35FD05DB1B8EB030264EB88
:100F2000090404FA06F622FA01F31E43CC40C5E98F
:100F3000006400214FE7B1FBF2FC010C41EA0E41D5
:100F400080B240EA01423B4638463C46B846BE467F
:100F50002026B1FBF7F1A2EB080241EA0C4166E75B
:100F6000014618E710462CE7C6F120022EFA02F3DC
:100F7000B740B14020FA02F24FEA174E0A43B3FBE2
:100F8000FEF8BCB20EFB1833110C41EA034108FB1A
:100F900004F9B04089454FEA104380B23ED9791830
:100FA00008F1FF3C01D289451FD8A1EB0901B1FB33
:100FB000FEF909FB04F80EFB191192B242EA014254
:100FC000424529D2BA1809F1FF31C4D24245C2D2F2
:100FD000A9F102013A44BEE7F0459DD2BEEB0203FF
:100FE0006CEB070C0138E14696E7A7EB0909494489
:100FF000A8F1020CB1FBFEF909FB04F8DBE773462C
:101000007FE7504666E70846FDE63B44023A33E791
:10101000ACF1020C3B441CE749469CE7A1EB0901FB
:10102000C446B1FBFEF909FB04F8C4E7704700BFF2
:1010300080B582B000AF78603960124B00221A7020
:10104000114B00221A7040227968104813F043FDBA
:101050000E4B002283F83F20202239680C4813F001
:101060003AFD0B4B0022DA770A4B32221A60054B0D
:101070000D221A70084B00221A7000BF0837BD46B7
:1010800080BD00BFE4020020E80200200003002031
:1010900040030020EC0200201C05002080B582B037
:1010A00000AF78600B467B8013463B801D4B5B682E
:1010B000002B02D14FF0FF332FE03B88002B02D1F1
:1010C00047F230533B80184B184A1A600F22796858
:1010D000174813F000FD164B0022DA737B880A22B2
:1010E0001449184612F0BEFC3B880A2212491846E1
:1010F00012F0B8FC114B1B78002B01D101230CE03E
:101100000F4B1B7803F00203DBB2002B01D100234D
:1011100003E00C4B09221A70062318460837BD4617
:1011200080BD00BF20050020000000205544500075
:1011300060030020700300208803002000030020CB
:10114000E8020020E402002080B400AF094B1B78C5
:1011500003F00203DBB2002B05D0074B1B78002BFA
:1011600001D0054B00E000231846BD465DF8047B26
:10117000704700BFE80200207803002080B483B0ED
:1011800000AF0346FB710B4B1B885A1C91B2094AF6
:1011900011801946084AFB795354064B1B88802B53
:1011A00002D1044B00221A8000BF0C37BD465DF807
:1011B000047B7047140500209403002080B588B09C
:1011C00000AFF860084611461A4603467B810B467D
:1011D0003B811346FB80464B5B68002B02D14FF0EE
:1011E000FF3381E0434B1B7803F04003DBB2002B5D
:1011F00001D1052378E03F4B1B7803F00803DBB2F5
:10120000002B68D100237B773B8907F110010A226C
:10121000184612F027FC07F110031846FFF730F8C4
:1012200003467B777B7F042B02D87B7F002B01D189
:101230000B2359E0304801F06DF907F1100318460F
:1012400001F068F92D4801F065F90023FB8320E0E7
:101250007B895A1C7A811A46FB681A44284B1B88E2
:10126000591C88B22649088019461278254B5A54D1
:10127000234B1B88B3F5807F02D1214B00221A80BB
:101280007A89FB889A4201D100237B81FB8B013351
:10129000FB83FA8B3B899A42DAD3164A137843F0E0
:1012A00004031370134A137843F008031370164BAA
:1012B0001B68002B0DD0144B1B6814489847124B29
:1012C0001B6807F11002104698470F4B1B68104827
:1012D0009847092308E00C4B1B68002B03D00A4BEE
:1012E0001B680C489847082318462037BD4680BD28
:1012F00020050020E8020020EC9601083890010843
:101300001A05002014040020FC0200203C90010873
:10131000509001085490010880B582B000AF786009
:101320000C227968104813F060FC104B00221A70F0
:101330000F4B00221A700F4B00221A800E4B002216
:101340001A800E4B00221A800D4B00221A800D4B82
:1013500000221A700C4B00221A600C4B00221A60FB
:1013600000BF0837BD4680BD20050020E4020020F4
:101370008E030020180500201A0500201605002005
:1013800014050020E8020020F8020020FC020020E2
:1013900080B400AF134B1B68002B04D0114B1B68AB
:1013A000013B104A1360104B1B68002B0BD00E4BF7
:1013B0001B68013B0C4A13600B4B1B68002B02D1CE
:1013C0000A4B00221A700A4B1B68002B04D0084BF2
:1013D0001B68013B064A136000BFBD465DF8047BF5
:1013E000704700BFEC020020F00200208E030020B6
:1013F000F402002080B500AF084B1A88084B1B8808
:101400009A4201D000F016FA064B1B68002B01D15E
:1014100000F0ECFD01F002F800BF80BD16050020D1
:1014200014050020EC02002080B483B000AF786087
:10143000044A7B68136000BF0C37BD465DF8047B2F
:10144000704700BFF802002080B483B000AF78601E
:10145000044A7B68136000BF0C37BD465DF8047B0F
:10146000704700BFFC02002080B582B000AF034689
:10147000FB71FB79002B14BF01230023DBB21A465A
:10148000042103480CF07CFB00BF0837BD4680BD3B
:101490000004024080B483B000AF0346FB710C4BE4
:1014A0001B681B6803F08003802B0AD1084B1B6864
:1014B000FA795A60074B1B680133064A136001230F
:1014C00000E0002318460C37BD465DF8047B7047EA
:1014D000582600207823002080B485B000AF034652
:1014E000FB71154B1B680133134A1360134BB3F8A0
:1014F0000C319BB20133FB81FB897F2B01D9002387
:10150000FB810E4BB3F80E319BB2FA899A420CD094
:101510000A4BB3F80C319BB21A46084B1344FA79C4
:101520005A73064AFB89A2F80C3100BF1437BD4636
:101530005DF8047B704700BF80230020E805002091
:1015400080B584B000AF0346FB7197F907300A2BD2
:1015500000F2848001A252F823F000BF03160008B5
:101560005D1600085D1600085D1600088915000864
:10157000E31500085D160008B31500085D160008A5
:101580005D16000831160008FFF7DEFDF860FB6805
:10159000002B65D00F22F968344813F09CFA334BC6
:1015A0000022DA73324B01221A70324B01221A7078
:1015B00056E0314B012283F858222F4B012283F849
:1015C00057222E4B00221A702D4B00221A602D4BF1
:1015D00000221A700AF0D4FE034664332A4A1360CC
:1015E0003FE0254B002283F85822244B00221A703A
:1015F000244B00221A70254B1B680133234A1360C9
:101600002FE01C4B00221A701B4B002283F858223B
:10161000194B002283F85722184B00221A70194BDD
:1016200000221A70194B1B680133184A136018E026
:10163000124B00221A70164B1B680133144A1360B8
:101640000AF09EFE0346134A13600D4B00221A60F7
:10165000104B1B6864330C4A136002E000BF00E0CB
:1016600000BF00BF1037BD4680BD00BFA0000020F6
:101670007623002045080020E80500209123002063
:10168000A0230020AC230020B0230020A8230020AA
:101690009C230020A423002080B584B000AF786094
:1016A0007B68002B59D00023FB600B222E49786801
:1016B00013F0FFF90346002B02D12C4BFB6040E0F6
:1016C0000B222B49786813F0F4F90346002B02D162
:1016D000284BFB6035E00A222749786813F0E9F9C6
:1016E0000346002B02D1254BFB602AE00A22244945
:1016F000786813F0DEF90346002B02D1214BFB6022
:101700001FE00C222049786813F0D3F90346002B20
:1017100002D11E4BFB6014E00B221D49786813F0C8
:10172000C8F90346002B02D11A4BFB6009E00922DD
:101730001949786813F0BDF90346002B01D1174B06
:10174000FB60FB68002B0AD01122F968144813F0E3
:10175000C2F9134B00225A7402E000BF00E000BF40
:101760001037BD4680BD00BF6C900108789001081D
:101770007C900108889001088C90010898900108DD
:101780009C900108A8900108AC900108BC90010849
:10179000C0900108CC900108D0900108DC900108AD
:1017A000B000002080B500AF42F2B82242F2B8216A
:1017B0000248FFF773FC0346184680BDE09001081D
:1017C00080B500AF144B1B78DBB2002B21D0134B3C
:1017D00093F85832DBB2002B1BD0114B1B78DBB2D5
:1017E000002B16D10F4B1B78DBB20F4A1278D1B207
:1017F0000E4A1278D2B218460AF016FA0346002BA7
:1018000007D0054B00221A70094B1B680133084AA8
:10181000136000BF80BD00BF8C230020E8050020BE
:10182000912300208D2300208E2300208F23002071
:101830008823002080B582B000AF7F4B1B780D2B32
:1018400007D07D4B1B780E2B03D07B4B1B780F2BC7
:1018500004D17A4B1A887A4B1A80C1E3774B1B88E4
:10186000FB80784B02221A60B4E3754B1B881A4642
:10187000754B9B5C7B71754B1B780C2B00F26A835C
:1018800001A252F823F000BFBD180008AD190008EE
:101890008F1B0008551F0008551F0008C51D0008B4
:1018A0000B1E0008211E00084D1E0008551F0008D1
:1018B000991E0008C11E0008171F0008644B002273
:1018C0001A70644B04221A703EE0614B1B781A4672
:1018D000614B53F822305F4A127813441B787A79AF
:1018E0009A422BD15A4B1B781A465B4B53F8223045
:1018F0001B78303B9AB2594B1A80584B1B881A46BA
:10190000920013445B009AB2544B1A80504B1B78E0
:101910001A46514B53F8223001331B781A464F4B6D
:101920001B8813449BB2303B9AB24C4B1A804B4BF2
:101930001B88013B9AB2494B1A800DE0444B1B783F
:101940000133DAB2424B1A70414B1B781A46424BB4
:1019500053F82230002BB8D13D4B1B781A463E4B32
:1019600053F82230002B09D0384B01221A70394B22
:101970001B780133DAB2374B1A70F2E2314B002296
:101980001A60374B1B7803F00103DBB2002B00F029
:10199000E8827B793E2B40F0E482314A137823F0D1
:1019A000010313702F4B00221A60DAE2284B1B78D8
:1019B0001A46294B53F82230264A127813441B78D2
:1019C0007A799A4233D1254B1B88013B9AB2234B3B
:1019D0001A80224B1B88002B03D07B790D2B40F003
:1019E000CF801B4B1B781A461B4B53F82230023317
:1019F0001B78303BDAB2154B1A70144B1B781A4621
:101A0000920013445B00DAB2104B1A70104B1B7833
:101A10001A46114B53F8223003331A780B4B1B78BC
:101A20001344DBB2303BDAB2084B1A70C5E2084B04
:101A300000221A7088E000BFE40200201405002094
:101A400016050020F0020020940300208E030020E1
:101A50002C0500202D0500201C9801089003002073
:101A6000E8020020F4020020A64B1B781A46A64B81
:101A700053F822301B78303B9AB2A44B1A80A34B08
:101A80001B881A46920013445B009AB29F4B1A803F
:101A90009C4B1B781A469C4B53F8223001331B7821
:101AA0001A469A4B1B8813449BB2303B9AB2974B11
:101AB0001A80964B1B88964A12789B1A9BB2033366
:101AC0009AB2924B1A80914B1B887F2B36D88D4B44
:101AD0001B781A468C4B53F822308D4A12781344E7
:101AE0001B787A799A4229D1884B1B88002B34D1F4
:101AF000844B1B781A46844B53F8223002331B78F0
:101B0000303BDAB2834B1A70824B1B781A46920034
:101B100013445B00DAB27F4B1A707A4B1B781A467B
:101B2000794B53F8223003331A787A4B1B781344DD
:101B3000DBB2303BDAB2774B1A700EE0714B1B7898
:101B40000133DAB26F4B1A706E4B1B781A466E4B2C
:101B500053F82230002B87D100E000BF694B1B787F
:101B60001A46694B53F82230002B09D1694B0022E9
:101B70001A70694B1B88013B9AB2674B1A801CE2B2
:101B8000634B1B780133DAB2614B1A7015E27B7933
:101B90000A2B40F0E8815F4B00221A70594B1B78EA
:101BA000122B00F2E08101A252F823F0A51D0008DB
:101BB000A51D0008F91B0008151C0008431C00089F
:101BC000A51D0008791C0008791C0008AF1C00083E
:101BD000BB1C0008D71C0008351D0008671F000843
:101BE000411D0008671F0008571D0008A51D0008BB
:101BF000A51D0008731D0008484B1B78022B40F000
:101C0000D380474B00221A60464A137843F02003E2
:101C10001370C9E0434B1B7803F00803DBB2002BC1
:101C200000F0C4803F4A137823F0080313703D4A44
:101C3000137823F0400313703B4B1A883B4B1A80F8
:101C4000B4E0374B00221A60344B1B78062B04D1CA
:101C5000344A137843F020031370324A137843F068
:101C600002031370324B1B68002B00F0A180304B35
:101C70001B68032098479BE02A4A137823F040030F
:101C80001370284A137823F002031370284B1B6843
:101C9000002B03D0264B1B68002098471F4B1B7856
:101CA000062B00F087801D4B0F221A7089E01D4A19
:101CB000137823F04003137083E01A4A137823F05B
:101CC000080313701A4B1B68002B75D0184B1B6848
:101CD0000A20984770E0124B00221A60114A1378CC
:101CE00043F0200313700F4A137843F0400313703E
:101CF0000F4B1B68002B61D00D4B1B6807209847CA
:101D00005CE000BF2C0500201C9801089003002017
:101D10002D0500208E03002016050020E40200207F
:101D2000EC020020E80200201A050020180500201F
:101D3000F8020020904A137823F04003137040E02B
:101D40008D4A137823F0400313708B4A137823F0E5
:101D50000203137035E0884A137823F040031370B0
:101D6000854A137823F002031370844B0F221A70F4
:101D700027E0834B1B68002B0CD0804B1B78062B75
:101D800004D17F4B1B687F48984703E07C4B1B685E
:101D90007D489847794B1B78062B11D17B4B00224D
:101DA0001A600DE000BFDEE000BFDCE000BFDAE05B
:101DB00000BFD8E000BFD6E000BFD4E000BFD2E053
:101DC00000BFD0E07B792C2B0CD1714B06221A700E
:101DD0006B4B1B68002B00F0C880694B1B686D487B
:101DE0009847C2E06A4B00221A706B4B1B88013B7C
:101DF0009AB2694B1A80624B1B68002B00F0B580C9
:101E00005F4B1B6865489847AFE07B79222B40F019
:101E1000AE805F4B07221A70614B00221A80A6E049
:101E20007B79222B03D05E4B1B88102B03D1584BA0
:101E300008221A70C1E05A4B1B885A1C91B2584AAA
:101E400011801946574A7B795354B6E07B790A2BA7
:101E500040F08F804E4B00221A70514B1B880F2B85
:101E60000ED84F4B1B881A464E4B00219954424ABC
:101E7000137843F020031370444B00221A6002E0F1
:101E8000484B00221A70484B1B68002B71D0464B00
:101E90001B68042098476CE07B792C2B06D13C4BC7
:101EA0000B221A703E4B00221A8086E0384B00222B
:101EB0001A70394B1B88013B9AB2374B1A807CE071
:101EC0007B793A2B03D1324B0C221A7075E07B7967
:101ED0002F2B02D97B79392B09D92D4B00221A706F
:101EE0002D4B1B88013B9AB22B4B1A8065E02C4B83
:101EF0001B881A46920013445B009AB2284B1A8042
:101F00007B799AB2264B1B8813449BB2303B9AB222
:101F1000234B1A8051E0254B9B68002B04D0234BA8
:101F20009B687A79104698471D4B1B88013B9AB2F3
:101F30001B4B1A801A4B1B88002B3DD1144B0022DF
:101F40001A700F4B1B68002B36D00D4B1B681848BE
:101F5000984731E00E4B00221A70164B00221A608F
:101F60002BE000BF29E000BF27E000BF25E000BF55
:101F700023E000BF21E000BFE8020020E4020020CF
:101F8000FC020020F0900108FC900108EC02002007
:101F90008E030020089101081605002020910108F9
:101FA0009003002078030020F80200202005002084
:101FB00034910108F002002000BF0B4B1B88013355
:101FC0009AB2094B1A80084B1B88802B02D1064B12
:101FD00000221A80044B1B88FA889A427FF445AC91
:101FE0000837BD4680BD00BF1605002080B500AF94
:101FF000A04B64221A60A04B1B780F2B00F2F481D7
:1020000001A252F823F000BF49200008A7200008D1
:10201000F920000817210008352100085321000885
:10202000D92100080D2200083B220008CD2200081B
:10203000F522000891230008AF2300085120000872
:1020400071200008992000088A4B00221A60CBE119
:102050008A4B1B6800209847894B1B68002B03D0D4
:10206000874B1B6887489847834B0E221A70BBE149
:10207000824B1B6801209847814B1B68002B03D0C3
:102080007F4B1B68804898477B4B0F221A70794B17
:102090004FF4FA721A60A7E1774B01221A707B4B5A
:1020A00000221A70A0E1794B1B78002B0DD0774BE2
:1020B0001B78013BDAB2754B1A70744B1B78002BFE
:1020C00006D16D4B0D221A708EE1704B04221A70EE
:1020D0006F4A137823F0200313706E4800F01AFA49
:1020E000674B1B68002B03D0654B1B686A489847F9
:1020F000614B02221A7077E1654B1B7803F02003D5
:10210000DBB2002B03D05C4B03221A706CE15A4BFC
:1021100001221A7068E1614800F0FCF9584B1B6815
:10212000002B03D0564B1B685D489847524B042246
:102130001A7059E15B4800F0EDF9514B1B68002B18
:1021400003D04F4B1B68584898474B4B05221A70D9
:102150004AE14F4B1B7803F00203DBB2002B03D0A4
:10216000454B07221A703FE1504B1B78002B00F0C3
:1021700038814F4800F0CEF9222000F0FBF94B489F
:1021800000F0C8F9222000F0F5F92C2000F0F2F957
:10219000222000F0EFF9474800F0BCF9222000F0BF
:1021A000E9F90D2000F0E6F90A2000F0E3F9344BDC
:1021B0001B68002B03D0324B1B683F489847344ABA
:1021C000137823F0200313702B4B06221A70294B2F
:1021D00041F288321A6007E12D4B1B7803F020038F
:1021E000DBB2002B06D0244B07221A70274B0422A7
:1021F0001A70F9E0224B1B68002B03D0204B1B68A0
:102200002E4898471C4B01221A70EDE02C4B0022FF
:102210001A702C4800F07EF9194B1B68002B03D074
:10222000174B1B6828489847194A137823F0200356
:102230001370114B08221A70D6E0154B1B7803F06F
:102240002003DBB2002B03D00B4B09221A70CBE02A
:102250000E4B1B78013BDAB20C4B1A700B4B1B7800
:10226000002B03D1044B01221A70BDE0024B072260
:102270001A70B9E0EC020020E402002020050020E2
:10228000FC02002048910108609101081C05002013
:10229000E80200208C96010878910108A4960108B4
:1022A00088910108949601089C9101080003002080
:1022B000B496010840030020B0910108F090010895
:1022C00078030020C0960108C4910108474B1B7891
:1022D000002B00F08880464800F01CF9454B1B6835
:1022E000002B03D0434B1B6843489847434B0A22BB
:1022F0001A7079E0424800F00DF9222000F03AF916
:10230000404800F007F9222000F034F92C2000F0BA
:1023100031F9222000F02EF9344800F0FBF8222099
:1023200000F028F92C2000F025F9374800F0F2F8E9
:10233000344B1B78552B0BD12C2000F01BF9334864
:1023400000F0E8F82C2000F015F9302000F012F928
:102350000D2000F00FF90A2000F00CF9254B1B6846
:10236000002B03D0234B1B6829489847294A137830
:1023700023F020031370274A137823F040031370CF
:102380001E4B0B221A70244B41F288321A602BE04C
:10239000204B1B7803F02003DBB2002B03D0174B3C
:1023A0000C221A7020E0154B01221A701CE0194B08
:1023B0001B7803F00203DBB2002B03D10F4B012289
:1023C0001A7011E0134B1B7803F04003DBB2002BB3
:1023D00003D10A4B09221A7006E00F4B00221A6043
:1023E00002E000BF00E000BF00BF80BD600300202E
:1023F000DC960108FC020020D8910108E4020020CC
:10240000CC96010800000020700300208803002003
:10241000F0910108E8020020EC02002080B582B0B3
:1024200000AF344B1B7803F00103DBB2002B13D059
:10243000314B1B68002B59D1304B1A88304B1A8016
:102440002C4A137823F0010313702E4B01221A70CB
:102450002D4B0A221A6049E0294B1A88274B1B880A
:102460009A4244D0264B1B881A46284B9B5CFB7132
:10247000204B1B7803F00403DBB2002B04D0FB7964
:102480003E2B01D10A23FB71214B5B68FA79104680
:1024900098470346002B2AD0164B1B7803F0040301
:1024A000DBB2002B13D0164B1B881A46174B9B5CD4
:1024B0003E2B0CD10F4A137823F0040313700D4AFE
:1024C000137843F0010313700B4B05221A600C4B79
:1024D0001B8801339AB20A4B1A80094B1B88B3F54B
:1024E000807F04D1064B00221A8000E000BF08372D
:1024F000BD4680BDE8020020F40200201A0500203D
:1025000018050020E4020020EC0200201404002042
:102510002005002080B485B000AF78600023FB6008
:1025200017E0FB687A681A44104B1B88591C88B264
:102530000E490880194612780D4B5A540B4B1B88D4
:10254000B3F5807F02D1094B00221A80FB6801336A
:10255000FB60FB687A6813441B78002BE1D100BF55
:1025600000BF1437BD465DF8047B70471A05002094
:102570001404002080B483B000AF0346FB710C4B01
:102580001B885A1C91B20A4A11801946094AFB79E4
:102590005354074B1B88B3F5807F02D1044B0022B4
:1025A0001A8000BF0C37BD465DF8047B704700BF42
:1025B0001A0500201404002080B586B000AF3B1D32
:1025C00000221A605A609A60DA601A6100233B6048
:1025D0000D4B1B6B0C4A43F0010313630A4B1B6B3F
:1025E00003F001033B603B6801237B600023BB6079
:1025F0000123FB603B1D194604480BF025F900BF81
:102600001837BD4680BD00BF0038024000000240C0
:1026100080B584B000AF09F0B3FEF860854B1B783D
:10262000002B07D1FFF7C8FF834AFB681360814B7B
:1026300001221A70012181480BF08AFA0346FB72CD
:10264000FB7A002B01D1012200E000227C4B1A70A2
:102650007C4B1B78002B01D1012200E000227A4B39
:102660001A707A4B1A787A4B1A707A4B1A787A4B1E
:102670001A70754B1B78DBB2002B04D0774B1B68AC
:10268000FA68D31A00E00023754A13606F4B1B7879
:10269000002B12D06B4B1B78002B0ED0714B1B689C
:1026A000FA68D31AB3F5FA7F07D3684B00221A7081
:1026B000674B00221A7000F0D9F86B4B1B78FA7A3E
:1026C0009A4206D0684AFB7A13705B4AFB68136033
:1026D000ADE0594B1B68FA68D31A312B40F2A48045
:1026E000584B1B78FA7A9A4235D1564B1B78002BFF
:1026F00001D1012200E00022534B1A70524B1B788B
:10270000DBB2002B04D0554B1B68FA68D31A00E0EB
:102710000023534A13604B4B1B78002B40F08680FC
:102720004C4B1B78002B40F081804C4B1B68FA68A7
:10273000D31AB3F57A7F79D3444B00221A70454BF4
:1027400001221A70424B00221A70434B01221A7068
:1027500000F018F96AE03B4AFB7A1370394B1B789A
:10276000002B01D1012200E00022374B1A70354BBB
:102770001B78002B0CD1394AFB681360354B0022C3
:102780001A70374B00221A60334B00221A704EE049
:10279000324B1B68FA68D31A7B60314B00221A60F7
:1027A0002C4B1B78002B12D17B68B3F57A7F0ED3AC
:1027B000264B00221A70274B01221A70244B00224C
:1027C0001A70254B01221A7000F0DCF82FE0214B23
:1027D0001B78002B21D17B68B3F57A7F1DD21B4B70
:1027E0001B78002B0FD01F4B1B68FA68D31AB3F568
:1027F000FA7F08D2154B00221A70154B00221A706E
:1028000000F082F813E0114B01221A70154AFB68A0
:1028100013600F4B01221A7009E00C4B00221A7052
:102820000B4B00221A7002E000BF00E000BF10371F
:10283000BD4680BD3C050020400500200000024050
:102840002F050020040000202E0500204405002054
:1028500030050020450500203105002048050020F6
:10286000340500204C0500200500002080B500AF95
:102870001C4B01221A7009F083FD03461A4A1360AB
:102880001A4B1B78DBB2002B08D001F037FF184B36
:1028900003221A70174B02221A701FE0144B1B7888
:1028A000DBB2002B17D101F021FB134B00221A7071
:1028B000124B4FF000021A60114B00221A80114B8C
:1028C00000221A800A4B00221A7001F037FE094BD1
:1028D00001221A7002E0074B00221A7002F058FE23
:1028E00000BF80BD3205002038050020A82200204E
:1028F0004408002033050020480800201023002051
:10290000142300201623002080B500AF184B0222AC
:102910001A7009F035FD0346164A1360164B1B78F2
:10292000DBB2002B05D0154B00221A7002F030FEEE
:102930001DE0134B1B78DBB2072B09D0104B1B7823
:10294000DBB2012B0BD90E4B1B78DBB2082B06D860
:102950000B4B01221A70094B03221A7005E0084B39
:1029600003221A70054B04221A7002F011FE80BD7A
:102970003205002038050020A82200203305002061
:102980004408002080B500AF104B03221A7009F0F4
:10299000F7FC03460E4A13600E4B1B78DBB2002B8C
:1029A0000CBF01230023DBB2184600F0AFF9094B3E
:1029B0001B78DBB2002B01D0052200E00622064B7B
:1029C0001A7002F0E5FD00BF80BD00BF3205002097
:1029D00038050020460800203305002080B400AFF1
:1029E0000E4B00221A800E4B4FF000021A600D4B66
:1029F00001221A700C4B00221A700C4B00221A7024
:102A00000B4B4FF000021A600A4B4FF000021A60A5
:102A100000BFBD465DF8047B704700BF1623002051
:102A2000D005002034000020D4050020D50500206A
:102A3000D80500207022002080B483B000AF87ED5D
:102A4000010AC7ED000AD7ED007AF5EEC07AF1EE83
:102A500010FA02D8D7ED017A1DE097ED017AD7ED93
:102A6000007AB4EEE77AF1EE10FA02DDD7ED007AE3
:102A700011E0D7ED007AF1EE677A97ED017AB4EEC6
:102A8000E77AF1EE10FA04D5D7ED007AF1EE677A25
:102A900001E0D7ED017AB0EE670A0C37BD465DF86C
:102AA000047B704780B483B000AF0F4B1B687B6022
:102AB0000E4B1B78DBB2022B0CD10D4BD3ED007A01
:102AC000B6EE007A67EE877A97ED017A77EE277A8D
:102AD000C7ED017A7B6807EE903AB0EE670A0C37D3
:102AE000BD465DF8047B7047800000205205002041
:102AF0007400002080B582B000AF87ED010AC7EDF9
:102B0000000AD7ED007AF5EEC07AF1EE10FA05D59D
:102B1000D7ED007AF1EE677AC7ED007AD7ED000ABB
:102B200097ED010AFFF788FFF0EE407AFDEEE77AB5
:102B300017EE903A1BB218460837BD4680BD00001C
:102B400080B584B000AF03460A46FB801346BB80C5
:102B5000274B1B78DBB2002B07D1B7F904305B425F
:102B600007EE903AF8EEE77A05E0B7F9043007EEA1
:102B7000903AF8EEE77AC7ED037AB7F9063007EE38
:102B8000903AB8EEE77AD7ED037A77EE277ADFED61
:102B9000190AB0EE670AFFF7ADFF03467B81B7F96C
:102BA000063007EE903AF8EEE77ADFED120AB0EE63
:102BB000670AFFF79FFF03463B810D4B1B78DBB293
:102BC000002B08D1B7F90820B7F90A30114618468A
:102BD00005F0D4FC07E0B7F90A20B7F90830114630
:102BE000184605F0CBFC00BF1037BD4680BD00BFC6
:102BF0005305002000F0604580B400AF2B4B4FF030
:102C000000021A602A4B4FF000021A60294B4FF065
:102C100000021A60284B4FF000021A60274B4FF059
:102C200000021A60264B4FF000021A60254B4FF04D
:102C300000021A60244B4FF000021A60234B00225E
:102C40001A60234B00221A70224B4FF000021A60C8
:102C5000214B00221A70214B4FF000021A60204BCA
:102C60004FF000021A601F4B00221A701E4B002208
:102C70001A701E4B00221A701D4B00221A701D4B39
:102C800000221A701C4B00221A801C4B00221A8052
:102C90001B4B00221A801B4B00221A801A4B002269
:102CA0001A7000BFBD465DF8047B704764220020A7
:102CB00068220020482300204C23002050230020BD
:102CC00054230020BC230020C0230020C005002086
:102CD000C4050020C8050020CD050020B405002053
:102CE000B8050020BC050020BD050020BF05002060
:102CF000CC050020BE0500207405002076050020CC
:102D0000780500207A0500207D05002080B582B07E
:102D100000AF0346FB71FB79002B01D0012300E0DB
:102D20000023FB71124B1B78DBB2FA799A4201D077
:102D3000FFF762FF0E4AFB791370FB79002B12D16B
:102D40000C4B1B78DBB2002B02D0032001F05EF8A5
:102D5000094B4FF000021A60084B00221A80002134
:102D6000002005F00BFC00BF0837BD4680BD00BF4A
:102D700046080020500500201023002014230020C6
:102D800080B58EB000AFA44B1B68BB62A34B1B6821
:102D90007B6300237B8609F0F3FA7862002387F8CF
:102DA0003130002387F830309D4B1B881BB29AB21C
:102DB0009C4B1A809C4B1B881BB29AB29B4B1A806F
:102DC0009B4B1B881BB29AB29A4B1A809A4B1B786A
:102DD000DBB2002B07D1FFF70FFF0021002005F029
:102DE000CDFB00F043BC954BD3ED007A9FED947A78
:102DF000F4EEC77AF1EE10FA09DC904BD3ED007ACD
:102E00009FED907AF4EEC77AF1EE10FA0CD58E4B66
:102E10001B78DBB2002B02D0062000F0F7FF002069
:102E2000FFF774FF00F022BC884B1B78DBB2013B3C
:102E3000082B00F2968001A252F823F0612E0008C0
:102E4000F32E0008F32E0008F32E0008312F00089F
:102E50004B2F0008CB2E0008312F0008312F00081F
:102E60007B4B1B887B867B4B1B78DBB2002B22D0F5
:102E7000794BD3ED007AF5EE407AF1EE10FA1AD0E4
:102E8000764B93ED007A744BD3ED007A67EE277A98
:102E9000B7F93200724B734A796AB0EE670A01F0F3
:102EA0005FFDB0EE407A5D4BD3ED007A77EE277A86
:102EB000C7ED0D7A67E06B4B00221A60684B012268
:102EC0001A70564B1B687B635DE0664B00221A60EC
:102ED000634B01221A70514B93ED007A624BD3ED94
:102EE000007A77EE277AC7ED0D7A604B1B887B86D8
:102EF00049E05C4B00221A60594B01221A705C4B6E
:102F00001B887B86554BD3ED007AB7F93200594BBD
:102F1000594A796AB0EE670A01F022FDB0EE407AB4
:102F20003E4BD3ED007A77EE277AC7ED0D7A2AE093
:102F30004C4B00221A604A4B01221A70374B1B6817
:102F40007B634B4B1B887B861DE0464B00221A603F
:102F5000434B01221A70314B1B687B6300237B8635
:102F600011E0404B00221A603D4B01221A70424B87
:102F700000221A603F4B01221A70284B1B687B63AA
:102F800000237B8600BF304B1B78DBB2002B18D0B0
:102F90003A4B1B78DBB2032B06D0FFF783FDF0EE34
:102FA000407A374BC3ED007A1C4B93ED007A344BDB
:102FB000D3ED007A77EE277AC7ED0D7A314B1B8877
:102FC0007B86314B1B78DBB2002B75D12F4B002257
:102FD0001A602F4B00221A702E4B4FF000021A601D
:102FE0002D4B00221A702D4B4FF000021A602C4B13
:102FF00000221A702B4B00221A702B4B00221A70E1
:103000002A4B00221A702A4B00221A70294B4FF0CB
:1030100000021A605FE000BF20230020580000205B
:103020006C230020182300206E2300201A23002088
:10303000702300201C23002046080020AC22002022
:1030400000008242000082C2500500204408002097
:1030500014230020480800201023002074000020C2
:1030600035000020DC050020982700209C27002048
:103070001623002036000020E00500205105002026
:103080005405002058050020AD050020C005002093
:10309000C4050020C8050020CD050020B40500208F
:1030A000BC050020BD050020BF050020CC05002088
:1030B000BE050020B8050020AA4B1B881BB21A468B
:1030C000A94B1B681344A84A1360A84B1B78013313
:1030D000DAB2A64B1A70A64B1B78DBB2002B00F0BD
:1030E0008481A24B1B78092B40F27F819E4B1B6889
:1030F00007EE903AB8EEE77AF2EE046AC7EE267A67
:10310000C7ED087A9B4B1B78002B07D09A4BD3ED69
:10311000007A97ED087A77EE677A01E0DFED977A2B
:10312000C7ED077AD7ED077AF0EEE77AC7ED067AB2
:10313000D7ED087A9FED927A77EEC77AF0EEE77ACC
:10314000C7ED057AD7ED077AF5EEC07AF1EE10FA01
:1031500001DD01230AE0D7ED077AF5EEC07AF1EE42
:1031600010FA02D54FF0FF3300E00023FB74D7EDD7
:10317000087A9FED837AF4EEC77AF1EE10FA01DD5A
:10318000012301E04FF0FF33BB747E4BD3ED007A97
:10319000FCEEE77AC7ED017A3B797B747A4BD3ED8D
:1031A000007AFCEEE77AC7ED017A3B793B74774B06
:1031B000D3ED007AFCEEE77AC7ED017A3B79FB7339
:1031C000734A3B6A1360734AFB691360664B0022C3
:1031D0001A60664B00221A70664B1B78002B2ED0AB
:1031E0006D4BD3ED007AF5EEC07AF1EE10FA26DDE4
:1031F000694BD3ED007A97ED067AB4EEE77AF1EEFB
:1032000010FA1CDB97F91330002B18D0634B93F99D
:103210000030002B06D0614B93F9003097F9132052
:103220009A420CD15E4B1B78DBB2FF2B13D05C4B68
:103230001B78DBB20133DAB2594B1A700BE0584BF2
:103240001B78DBB2002B06D0554B1B78DBB2013B61
:10325000DAB2534B1A7097F91330002B02D04F4A51
:10326000FB7C13704F4BD3ED007AF5EEC07AF1EE94
:1032700010FA16DD4B4BD3ED007A97ED057AB4EEDC
:10328000E77AF1EE10FA0CDB474B1B78DBB2FF2B31
:1032900013D0454B1B78DBB20133DAB2424B1A70C4
:1032A0000BE0414B1B78DBB2002B06D03E4B1B786A
:1032B000DBB2013BDAB23C4B1A707B7C002B17D09F
:1032C000374B1B78DBB27A7C9A4211D8012387F8FE
:1032D000313097F91330002B02D097F9133001E009
:1032E00097F9123087F83030304B01221A7011E014
:1032F0003B7C002B0ED02C4B1B78DBB23A7C9A42E5
:1033000008D8012387F83130BB7C87F83030274B51
:1033100002221A7097F83130002B4DD11D4BD3ED9E
:10332000007AB0EEE77A1C4BD3ED007AB4EEE77A80
:10333000F1EE10FA40D51E4BD3ED007A97ED057AE9
:10334000B4EEE77AF1EE10FA36D51A4B1B78DBB201
:10335000FF2B34D0174B1B78DBB20133DAB2154B9D
:103360001A702CE06C230020C0050020C40500204A
:10337000AD050020CD050020C8050020000000009C
:10338000008009441C0000202000002030000020A4
:10339000B0050020B405002014000020CC0500205A
:1033A000BC05002018000020BD050020BE0500203F
:1033B0002C000020BF050020AE4B00221A70FB7BC2
:1033C000002B0CD0AB4B1B78DBB2FA7B9A4206D8B1
:1033D000A94B4FF000021A60A64B00221A70A74AB0
:1033E0003B6A1360A64B01221A7097F83130002B0C
:1033F00042D097F93030002B3ED0A24BD3ED007A6B
:10340000F0EEE77AC7ED0B7AD7ED0B7A9FED9E7A57
:10341000F4EEC77AF1EE10FA01DD9C4BFB62D7EDBA
:103420000B7AF5EEC07AF1EE10FA21DD97F9303023
:1034300007EE903AB8EEE77A954BD3ED007A27EE97
:10344000277A8D4BD3ED007A77EE277A8A4BC3ED3E
:10345000007A894BD3ED007AD7ED0B0AB0EE670AFC
:10346000FFF7EAFAF0EE407A834BC3ED007A03E00F
:10347000814B4FF000021A607F4BD3ED007A97ED3D
:103480000D7A77EE677AC7ED0D7A824B93ED007A6D
:10349000D7ED0D7A77EE677A7F4BC3ED007A7E4BDE
:1034A000D3ED007A9FED7D7A27EE877A7C4BD3EDC2
:1034B000007A77EE277A7A4BC3ED007A784B93ED5A
:1034C000007A784BD3ED007AB4EEE77AF1EE10FA99
:1034D00004DD744B1B68724A136014E0714BD3ED2A
:1034E000007AB1EE677A6E4BD3ED007AB4EEE77AEC
:1034F000F1EE10FA07DD6B4BD3ED007AF1EE677A4F
:10350000674BC3ED007A684B93ED007A624BD3EDC5
:10351000007A67EE277A654BC3ED007A644B93ED32
:10352000007A5F4BD3ED007A67EE277A614BC3EDEB
:10353000007A614B93ED007AD7ED0A7A67EE277A2D
:103540005E4BC3ED007A594B93ED007A594BD3EDA6
:10355000007A37EE277A594BD3ED007A77EE277A47
:10356000574BC3ED007A564B1B68564A13604A4BC3
:103570001B68554A1360554B1B78DBB2002B15D0E6
:10358000534B1B78DBB2012B10D14D4BD3ED007A9E
:10359000FDEEE77A17EE903ABB81B7F93220B7F922
:1035A0000C3011461846FFF7CBFA5FE0474B1B780B
:1035B000DBB2002B3DD0464B1B78DBB2022B38D15F
:1035C0003F4BD3ED007AFDEEE77A17EE903A7B8120
:1035D000B7F9323007EE903AB8EEE77A3D4BD3EDCB
:1035E000007A67EE277AFDEEE77A17EE903A3B8194
:1035F000394B1B78DBB2002B0DD17A897B8ED31A25
:103600009BB218B27A893B8913449BB21BB219460C
:1036100004F0B4FF2AE07A893B89D31A9BB218B22E
:103620007A897B8E13449BB21BB2194604F0A6FF25
:103630001CE0234BD3ED007AFDEEE77A17EE903ACB
:103640001BB29AB27B8ED31A9BB218B21C4BD3ED2D
:10365000007AFDEEE77A17EE903A1BB29AB27B8EB3
:1036600013449BB21BB2194604F088FF3837BD469D
:1036700080BD00BFBF050020B8050020C8050020A0
:10368000CD050020280000200000C8420000C842EC
:1036900024000020AC220020C02300200AD7233CB5
:1036A000642200205400002048000020482300200D
:1036B0004C0000204C23002050000020502300200C
:1036C00054230020BC230020682200205005002045
:1036D00052050020940500205305002080B582B0DB
:1036E00000AF4FF000037B60A24B1B78DBB2092BCD
:1036F00036D1A14B00221A70A04BA14A1A60A14BEF
:103700004FF63E621A80A04B9B899BB240F6543222
:10371000934211D89C4B1B899BB240F65432934282
:103720000AD89A4B1B78042B09D8984B1B78013385
:10373000DAB2964B1A7002E0944B00221A70944B46
:103740001B78DBB2002B00F01081904B1B78042B10
:1037500040F20B81FFF742F9012006F0D5F904E1B0
:10376000844B1B78DBB2012B13D9824B1B78DBB265
:10377000092B0ED87F4B1B78DBB2022B09D07D4B77
:103780001B78DBB2072B04D0824B1B78DBB2002BFB
:1037900002D0FFF723F9E9E07B4B5B899BB240F64F
:1037A000C31293420AD8744B1B78042B09D8724B6E
:1037B0001B780133DAB2704B1A7002E06E4B0022B4
:1037C0001A70734B1B78DBB2002B10D06A4B1B783E
:1037D000042B0CD9FFF702F9684B694A1A60694B50
:1037E0004FF63E621A80634B09221A70BEE06A4BA4
:1037F0001B78DBB2002B0ED1674B5B78DBB2002B62
:1038000009D1654B9B78DBB2002B04D1624BDB788E
:10381000DBB2002B29D0614BD3ED007A9FED607AAB
:10382000F4EEC77AF1EE10FA03DD5E4B01221A7056
:103830000CE05A4BD3ED007A9FED5B7AF4EEC77A39
:10384000F1EE10FA02D5574BFF221A70534BD3ED0D
:10385000007AB0EE670A00F0ADF8034607EE903A42
:10386000F8EEE77AC7ED017A0DE04E4B93F90030A0
:103870001A464FF42F7302FB03F307EE903AF8EE6B
:10388000E77AC7ED017AD7ED017AF1EE677AC7EDF5
:10389000017A3A4BD3ED007A97ED017A77EE677AA9
:1038A000C7ED007A414BD3ED007A97ED007AB4EE84
:1038B000E77AF1EE10FA03DD3C4B1B683B6012E047
:1038C0003A4BD3ED007AF1EE677A97ED007AB4EED9
:1038D000E77AF1EE10FA06D5344BD3ED007AF1EE2B
:1038E000677AC7ED007A254B93ED007AD7ED007A21
:1038F00077EE277A214BC3ED007A2D4BD3ED007A7A
:10390000F5EEC07AF1EE10FA24DD1C4B93ED007A4F
:10391000274BD3ED007AB4EEE77AF1EE10FA04DD2E
:10392000234B1B68154A136014E0214BD3ED007A3A
:10393000B1EE677A114BD3ED007AB4EEE77AF1EE8F
:1039400010FA07DD1A4BD3ED007AF1EE677A0B4BD4
:10395000C3ED007A094BD3ED007AFDEEE77A17EE5E
:10396000903A1AB2074B1A8000E000BF0837BD46F4
:1039700080BD00BF44080020D4050020D0050020F1
:103980000000E1C316230020E8220020D505002016
:103990009E000020A82200207C2200207822002007
:1039A000CDCC4C3D34000020CDCC4CBD7C00002063
:1039B0007000002080B485B000AF87ED010A214B74
:1039C00093ED007A204BD3ED007A27EE277A1D4B3A
:1039D000D3ED007AF7EE006A76EEE76AD7ED017A6A
:1039E00066EEA77A77EE277A174BC3ED007A174B6E
:1039F00093ED007A144BD3ED007A67EE277AC7ED8A
:103A0000037A134BD3ED007AB1EE677A114BD3ED05
:103A1000007A67EE277AC7ED027A0B4B1B680E4AD5
:103A2000136097ED037AD7ED027A77EE277AFDEEF1
:103A3000E77A17EE903A1BB218461437BD465DF888
:103A4000047B704778000020D80500206C0000201F
:103A50006C220020242300207022002080B584B036
:103A600000AF87ED010A0346FB700B46BB7013469F
:103A70007B70D7ED017AF0EEE77AC7ED037A08F0B4
:103A80007FFCB860D7ED037AB7EE007AF4EEC77A20
:103A9000F1EE10FA08D4D7ED037A9FED617AF4EED7
:103AA000C77AF1EE10FA01DD0123B5E0FB78022BB5
:103AB00002D8BB78012B01D90123ADE0FB78022BA2
:103AC00004D17B78642B01D90123A5E0554B1B78E9
:103AD000DBB2002B14D0FB78022B09D0524B1B78A1
:103AE000DBB2012B04D0504B1B78DBB2072B07D184
:103AF000FB78022B06D14C4B1B78DBB2002B01D19B
:103B0000032389E0484B1B78DBB2072B0BD0474BD4
:103B10001B68002B05D0454B1B68BA68D31A642B71
:103B200001D9042378E0424A7B681360414B4FF08F
:103B300000021A60404B4FF000021A603F4ABB6817
:103B400013603F4AFB7813703E4ABB7813707B7852
:103B500007EE903AB8EE677ADFED3B6AC7EE267A59
:103B60003A4BC3ED007AFEF79DFFF0EE407A384BFA
:103B7000C3ED007A374B00221A80374A7B68136006
:103B8000364B4FF000021A60354A7B681360354BA4
:103B90004FF000021A60344B4FF000021A60334BB2
:103BA0001B68334A1360334B00221A70324B0022D9
:103BB0001A80324B00221A80314B00221A80314B7E
:103BC00000221A80304B00221A70304B00221A70EB
:103BD0002F4B1A882F4B1A802D4B1B88002B03D09C
:103BE0002D4B01221A7009E02B4B02221A702B4B2D
:103BF0001B682B4A13602B4ABB6813602A4B0122B7
:103C00001A702A4B00221A70294B4FF000021A60DA
:103C1000284B00221A80002318461037BD4680BD6D
:103C20000000B44346080020440800202823002058
:103C3000880500208C05002090050020A4050020A8
:103C400052050020530500200000C84294050020C2
:103C500054050020580500205C0500206005002068
:103C600064050020680500206C050020700000201D
:103C7000700500207C0500207405002076050020DA
:103C8000780500207A0500207D0500207E050020B3
:103C9000840000208005002051050020B42200206F
:103CA00084050020A00500205005002048080020C1
:103CB000102300201423002080B582B000AF87EDD0
:103CC000010A03460A46FB701346BB70B978FB78BD
:103CD0000022184697ED010AFFF7C0FE034618467A
:103CE0000837BD4680BD80B582B000AF87ED010AC0
:103CF00003460A46FB701346BB70BA78FB78194638
:103D0000022097ED010AFFF7A9FE0346184608377F
:103D1000BD4680BD90B484B000AF87ED030A044671
:103D200008461146C7ED010A1A462346FB720346B0
:103D3000BB720B467B7213467B80104AFB7A137072
:103D40000F4ABB7A13700F4A7B7A1370D7ED037A50
:103D5000F5EEC07AF1EE10FA02D54FF0FF3200E036
:103D60000122094B1A70094A7B681360084A7B8854
:103D7000138000BF1037BD4690BC7047060000207E
:103D800007000020AC050020080000200C000020E7
:103D90001000002080B584B000AF87ED010AD7ED98
:103DA000017AB0EEE77A114B93F9003007EE903AC2
:103DB000F8EEE77A67EE277AC7ED037A0C4B1B68BB
:103DC0000C4A13600C4B1A880C4B1A800C4B1B7856
:103DD0000C4A11780C4A1278184697ED030AFFF73F
:103DE0003DFE034618461037BD4680BD0800002042
:103DF0000C00002080000020100000208400002023
:103E00000600002007000020AC05002080B483B02D
:103E100000AF0346FB71234AFB791370224B00224B
:103E20001A70224B00221A70214B4FF000021A60C8
:103E3000204B00221A80204B4FF000021A601F4BCB
:103E40004FF000021A601E4B4FF000021A601D4B2B
:103E50004FF000021A601C4B4FF000021A601B4B1F
:103E600000221A601A4B4FF000021A60194B4FF0F3
:103E700000021A60184B00221A80184B4FF0000203
:103E80001A60174B4FF000021A60164B4FF00002F9
:103E90001A60154B00221A8000BF0C37BD465DF832
:103EA000047B70477E05002050050020510500204E
:103EB0005405002058050020900500208C050020A6
:103EC00094050020980500209C050020A8050020EE
:103ED000680500206C050020800500206422002079
:103EE0004C230020102300201423002080B500AFB5
:103EF0000720FFF78BFF00BF80BD000080B58CB0AE
:103F000000AF8F4B1B78DBB2002B00F0FC8108F078
:103F100037FAF8628B4B1B78DBB2002B18D08A4B38
:103F20001B78DBB2022B09D0884B1B78DBB2012B4C
:103F300004D0864B1B78DBB2072B09D1824B1B7850
:103F4000DBB2022B10D1814B1B78DBB2002B0BD1E3
:103F50007C4B1B78DBB2002B01D1032300E0042350
:103F60001846FFF753FFCFE1784B1B78DBB2072BE6
:103F700010D0774B1B68002B05D0754B1B68FA6A75
:103F8000D31A642B06D90520FFF740FF0020FEF767
:103F9000BDFEB9E16F4B1B78DBB2012B36D16E4B06
:103FA0001B68FA6AD31ABB62FEF77CFDF0EE407A1A
:103FB0006A4BC3ED007A6A4B00221A80694B4FF0BE
:103FC00000021A60684B4FF000021A60674B1B88B2
:103FD0001A46BB6A934208D2644B1A88BB6A9BB2EA
:103FE000D31A9AB2624B1A808EE1614B00221A807A
:103FF000584B02221A705F4B1B685F4A13605F4A7E
:10400000FB6A13605E4B4FF000021A604F4B1B7847
:10401000DBB2072B0BD0594B1B68FA6AD31A41F25B
:104020007072934203D90220FFF7F0FE6CE1494B16
:104030001B78DBB2032B42D1524B1B68FA6AD31AAE
:10404000BB60BB68B3F5967F03D30120FFF7DEFEAC
:104050005AE1BB6807EE903AB8EE677ADFED4A6A3C
:10406000C7EE267AB7EE007A77EE677AC7ED017A67
:10407000464B93ED007AD7ED017A67EE277A374BFE
:10408000C3ED007A424B93ED007AD7ED017A67EEEB
:10409000277A344BC3ED007A324BD3ED007AFDEE34
:1040A000E77A17EE903A1AB22D4B1A802D4B1B6807
:1040B0002D4A1360374B4FF000021A6024E12D4B5C
:1040C00093ED007A2C4BD3ED007A77EE677AC7ED4B
:1040D000097A314B93ED007AD7ED097A77EE677A5A
:1040E000C7ED087A2C4B1B682C4A13602C4A7B6A5C
:1040F00013602C4A3B6A1360D7ED087AF0EEE77A3A
:10410000B0EE007AF4EEC77AF1EE10FA4ED8264BF4
:1041100001221A700F4B03221A701A4AFB6A1360AD
:10412000FEF7C0FCF0EE407A184BC3ED007A0D4B61
:104130001B68174A1360154B1B68084A1360E3E0BD
:1041400050050020460800205205002044080020A9
:104150002823002051050020A4050020540500203C
:1041600058050020900500206C05002084000020E8
:1041700080050020B422002084050020A005002036
:104180008C050020A805002000009643980500201B
:104190009C05002068050020880500205C050020A3
:1041A00060050020640500207E050020584B1B6838
:1041B000FB61584BD3ED007A97ED087A67EE277ACA
:1041C000C7ED067A544B93ED007A544BD3ED007A49
:1041D00027EE277A504BD3ED007AF7EE006A76EEA1
:1041E000E76AD7ED067A66EEA77A77EE277A4B4B29
:1041F000C3ED007A4A4BD3ED007A9FED4A7A77EE11
:10420000877AC7ED057A454B93ED007AD7ED057AAD
:1042100067EE277A9FED447A27EE877A434BD3EDFA
:10422000006A434BD3ED007A66EEA77A77EE677AA1
:10423000F1EE677AC7ED047A3E4A3B6913603E4A65
:10424000FB691360D7ED077AF5EEC07AF1EE10FA4C
:104250000CDDD7ED047AF0EEE77A97ED077AB4EE4D
:10426000E77AF1EE10FA01D5012200E00022334B8B
:104270001A70D7ED070A97ED040AFEF7DDFB87ED0C
:10428000040A2F4BD3ED007A97ED047A77EE677A24
:10429000C7ED037A2B4BD3ED007AF0EE670A97ED6A
:1042A000030AFEF7C9FB87ED030A254B93ED007A5D
:1042B000D7ED037A77EE277A214BC3ED007A204BB6
:1042C000D3ED007AD7ED070AB0EE670AFEF7B4FB2C
:1042D000F0EE407A1A4BC3ED007A194BD3ED007A19
:1042E000FDEEE77A17EE903A1AB2174B1A80144B8C
:1042F0001B68164A1360FEF7D5FBF0EE407A144BAC
:10430000C3ED007A00E000BF3037BD4680BD00BF7E
:1043100070000020D8000020780000208C050020CC
:104320006C0000200080BB4400007A446C22002016
:104330002423002068050020700500207C05002053
:10434000900500207C000020580500206C0500200E
:104350005405002080B483B000AF00237B6020E0D0
:10436000154A7B6832F813307B80144A7B6832F838
:1043700013309BB21A461346DB00991A7A8813460B
:104380005B0013440B440E4A82FB03129210DB17AE
:10439000D31A99B2094A7B6822F813107B6801335B
:1043A0007B607B68072BDBDD00BF00BF0C37BD46A1
:1043B0005DF8047B704700BFE822002088000020E1
:1043C0006766666680B400AF504B5B899AB2504B0B
:1043D0001A80504B1B78002B0DD14D4B1B889AB285
:1043E0004D4B1A804A4B1B889AB24C4B1A80494B52
:1043F00001221A7015E0484B1B889BB21A461346DF
:10440000DB009A1A424B1B889BB219460B465B0095
:104410000B441344424AA2FB0323DB089AB23E4BEF
:104420001A803E4B1B889BB203F5AF739AB23D4B8B
:104430001A803A4B1B889BB2B4339AB23A4B1A801B
:104440003A4B1B78DBB2002B3AD1334B1B889AB224
:10445000354B1B889BB29A420ED2304B1B889BB2C5
:104460001A4613469B019B1A2B4A128892B2134498
:104470009B099AB2294B1A80274B1B889AB2294B69
:104480001B889BB29A420AD9294B1B78042B09D866
:10449000274B1B780133DAB2254B1A7002E0244B0C
:1044A00000221A70224B1B78042B29D91F4B0122A2
:1044B0001A70204B01221A701F4B00221A701FE045
:1044C000154B1B889AB2184B1B889BB29A420AD292
:1044D000194B1B78132B09D8174B1B780133DAB211
:1044E000154B1A7002E0144B00221A70124B1B7805
:1044F000132B05D90D4B00221A700D4B00221A7098
:1045000000BFBD465DF8047B704700BFE822002075
:104510009C220020E40500209E220020A0220020F2
:10452000CDCCCCCCA2220020A4220020A6220020A8
:10453000E5050020A7220020E605002080B483B016
:1045400000AF104B01221A700F4B00221A7000238B
:104550007B600DE00D4A7B6840F6FF7122F8131076
:104560000B4A7B68002122F813107B6801337B60C3
:104570007B68032BEEDD00BF00BF0C37BD465DF846
:10458000047B7047A82200204708002084220020D6
:104590008C22002080B483B000AF1F4B1B78DBB2AD
:1045A000002B32D000237B602CE01C4A7B6832F861
:1045B00013309AB21A497B6831F813309BB29A4291
:1045C00008D2164A7B6832F8133099B2144A7B68D5
:1045D00022F81310114A7B6832F813309AB211494D
:1045E0007B6831F813309BB29A4208D90B4A7B683A
:1045F00032F8133099B20B4A7B6822F813107B68AB
:1046000001337B607B68032BCFDD00BF0C37BD46D9
:104610005DF8047B704700BFA822002088000020BE
:10462000842200208C22002080B582B000AF0023BD
:104630007B6016E02B4A7B6832F813309AB22A4925
:104640007B6831F813309BB29A4201D9012100E016
:104650000021264A7B6813440A461A707B6801339E
:104660007B607B68032BE5DD204B1B78DBB2002BE6
:104670000ED11E4B5B78DBB2002B09D11B4B9B7814
:10468000DBB2002B04D1194BDB78DBB2002B1FD03F
:10469000164B1B78DAB2164B1A70144B5B78DAB2F1
:1046A000134B5A70114B9B78DAB2114B9A700F4B27
:1046B000DB78DAB20E4BDA7000F07CF8F0EE407A7C
:1046C0000C4BC3ED007A0B4B1B680B4A136004E0E4
:1046D000084B4FF000021A6000BF00BF0837BD460C
:1046E00080BD00BF88000020942200207C22002092
:1046F00080220020782200207422002080B483B021
:1047000000AF264B00221A7000237B6039E0244A58
:104710007B6832F813309AB222497B6831F8133043
:104720009BB29A4222D91E4A7B6832F813309BB260
:1047300019461C4A7B6832F813309BB2CB1A782B8F
:1047400014D9174A7B6832F813309BB21946154AC0
:104750007B6832F813309BB20B44DA0F13445B10C2
:1047600099B2114A7B6822F8131007E00F4A7B6860
:1047700032F813100C4A7B6822F813107B6801335F
:104780007B607B68032BC2DD094B01221A7000BFDE
:104790000C37BD465DF8047B704700BFA82200209F
:1047A0008C2200208422002094220020D89F01081F
:1047B0004708002080B48BB000AF3B1D00221A6078
:1047C0005A609A60DA604FF000037B624FF000039A
:1047D0003B620023FB6190E05C4AFB6932F81330D6
:1047E0009AB25B49FB6931F813309BB29A4208D107
:1047F000FB699B0028333B44243B4FF000021A60C6
:1048000078E0524AFB6932F813309BB21946504A9D
:10481000FB6932F813309BB2CB1A07EE903AF8EEF0
:10482000E77AC7ED057A4B4AFB6932F813309BB241
:104830001946474AFB6932F813309BB2CB1A07EE90
:10484000903AF8EEE76A97ED057AC6EE877AFB694B
:104850009B0028333B44243BC3ED007AFB699B005B
:1048600028333B44243BD3ED007AB7EE007AF4EED4
:10487000C77AF1EE10FA07DDFB699B0028333B4451
:10488000243B4FF07E521A60FB699B0028333B4467
:10489000243BD3ED007AF5EEC07AF1EE10FA07D59D
:1048A000FB699B0028333B44243B4FF000021A6015
:1048B000FB699B0028333B44243B93ED007A264A56
:1048C000FB699B001344D3ED007A67EE277A97EDDE
:1048D000097A77EE277AC7ED097AFB699B002833BE
:1048E0003B44243BD3ED007A97ED087A77EE277AA4
:1048F000C7ED087AFB690133FB61FB69032B7FF786
:104900006BAF4FF00003BB61D7ED087AF5EEC07ACC
:10491000F1EE10FA0DDDD7ED096AD7ED087A86EED3
:10492000A77AF0EE046AC7EE267AF1EE677AC7ED51
:10493000067A0A4ABB691360BB6907EE903AB0EE8B
:10494000670A2C37BD465DF8047B70478C22002037
:104950008422002088000020E09F010874220020AB
:1049600080B489B000AF87ED050AF960BA607B605A
:1049700003467B82BB681B68002B05D1BB68FA68C5
:104980001A607B6801221A707B681B78002B03D0A9
:10499000204B1B889BB202E01F4B1B889BB2FB8302
:1049A000BB681B68FA68D21AFB8B9A420CD3BB68AF
:1049B000FA681A607B681B78002B0CBF0123002368
:1049C000DBB21A467B681A70144B1B889BB2BB8300
:1049D000B7F91220B7F91C309A4206DCB7F9122059
:1049E000B7F91C305B429A4202DA4FF0000307E04D
:1049F0007B681B78002B01D07B6901E04FF000033E
:104A000007EE903AB0EE670A2437BD465DF8047BA6
:104A1000704700BF980000209A0000209C000020F2
:104A200080B500AF00F05AF900BF80BD80B588B0F6
:104A300000AF78607B681B781BB21B021AB27B68E0
:104A400001331B781BB213431AB28A4B1A807B685E
:104A500002331B781BB21B021AB27B6803331B782C
:104A60001BB213431AB2844B1A807B6804331B7841
:104A70001BB21B021AB27B6805331B781BB21343AF
:104A80001AB27E4B1A807B680A331B781BB21B025A
:104A90001AB27B680B331B781BB213431AB2784BE4
:104AA0001A807B680C331B781BB21B021AB27B681E
:104AB0000D331B781BB213431AB2724B1A80704B22
:104AC0001B881BB207EE903AB8EEE77A6E4BD3ED37
:104AD000007A37EE677ADFED6D6AC7EE267AF1EE7F
:104AE000677AC7ED077A674B1B881BB207EE903ACF
:104AF000B8EEE77A664BD3ED007A37EE677ADFEDF2
:104B0000636AC7EE267AC7ED067A5A4B1B881BB23A
:104B100007EE903AB8EEE77A5E4BD3ED007A77EE87
:104B2000676A564B1B881BB207EE903AB8EEE77ADD
:104B3000594BD3ED007A77EE677AF0EE670AB0EE64
:104B4000660A13F083FBF0EE407A9FED547A67EE2D
:104B5000877AC7ED057A474B1B881BB207EE903A60
:104B6000B8EEE77A4B4BD3ED007A37EE677ADFED9C
:104B70004C6AC7EE267A9FED4B7A67EE877AC7EDCF
:104B8000047A494BD3ED007A9FED487A67EE877A35
:104B9000C7ED037A464AFB691360464ABB69136056
:104BA000D7ED077A9FED447A27EE877A3E4BD3ED17
:104BB000007A37EE277A414BD3ED007A27EE277A39
:104BC0003E4BD3ED007AF7EE006A76EEE76AD7ED5A
:104BD000057A66EEA77A77EE277A334BC3ED007A33
:104BE000D7ED067A9FED347A27EE877A344BD3EDF2
:104BF000007A77EE277A324BC3ED007A97ED030AFD
:104C000013F06AFBF0EE407A9FED267A67EE877A22
:104C100097ED047A77EE677A2A4BC3ED007A294B39
:104C2000D3ED007A9FED247A27EE877A264BD3EDD9
:104C3000007A77EE277A244BC3ED007A0D4B1B8860
:104C40001BB29AB2214B1A800B4B1B881BB29AB233
:104C50001F4B1A80094B1B881BB29AB21D4B1A803E
:104C600007F08EFB03461C4A136000BF2037BD4689
:104C700080BD00BF6C2300206E2300207023002025
:104C80007223002074230020C02200200000034370
:104C9000C4220020B8220020BC220020CC2E654275
:104CA000000080460AE81C41AC22002035FA8E3C08
:104CB00020230020242300200AD7233C600000206A
:104CC000B42200202C2300203023002018230020B1
:104CD0001A2300201C2300202823002090B585B033
:104CE00000AF0023FB7372B600BF124B1B78DBB220
:104CF000002B09D0104B3C460FCB07C423800D4B33
:104D000000221A700123FB7362B600BFFB7B002BED
:104D100006D10A4B1B680133084A1360002304E0E4
:104D20003B461846FFF782FE012318461437BD465E
:104D300090BD00BFF9220020D82200200C230020C3
:104D400080B584B002AF2D4B1B78DBB2022B02D1B1
:104D50002A4B00221A70294B1B78DBB2002B05D09E
:104D6000274B1B680133264A136043E0254B1B7811
:104D7000DBB2002B0CD124480AF006FB0346202BA3
:104D800006D1214B1B689B6903F00203022B05D15E
:104D90001B4B1B6801331A4A13602BE0174B01228F
:104DA0001A700E230193194B009301233B22D0214B
:104DB000154809F0C9FD0346FB71FB79002B05D1AD
:104DC000134B1B680133124A136013E0FB79022B6B
:104DD00008D10B4B1B680133094A1360074B0022B3
:104DE0001A7007E00B4B1B6801330A4A1360034B30
:104DF00002221A700837BD4680BD00BFF82200208D
:104E000004230020362300206C240020C822002028
:104E1000FC2200200823002080B400AF1D4B1B782B
:104E2000DBB2002B01D001232EE01B4B1B7801339A
:104E3000DAB2194B1A70184B1B78002B02D1164BA3
:104E400001221A70154B00221A80154B00221A807D
:104E5000144B00221A70144B00221A60134B0022CC
:104E60001A60134B00221A60124B00221A60124B78
:104E700000221A60114B00221A60114B00221A60A6
:104E8000044B01221A7000231846BD465DF8047BCE
:104E9000704700BF141400201A14002016140020BC
:104EA000181400201B1400201C14002020140020C3
:104EB00024140020281400202C140020301400207A
:104EC0003414002080B483B000AF2A4B1B68013338
:104ED000284A1360284B1B78DBB2012B44D1274BA7
:104EE0001B88B3F5FA7F09D3254B00221A80254B86
:104EF00000221A70204B02221A7036E01F4B1B88CA
:104F00001A4613465B0013445B001F4A13447B6040
:104F10001A4B1A887B681A801C4B1B881AB27B6854
:104F20005A801B4BD3ED007A9FED1A7A67EE877A91
:104F3000FDEEE77A17EE903A1AB27B689A800F4B33
:104F40001B8801339AB20D4B1A800C4B1B88B3F5AA
:104F5000FA7F0AD30A4B00221A800A4B00221A70E9
:104F6000054B02221A7000E000BF0C37BD465DF809
:104F7000047B70471C140020141400201614002019
:104F8000181400201B1400205C0800206C23002053
:104F9000AC2200200000C84280B592B000AF6A4B3E
:104FA0001B78DBB2022B05D0674B1B78DBB2032BDF
:104FB00040F0C480654B1B680133644A1360644B46
:104FC00093F85832DBB2002B05D1624B1B680133DA
:104FD000604A1360B5E05E4B93F85632DBB2032BA8
:104FE00005D95D4B1B6801335B4A1360A9E0564B42
:104FF00003221A70594B1B88B3F5FA7F30D3584BF4
:105000001B78042B03D9504B00221A7099E0554BA2
:105010001B783B70F4237B700123BB703A4603235B
:105020000021472006F01CFC0346002B12D04E4BFB
:105030001B6801334C4A1360494B1B780133DAB2C9
:10504000474B1A70464B1B78042B79D93E4B0022F4
:105050001A7075E0454B1B680133444A13606FE0DA
:105060003E4B1B88C3F5FA73A7F84630B7F84630B5
:10507000092B03D8B7F84630DBB200E0092387F8E4
:105080004530384B1B783B71344B1B88384AA2FBA8
:1050900003235B089BB2DBB27B71F423BB7101235A
:1050A000FB712E4B1B88DBB23B722C4B1B881B0AFF
:1050B0009BB2DBB27B7297F84530BB72274B1B88E3
:1050C0001A4613465B0013445B002A4A991897F866
:1050D000452013465B0013445B001A463B1D073313
:1050E00018460FF082FD97F845309BB21A465200E1
:1050F00013445B009BB20733A7F84230B7F8423045
:10510000DBB23A1D0021462006F0AAFB0346002B25
:105110000ED0194B1B680133174A136097F84530BE
:105120009AB20E4B1B8813449AB20C4B1A8008E0BB
:105130000E4B1B6801330D4A136002E000BF00E014
:1051400000BF4837BD4680BD141400202014002045
:10515000E80500202C140020301400201814002032
:105160001B1400201A1400202814002034140020DE
:10517000398EE3385C0800202414002080B400AF8E
:10518000114B00221A70114B00221A70104B002292
:105190001A70104B00221A700F4B00221A800F4B0E
:1051A00000221A700E4B1B780133DAB20C4B1A70C6
:1051B0000B4B1B78002B02D1094B01221A7000BF48
:1051C000BD465DF8047B70475C2200205D22002014
:1051D0005E2200205F220020602200206222002048
:1051E0006322002080B483B000AF0346FB80164BDF
:1051F0001B78DBB2002B01D001231EE0134B1B7880
:10520000082B01D9022318E0114B1B78002B02D187
:105210000F4B01221A700D4B1A780E4B1A700D4B62
:105220001B7819460C4AFB8822F811300B4B0022E0
:105230001A70054B01221A70002318460C37BD4620
:105240005DF8047B704700BF5C2200205D220020D7
:10525000632200205E220020381400205F220020FC
:1052600080B483B000AF2B4B1B78DBB2012B4AD14B
:10527000294B1B78312B09D9284B1B780133DAB223
:10528000264B1A70234B00221A703DE0244B1B78EA
:105290001946214B1B781A46322301FB03F31344B2
:1052A000DB00204A13447B601D4B1A787B681A7020
:1052B0001B4B1B781A461C4B33F812207B68A3F853
:1052C0000120154B1A787B68DA70184B9B899AB2CB
:1052D0007B689A80154B1B899AB27B68DA800E4BEB
:1052E0001B780133DAB20C4B1A700B4B1B78312B45
:1052F0000AD90A4B1B780133DAB2084B1A70054BF6
:1053000000221A7000E000BF0C37BD465DF8047B38
:10531000704700BF5C2200205F2200205D22002039
:105320005E2200204C140020381400208800002049
:1053300080B400AF0A4B1B78DBB2002B01D00123F5
:1053400009E0084B00221A80074B00221A70044B18
:1053500002221A7000231846BD465DF8047B704790
:105360005C220020602200206222002080B598B0DC
:1053700000AF7F4B1B781A46920013441A469100E7
:105380001A460B4613445B00A7F85C30794B1B7838
:10539000DBB2022B05D0774B1B78DBB2032B40F03E
:1053A000DE80754B93F85832DBB2002B00F0D980C9
:1053B000714B93F85632DBB2032B00F2D2806D4B67
:1053C00003221A706D4B1B88B7F85C209A4233D8C1
:1053D0006B4B1B78042B03D9664B00221A70C3E079
:1053E000684B1B783B73624B1B787B733223BB7318
:1053F000B7F85C30DBB2FB73B7F85C301B0A9BB2CA
:10540000DBB23B7407F10C02052300214B2006F0B0
:1054100027FA0346002B00F0A680594B1B78013376
:10542000DAB2574B1A70564B1B78042B40F29B8014
:10543000504B00221A7096E0504B1B88B7F85C2046
:10544000D31AA7F85A30B7F85A30072B03D8B7F851
:105450005A30DBB200E0072387F85930494B1B78FC
:105460003B75434B1B787B753223BB75B7F85C30BB
:10547000DBB2FB75B7F85C301B0A9BB2DBB23B7644
:105480003E4B1B88DBB27B763C4B1B881B0A9BB2D6
:10549000DBB2BB7697F85930FB76002387F85F3094
:1054A0003EE097F85F309AB2344B1B881344A7F85C
:1054B0005630B7F85630344AA2FB03231B099BB27F
:1054C00087F85530B7F856302F4AA2FB031212095D
:1054D000322101FB02F29B1A9BB287F8543097F8F5
:1054E000552097F854302949322000FB02F213442A
:1054F0003A1DDB000B4493E8030082E8030097F8B1
:105500005F300133DB0007F1140213441A463B1DE0
:1055100003CB1060516097F85F30013387F85F303C
:1055200097F85F2097F859309A42BAD397F85930D4
:105530000133DBB2DB00DBB207F1140200214A20A9
:1055400006F08EF90346002B0ED097F859309AB228
:105550000A4B1B8813449AB2084B1A8004E000BF20
:1055600002E000BF00E000BF6037BD4680BD00BF65
:105570005D2200205C220020E8050020602200203F
:1055800062220020632200201F85EB514C14002072
:105590002DE9F0432DED028B9BB006AF744B1B78C9
:1055A000DBB2002B01F04483724B1B78DBB2002B83
:1055B00001F03E83704B1B78DBB2002B06D06F4BA3
:1055C0001B6801336D4A136001F033BB002004F007
:1055D000E5FE6B4B1B78DBB2002B01D0012300E012
:1055E000002387F82B30664B5B78DBB2002B01D0B1
:1055F000012300E0002387F82A30614B9B78DBB25F
:10560000002B01D0012300E0002387F829305C4BF8
:10561000DB78DBB2002B01D0012300E0002387F808
:105620002830584B1B78574B1B78DBB20C2B02D918
:10563000544B00221A70534B1B78DBB2524A142190
:1056400052480FF079F90021002004F01FFF0122D9
:105650004F494E4804F0AEFF4A4B1B78DBB20C2B8F
:1056600001F2E78201A252F823F000BFA156000820
:10567000AD57000831590008255A0008555B00084D
:10568000F15C0008E15D00081F5F00089B620008F4
:10569000DF6300082B66000807690008076A000836
:1056A0000021002004F0F2FE01223949394804F0BB
:1056B00081FF0E21002004F0E9FE374B1B681846DD
:1056C000FAF74AFF02460B46344930480FF06AF9B0
:1056D00001222F492D4804F06DFF1C21002004F009
:1056E000D5FE97F8281097F8290097F82A3097F8F0
:1056F0002B200192009303460A46294923480FF0C4
:1057000051F901222249214804F054FF2A210020A6
:1057100004F0BCFE234B1B889BB21A46214B5B88CE
:105720009BB200931346204A142118480FF004F945
:1057300001221749154804F03DFF3621002004F0EE
:10574000A5FE184B9B889BB21A46164BDB889BB272
:1057500000931346144A14210C480FF0EDF801226F
:105760000B490A4804F026FF01F096FA01F061BAED
:10577000772300209F0000203623002044230020B0
:105780007C220020420000200892010858230020BB
:105790003800002010920108782200201C92010895
:1057A00028920108E8220020349201080A210020F2
:1057B00004F06CFE864B1B68864AA2FB0312520B58
:1057C00042F2107101FB02F29A1A834B1968814B65
:1057D000A3FB01035B0B42F2107000FB03F3CB1A37
:1057E000009313467D4A14217D480FF0A5F801224D
:1057F0007C497B4804F0DEFE1421002004F046FEC4
:10580000794B1B68734AA2FB0312520B42F21071D0
:1058100001FB02F29A1A754B19686E4BA3FB010348
:105820005B0B42F2107000FB03F3CB1A009313469C
:105830006F4A14216A480FF07FF8012269496848CD
:1058400004F0B8FE1E21002004F020FE694B1B6806
:10585000604AA2FB0312520B42F2107101FB02F2EA
:105860009A1A654B19685B4BA3FB01035B0B42F271
:10587000107000FB03F3CB1A009313465F4A142108
:1058800057480FF059F801225649554804F092FE46
:105890002821002004F0FAFD594B1B684D4AA2FB59
:1058A0000312520B42F2107101FB02F29A1A554B8D
:1058B0001968484BA3FB01035B0B42F2107000FB1D
:1058C00003F3CB1A009313464F4A142144480FF0B8
:1058D00033F801224349424804F06CFE3221002093
:1058E00004F0D4FD494B1B683A4AA2FB0312520B49
:1058F00042F2107101FB02F29A1A454B1968354BBE
:10590000A3FB01035B0B42F2107000FB03F3CB1A05
:10591000009313463F4A142131480FF00DF801223D
:1059200030492F4804F046FE01F0B6F901F081B984
:105930000023FB6445E0384AFB6C32F813309BB21D
:105940001A462A2303FB02F2344BA3FB0213D21A9A
:1059500052081344DB0AFB71FB6CDBB21A46D2001F
:10596000D31ADBB20933BB712B4AFB6C32F813300C
:105970009BB20093FB6C2A4A142119480EF0DCFFFD
:10598000BB799BB21946002004F080FD0122154925
:10599000134804F00FFEBB7999B20123009305234D
:1059A0002A22302004F026FFBB7999B2FB799AB203
:1059B000012300930523302004F086FFFB6C0133A4
:1059C000FB64FB6C072BB6DD01F066F901F031B921
:1059D0003C2300205917B7D1402300203C920108F6
:1059E00058230020380000204423002038230020C2
:1059F0004C92010850080020540800205C920108D5
:105A00000C230020042300206C92010800230020B6
:105A1000082300207C92010888000020010110006A
:105A20008C9201080A21002004F030FD924B1B6883
:105A30001846FAF791FD04460D46904B1B68184630
:105A4000FAF78AFD02460B46CDE90223CDE900456F
:105A50008B4A14218B480EF06FFF01228A49894836
:105A600004F0A8FD1421002004F010FD874B1B68F2
:105A70001846FAF771FD04460D46854B1B6818461B
:105A8000FAF76AFD02460B46CDE90223CDE900454F
:105A9000804A14217B480EF04FFF01227A49794851
:105AA00004F088FD1E21002004F0F0FC7A4B1B68F6
:105AB0001846FAF751FD04460D46784B1B68184608
:105AC000FAF74AFD02460B46CDE90223CDE900452F
:105AD000734A14216B480EF02FFF01226A4969486E
:105AE00004F068FD2821002004F0D0FC6D4B1B68F9
:105AF0001846FAF731FD04460D466B4B1B681846F5
:105B0000FAF72AFD02460B46CDE90223CDE900450E
:105B1000664A14215B480EF00FFF01225A4959488A
:105B200004F048FD3221002004F0B0FC604B1A68FC
:105B3000604B1B68009313465F4A142151480EF0D6
:105B4000FBFE012250494F4804F034FD01F0A4F857
:105B500001F06FB80A21002004F098FC574B1B6835
:105B60001846FAF7F9FC04460D46554B1B681846D3
:105B7000FAF7F2FC02460B46CDE90223CDE90045D7
:105B8000504A14213F480EF0D7FE01223E493D48BD
:105B900004F010FD1421002004F078FC97F8288010
:105BA00097F8294097F82A5097F82B60464B1B68C6
:105BB0001846FAF7D1FC02460B46CDE904230296BB
:105BC000019500944346414A14212E480EF0B4FE3C
:105BD00001222D492B4804F0EDFC1E21002004F089
:105BE00055FC3B4B1B881BB21C463A4B1B681846A6
:105BF000FAF7B2FC02460B46CDE900232346364AAB
:105C0000142120480EF098FE01221F491D4804F07F
:105C1000D1FC2821002004F039FC304B1B681846C9
:105C2000FAF79AFC04460D462D4B1B681846FAF706
:105C300093FC02460B46CDE90223CDE90045294AF3
:105C4000142110480EF078FE01220F490D4804F08F
:105C5000B1FC3221002004F019FC234B234A14210B
:105C600008480EF069FE01220749064804F0A2FC2C
:105C700001F012F800F0DDBFAC2200205800002037
:105C8000949201085823002038000020C0230020EF
:105C900054230020A8920108482300204C23002010
:105CA000B89201085023002020230020C892010848
:105CB0005008002054080020D8920108B422002087
:105CC00024230020E892010878220020FC92010899
:105CD0001623002070000020109301086C000020A3
:105CE0006C22002020930108A000002034930108BA
:105CF00006F046FBB8600A21002004F0C7FBBB6831
:105D00009A4AA2FB03239B09994A1278D2B20092C5
:105D1000984A142198480EF00FFE012297499648A0
:105D200004F048FC1421002004F0B0FB944B1B78D5
:105D3000DBB21A46934B1B78DBB200931346924AB0
:105D400014218D480EF0F8FD01228C498A4804F098
:105D500031FC1E21002004F099FB8C4B1B68184677
:105D6000FAF7FAFB04460D46894B1B681846FAF70A
:105D7000F3FB02460B46CDE90223CDE90045854AF7
:105D800014217D480EF0D8FD01227C497A4804F0A8
:105D900011FC2821002004F079FB7F4B7F4A14215D
:105DA00075480EF0C9FD01227449734804F002FCE5
:105DB0003221002004F06AFB794B1A68794B1B688A
:105DC00000931346784A14216B480EF0B5FD01226A
:105DD0006A49694804F0EEFB00F05EFF00F029BF5D
:105DE0000A21002004F052FB704B1B681846FAF79A
:105DF000B3FB04460D466E4B1B681846FAF7ACFB26
:105E000002460B46CDE90223CDE90045694A14213B
:105E100059480EF091FD01225849574804F0CAFB39
:105E20001421002004F032FB634B1B681846FAF77C
:105E300093FB04460D46614B1B681846FAF78CFB32
:105E400002460B46CDE90223CDE900455C4A142108
:105E500049480EF071FD01224849474804F0AAFB69
:105E60001E21002004F012FB564B1B881BB2564A21
:105E7000142141480EF060FD012240493E4804F0E3
:105E800099FB1E21402004F001FB504B1B881BB2E4
:105E90004F4A142138480EF04FFD01223749364849
:105EA00004F088FB2821002004F0F0FA494B1B88FD
:105EB0001BB2494A142130480EF03EFD01222F4901
:105EC0002D4804F077FB2821402004F0DFFA434BF3
:105ED0001B881BB2424A142127480EF02DFD0122D7
:105EE0002649254804F066FB3221002004F0CEFA52
:105EF0003C4B1B881BB21A46224B1B78DBB200932B
:105F00001346394A14211C480EF016FD01221B4984
:105F1000194804F04FFB00F0BFFE00F08ABE334B7F
:105F20001B78002B06D1244B1B68314A13602F4B82
:105F300001221A70204B93ED007A2D4BD3ED007A9D
:105F400077EE677AC7ED127A07E0D7ED127A9FED08
:105F5000297A77EE877AC7ED127AD7ED127AF5EEC5
:105F6000C07AF1EE10FAF0D450E000BFD34D6210C9
:105F700046080020409301085823002038000020E4
:105F8000A822002047080020509301083023002059
:105F90002C23002060930108A000002070930108CA
:105FA0003C2300204023002078930108AC220020ED
:105FB000B022002088930108B4220020242300206E
:105FC000989301086C230020AC9301086E230020F5
:105FD000B493010870230020BC93010872230020B1
:105FE000C493010874230020CC930108602700208B
:105FF000642700200000B44335FA8E3CD7ED127AB6
:106000001FED047A77EEC77AC7ED127AD7ED127AD0
:106010001FED087AF4EEC77AF1EE10FAEEDA2723D4
:10602000FB832423BB8315237B83D7ED127A1FEDDB
:106030000E7A67EE877AC7ED057AB7F91E3007EE5C
:10604000903AB8EEE78A97ED050A12F045F9F0EEBE
:10605000407AB3EE017A67EE877A78EE277AFDEE22
:10606000E77A17EE903A7B82B7F91C3007EE903A48
:10607000B8EEE78A97ED050A12F0EAF8F0EE407AFA
:10608000B3EE017A67EE877A78EE677AFDEEE77A0B
:1060900017EE903A3B82B7F91E3007EE903AB8EE11
:1060A000E78A97ED050A12F017F9F0EE407AB1EEA3
:1060B0000C7A67EE877A78EE677AFDEEE77A17EE6C
:1060C000903AFB81B7F91C3007EE903AB8EEE78AB8
:1060D00097ED050A12F0BCF8F0EE407AB1EE0C7ABA
:1060E00067EE877A78EE277AFDEEE77A17EE903A38
:1060F000BB81B7F91A20B7F91C10B7F91E000123AC
:1061000004F02FFC7B8B013B9BB21AB2B7F91C1039
:10611000B7F91E00012304F024FCF88BBA8B7B8BAB
:10612000D31A99B2FC8BBA8B7B8BD31A9BB20433F4
:106130009BB201220092224604F061FAFA8B7B8B1B
:1061400013449BB2043B98B2B98BFA8B7B8B1344FC
:106150009AB2BB8B0124009404F051FAF88BBA8BED
:106160007B8B13449BB2043B99B2FC8BBA8B7B8B29
:1061700013449BB201220092224604F040FAFA8BAB
:106180007B8BD31A98B2B98BFA8B7B8BD31A9BB2C9
:1061900004339AB2BB8B0124009404F030FAF889DE
:1061A000B9897A8A3B8A0124009404F028FAB7F965
:1061B0001010B7F912000123022204F0A6FCB7F96F
:1061C0001C10B7F91E000123012204F09EFC0C21D3
:1061D000242004F05BF90122A749A84804F0EAF959
:1061E00021210D2004F052F90122A349A44804F012
:1061F000E1F921213D2004F049F901229E49A148FD
:1062000004F0D8F93321242004F040F901229A49FE
:106210009D4804F0CFF91221542004F037F90122EF
:1062200095499A4804F0C6F92021522004F02EF92D
:10623000B86CFAF791F902460B46CDE90023944A6F
:10624000142194480EF078FB01228B49914804F008
:10625000B1F92C215D2004F019F9012286498E48FC
:1062600004F0A8F93621522004F010F98B4B1B687A
:106270001846FAF771F902460B46CDE90023884A21
:10628000142184480EF058FB01227B49814804F018
:1062900091F900F001FD00F0CCBC824B7B64824B95
:1062A0003B64824B1B78DBB2032B0CD0032B0DDC41
:1062B000012B02D0022B03D008E07D4B7B6406E06B
:1062C0007C4B7B6403E07C4B7B6400E000BF7B4B3A
:1062D0001B78DBB2032B0CD0032B0DDC012B02D07F
:1062E000022B03D008E0764B3B6406E0754B3B6421
:1062F00003E0754B3B6400E000BF0A21002004F07E
:10630000C5F8724B1B889BB21A46714B1B889BB217
:10631000009313466F4A14215E480EF00DFB0122D4
:1063200055495C4804F046F91421002004F0AEF809
:106330007B6C694A142157480EF0FEFA01224E493F
:10634000544804F037F91E21002004F09FF8634BF5
:106350001B78DBB200933B6C614A14214D480EF070
:10636000EBFA012244494B4804F024F9282100208B
:1063700004F08CF85B4B1B881BB219465A4B1B88E8
:106380001BB25A4A82FB03025211DB17D31A1BB20B
:1063900000930B46564A14213E480EF0CDFA0122D6
:1063A00035493C4804F006F93221002004F06EF82B
:1063B000504B1B881BB21A464F4B1B78DBB2009325
:1063C00013464E4A142133480EF0B6FA01222A49E8
:1063D000304804F0EFF800F05FFC00F02ABC484BB6
:1063E000FB63474BBB6305F0CBFF7862454B1B78E3
:1063F000DBB2002B08D0444B1B687A6AD31A434A9D
:10640000A2FB03239B0900E000233B623D4B1B786A
:10641000DBB2032B0CD0032B0DDC012B02D0022BA3
:1064200003D008E0184BFB6306E0394BFB6303E045
:10643000384BFB6300E000BF374B1B78DBB2013BFE
:10644000052B7AD801A252F823F000BF656400083A
:106450006B64000871640008296500082F65000856
:10646000356500082D4BBB6368E02D4BBB6365E0D1
:106470002C4BBB6362E000BF38000020D8930108BA
:10648000DC930108E0930108E4930108E893010814
:10649000EC93010858230020F4930108B422002053
:1064A000F8930108049401080C9401087627002051
:1064B00014940108189401081C9401087527002001
:1064C000249401082C9401083494010878270020B2
:1064D0007A2700203C9401084C940108742700207E
:1064E000549401089E270020942700201F85EB511B
:1064F000609401089C270020A027002070940108C8
:10650000809401083205002038050020D34D621028
:106510008494010888940108330500208C940108B4
:10652000949401089C9401087C4BBB6306E07C4B6F
:10653000BB6303E07B4BBB6300E000BF0A2100208C
:1065400003F0A4FF784B1B78DBB2002B01D0502264
:1065500000E05222754B1B78DBB2002B01D0502398
:1065600000E0522300931346714A142171480EF043
:10657000E3F9012270496F4804F01CF8142100204F
:1065800003F084FF6D4B1B78DBB21A466C4B1B7813
:10659000DBB2009313466B4A142166480EF0CCF927
:1065A00001226549634804F005F81E21002003F02C
:1065B0006DFF654B1B684FF47A720092634A142199
:1065C0005C480EF0B9F901225B495A4803F0F2FF2A
:1065D0002821002003F05AFF3B6A0193BB6B009314
:1065E000FB6B5B4A142153480EF0A6F90122524975
:1065F000504803F0DFFF3221002003F047FF554BE6
:106600001B78DBB21A46544B1B78DBB2009313465F
:10661000524A142147480EF08FF901224649454855
:1066200003F0C8FF00F038FB03E34D4B1B78DBB2EF
:10663000002B01D14C2300E0522387F83730492347
:1066400087F83630474B3B63474B1B78DBB2002B58
:1066500002D1422387F83730444B1B78DBB2012B41
:1066600003D1502387F8363007E0404B1B78DBB26C
:10667000022B02D1542387F836303D4B1B78DBB216
:10668000013B062B25D801A252F823F0A966000889
:10669000AF660008B5660008BB660008C166000862
:1066A000C7660008CD660008324B3B6312E0324BF0
:1066B0003B630FE0314B3B630CE0314B3B6309E044
:1066C000304B3B6306E0304B3B6303E02F4B3B63B7
:1066D00000E000BF0A21002003F0D8FE2C4B1B78FD
:1066E000DBB2002B01D0312400E0302497F83630A3
:1066F0001D4A1278D2B2154697F8372025490978F5
:10670000C9B2002901D0312100E0302122480078AF
:10671000C0B2002842D0312041E000BFA09401085F
:10672000A4940108A89401082E0500202F0500203C
:10673000AC940108582300203800002030050020C8
:1067400031050020BC94010834050020CC940108D8
:10675000DC940108A822002046080020EC940108DF
:1067600053050020FC94010852050020510500202B
:106770007E05002000950108049501080895010890
:106780000C95010810950108149501081895010849
:10679000500500207C0500207D050020302004905D
:1067A00003910292019500932346A94A1421A94816
:1067B0000EF0C2F80122A849A64803F0FBFE1421FE
:1067C000002003F063FEA54B1B681846F9F7C4FED2
:1067D00004460D46A24B1B681846F9F7BDFE8046DD
:1067E0008946A04B1B681846F9F7B6FE02460B46D1
:1067F000CDE90423CDE90289CDE900459A4A142167
:1068000094480EF099F801229349924803F0D2FE81
:106810001E21002003F03AFE944B1B881BB21A463F
:10682000934B1B881BB200931346924A142189484C
:106830000EF082F801228849864803F0BBFE282129
:10684000002003F023FE8C4B1B78DBB2012B13D10D
:106850008A4B1B889BB21C46894B1B681846F9F76C
:106860007BFE02460B46CDE900232346854A1421D0
:1068700078480EF061F812E0834B1B881BB21C466F
:10688000824B1B681846F9F767FE02460B46CDE9B6
:10689000002323467E4A14216E480EF04DF8012253
:1068A0006D496C4803F086FE3221002003F0EEFDB6
:1068B000784B1B681846F9F74FFE04460D46764B99
:1068C0001B78DBB2002B07D06D4B1B681846F9F71D
:1068D00043FE02460B4603E04FF000024FF0000378
:1068E000396B0491CDE90223CDE900456B4A1421AF
:1068F00058480EF021F801225749564803F05AFE35
:1069000000F0CAF995E10A21002003F0BFFD644BB5
:106910001B889BB21A46634B1B889BB2009313469D
:10692000614A14214B480EF007F801224A494948B0
:1069300003F040FE1421002003F0A8FD5B4B1B88F0
:106940009BB21A465A4B1B889BB200931346594A76
:10695000142140480DF0F0FF01223F493D4803F06B
:1069600029FE1E21002003F091FD534B1B881BB212
:10697000524A142137480DF0DFFF012236493548CD
:1069800003F018FE2821002003F080FD4C4B1B680B
:106990001846F9F7E1FD02460B464A49098809B253
:1069A0000291CDE90023484A14212A480DF0C4FF82
:1069B00001222949274803F0FDFD3221002003F080
:1069C00065FD424B1B881BB21946414B1B881BB20D
:1069D000404A82FB03025211DB17D31A1BB21A463C
:1069E0003D4B1B78DBB2019300920B463B4A1421CE
:1069F00018480DF0A1FF01221749164803F0DAFDEF
:106A000000F04AF915E1364BFB62364B1B78DBB2DE
:106A1000032B79D801A252F823F000BF2D6A000899
:106A20004B6A0008FD6A0008036B00082E4B1B88A8
:106A3000B3F5FA7F06D32D4B1B88B3F5FA7F01D34C
:106A40002B4B00E02B4BFB625FE02B4BFB625CE0CF
:106A50001C95010858230020380000205C05002008
:106A600060050020640500203095010878050020AD
:106A70007A05002048950108510500208005002076
:106A80008000002054950108580500207005002062
:106A900068950108542300205005002078950108CE
:106AA0007E270020882700208C9501088027002061
:106AB0008A2700209C95010890270020A8950108AE
:106AC000E800002092270020B09501089C270020B4
:106AD000942700201F85EB5174270020C0950108E2
:106AE000D09501081414002016140020181400205A
:106AF000D49501080C940108DC950108504BFB6209
:106B000003E0504BFB6200E000BF0A21002003F0CD
:106B1000BDFC4D4B1B780093FB6A4C4A14214C483A
:106B20000DF00AFF01224B49494803F043FD1421AF
:106B3000002003F0ABFC484B1B881A464FF4FA7355
:106B400000931346454A142141480DF0F5FE0122F9
:106B500040493F4803F02EFD1E21002003F096FC23
:106B60003F4B1B8819463F4B1B683F4A12680192F6
:106B700000930B463D4A142135480DF0DDFE0122FD
:106B80003449334803F016FD2821002003F07EFC31
:106B9000374B1A68374B1B6800931346364A14214B
:106BA0002B480DF0C9FE01222A49294803F002FDB5
:106BB0003221002003F06AFC304B1B681846F9F7BD
:106BC000CBFC02460B462E490978C9B208462D492E
:106BD0000978C9B203910290CDE900232A4A142111
:106BE0001B480DF0A9FE01221A49194803F0E2FCE6
:106BF0002821462003F04AFC244BD3ED007ABDEE59
:106C0000E77A234BD3ED007AFDEEE77A17EE903A60
:106C1000009317EE103A1F4A14210D480DF08CFE18
:106C200001220C490A4803F0C5FC00F035F800E0E9
:106C300000BF5437BD46BDEC028BBDE8F08300BFFA
:106C4000E0950108E89501081A140020EC95010868
:106C5000582300203800002016140020F895010861
:106C60001814002024140020281400200096010885
:106C70001C1400202014002014960108B8050020E0
:106C8000BC050020BD05002028960108B0050020A5
:106C9000B40500203896010880B400AF074B1B787C
:106CA000DBB2002B02D1064B00221A70054B0122E9
:106CB0001A7000BFBD465DF8047B70473623002084
:106CC000352300203423002080B582B000AF05F0CA
:106CD00057FB78601D4B1B78DBB2002B2DD01C4B73
:106CE0001B78DBB2002B28D01A4B1B78DBB2002BB1
:106CF00023D0194B1B78DBB2002B1ED1174B1B780E
:106D0000DBB2002B19D1164B1B687A68D31A052BFE
:106D100015D8144808F038FB0346202B11D1114B2D
:106D20001B689B6903F00203022B0AD00E4B1B78F1
:106D3000DBB2184604F05EF804E000BF02E000BFDA
:106D400000E000BF0837BD4680BD00BF77230020AC
:106D50009F00002034230020362300204908002013
:106D6000580800206C2400203523002080B59CB0FA
:106D700000AF3B600346FB710B46BB7113467B7152
:106D8000FB794F2B01F2788301A252F823F000BF68
:106D9000D16E0008798400086B7C0008ED7C000847
:106DA00079840008377C0008DB7B0008097C000838
:106DB00079840008A77F00084380000879840008D0
:106DC000DB7D0008457E0008877E0008F37E000812
:106DD000917D0008798400085F7F000879840008AD
:106DE00035810008358100083581000835810008AB
:106DF000358100083581000879840008798400080D
:106E0000798400087984000879840008798400086E
:106E1000798400087984000879840008798400085E
:106E2000798400087984000879840008798400084E
:106E3000358100083581000835810008358100085A
:106E4000DB830008498400087984000879840008FD
:106E5000798400087984000879840008798400081E
:106E6000798400087984000879840008798400080E
:106E700079840008798400087984000879840008FE
:106E8000F76E0008236F0008798400083F7400083B
:106E9000ED740008FF760008E1780008217B000807
:106EA00035810008456F000879840008798400085E
:106EB000ED710008736F0008798400087984000878
:106EC000D16F0008FD6F00082B7000087D78000866
:106ED000AD4B1B680133AC4A1360AC4B00221A70F7
:106EE000AB4A7B791370AB4B00221A70AA4B01227C
:106EF0001A7001F03EBBA94B01221A7005F040FA4E
:106F00000346A74A1360A14B3C221A70A04A7B7922
:106F10001370A04B00221A709F4B01221A7001F0CF
:106F200028BB9E4B00221A70984B3D221A70984A3B
:106F30007B791370974B00221A70974B01221A70BD
:106F400001F017BBFDF768FF03461A46914B1A7014
:106F5000BB7903F00103002B01F0A0828B4B45228B
:106F60001A708B4A7B7913708B4B01221A7001F0D7
:106F700095BA97F87830012B16D93B681B781AB26E
:106F80003B6801331B781BB21B021BB213431BB2BD
:106F9000A7F84030B7F840301846FEF723F903460B
:106FA0001A467C4B1A7002E07A4B03221A70BB79A6
:106FB00003F00103002B01F07382744B49221A7015
:106FC000734A7B791370744B01221A7001F068BA0E
:106FD000FEF7D4F86F4B00221A70BB7903F001035F
:106FE000002B01F05F82694B4C221A70684A7B7952
:106FF0001370694B01221A7001F054BAFEF798F928
:1070000003461A46634B1A70BB7903F00103002B49
:1070100001F04A825D4B4D221A705D4A7B791370F4
:107020005D4B01221A7001F03FBA97F87830052BBA
:1070300040F2C880386805F0F0F887ED110A3B6827
:1070400004331B781AB23B6805331B781BB21B0252
:107050001BB213431BB2A7F84230524B1B68FB66AE
:10706000514B1B68BB66514B1B7887F8673097F80C
:107070007830092B06D93B680633184605F0CDF861
:1070800087ED1B0A97F878300D2B13D93B680A332C
:107090001B781A463B680B331B781B021A433B686C
:1070A0000C331B781B041A433B680D331B781B06FB
:1070B0001343BB6697F878300E2B0AD93B680E3322
:1070C0001B78002B01D0012300E0002387F86730F4
:1070D00011E097F87830062B0DD997F87830092B06
:1070E00009D83B6806331B78002B01D0012300E050
:1070F000002387F86730D7ED117AF5EEC07AF1EE0C
:1071000010FA3DDBD7ED117A9FED297AF4EEC77ABC
:10711000F1EE10FA34D8B7F842301D2B30D9B7F859
:1071200042303C2B2CD8D7ED1B7AF5EEC07AF1EE2D
:1071300010FA25DBD7ED1B7A9FED1D7AF4EEC77AA6
:10714000F1EE10FA1CD8BB6E1A4A934218DBBB6EE4
:10715000194A934214DC194A7B6C1360184AB7F839
:10716000423013800F4AFB6E13600F4ABB6E1360F0
:107170000E4A97F867301370064B00221A7024E00D
:10718000044B01221A7020E0842300208D2300206C
:107190008E2300208F2300208C23002090230020AA
:1071A000B0230020EC00002084270020F000002005
:1071B0000000C8426079FEFFA0860100E8000020C0
:1071C000DE000020B54B02221A70BB7903F00103E8
:1071D000002B01F06B81B24B4E221A70B14A7B79C1
:1071E0001370B14B01221A7001F060B997F8783032
:1071F0000F2B40F21081386805F00FF8F0EE407A5E
:10720000AA4BC3ED007A3B680433184605F005F835
:10721000F0EE407AA64BC3ED007A3B68083318467F
:1072200004F0FBFFF0EE407AA24BC3ED007A3B681E
:107230000C33184604F0F1FFF0EE407A9E4BC3ED9C
:10724000007A97F878301F2B27D93B6810331846FF
:1072500004F0E3FFF0EE407A984BC3ED007A3B6810
:107260001433184604F0D9FFF0EE407A944BC3ED86
:10727000007A3B681833184604F0CFFFF0EE407AEE
:10728000904BC3ED007A3B681C33184604F0C5FFF1
:10729000F0EE407A8C4BC3ED007A97F87830202BD3
:1072A00009D93B6820331B78002B01D0012200E074
:1072B0000022864B1A707D4BD3ED007AF5EEC07A32
:1072C000F1EE10FA03D5794B4FF000021A60784BBB
:1072D000D3ED007AF5EEC07AF1EE10FA03D5744BD7
:1072E0004FF000021A60734BD3ED007AB7EE007ACC
:1072F000F4EEC77AF1EE10FA04D56E4B4FF07E52E1
:107300001A600CE06B4BD3ED007A9FED717AF4EECE
:10731000C77AF1EE10FA02DD664B6E4A1A60664BD0
:10732000D3ED007AB7EE007AF4EEC77AF1EE10FAF8
:1073300004D5614B4FF07E521A600CE05E4BD3EDEA
:10734000007A9FED637AF4EEC77AF1EE10FA02DD6F
:10735000594B604A1A60594BD3ED007AF5EEC07A6A
:10736000F1EE10FA04D5554B4FF000021A600CE014
:10737000524BD3ED007AB2EE047AF4EEC77AF1EE16
:1073800010FA02DD4D4B544A1A604D4BD3ED007A92
:10739000F5EEC07AF1EE10FA04D5494B4FF0000239
:1073A0001A600CE0464BD3ED007A9FED4C7AF4EE78
:1073B000C77AF1EE10FA02DD414B494A1A60414B9F
:1073C000D3ED007AF5EEC07AF1EE10FA03D53D4B1D
:1073D0004FF000021A603C4BD3ED007AB7EE007A12
:1073E000F4EEC77AF1EE10FA04D5374B4FF07E5227
:1073F0001A600CE0344BD3ED007A9FED357AF4EE51
:10740000C77AF1EE10FA02DD2F4B324A1A60234B95
:1074100000221A7002E0214B02221A70BB7903F09D
:107420000103002B01F076801D4B48221A701D4A83
:107430007B7913701C4B01221A7001F06BB897F81E
:107440007830072B15D9386804F0E7FEF0EE407A63
:10745000244BC3ED007A3B680433184604F0DDFE8C
:10746000F0EE407A204BC3ED007A0C4B00221A70EC
:1074700002E00A4B02221A70BB7903F00103002BD1
:1074800001F04A80064B3F221A70064A7B7913703E
:10749000054B01221A7001F03FB800BF8F23002076
:1074A0008D2300208E2300208C2300201400002038
:1074B000180000201C0000202000002024000020D4
:1074C000280000202C00002030000020AD05002006
:1074D00000007F4300007F43000020410000C842BD
:1074E0000000C8426C0000206C22002097F8783021
:1074F000132B40F2F080386804F08FFE87ED0A0A03
:107500003B680433184604F088FE87ED090A3B689F
:107510000833184604F081FE87ED080A3B680C33F7
:10752000184604F07AFE87ED070A3B6810331846C8
:1075300004F073FE87ED060AB14B1B683B66B14B46
:107540001B68FB65B04B1B88A7F85A3097F878305A
:10755000172B06D93B681433184604F05EFE87EDFE
:10756000180A97F878301B2B06D93B681833184651
:1075700004F053FE87ED170A97F878301D2B0DD9CC
:107580003B681C331B781AB23B681D331B781BB257
:107590001B021BB213431BB2A7F85A30D7ED0A7A6D
:1075A000F5EEC07AF1EE10FAC0F29180D7ED0A7ACA
:1075B0009FED967AF4EEC77AF1EE10FA00F287802A
:1075C000D7ED097AF5EEC07AF1EE10FA7FDBD7ED50
:1075D000097A9FED8F7AF4EEC77AF1EE10FA76D839
:1075E000D7ED087AF5EEC07AF1EE10FA6FDBD7ED41
:1075F000087AB7EE007AF4EEC77AF1EE10FA66D8A0
:10760000D7ED077AF5EEC07AF1EE10FA5FDBD7ED31
:10761000077A9FED807AF4EEC77AF1EE10FA56D829
:10762000D7ED067AB7EE007AF4EEC77AF1EE10FAEB
:107630004DDBD7ED067A9FED787AF4EEC77AF1EE5E
:1076400010FA44D8D7ED187AF5EEC07AF1EE10FAB8
:107650003DDBD7ED187A9FED6E7AF4EEC77AF1EE46
:1076600010FA34D8D7ED177ABAEE047AF4EEC77A66
:10767000F1EE10FA2BDBD7ED177AB2EE047AF4EEC6
:10768000C77AF1EE10FA22D8B7F85A3041F28832B0
:1076900093421CD8614ABB6A1360614A7B6A1360DB
:1076A000604A3B6A1360604AFB6913605F4ABB69CA
:1076B0001360534A3B6E1360524AFB6D1360524A8B
:1076C000B7F85A3013805A4B00221A7006E0584B14
:1076D00001221A7002E0564B02221A70BB7903F0A5
:1076E0000103002B00F01A87524B40221A70524AB5
:1076F0007B791370514B01221A7000F00FBF97F87D
:107700007830052B40F2A680386804F086FD87EDBE
:107710000C0A3B6804331B781AB23B6805331B78AC
:107720001BB21B021BB213431BB2FB85FB8DA7F8D8
:107730005830434B1B88A7F8563097F87830072B02
:107740000DD93B6806331B781AB23B6807331B78A8
:107750001BB21B021BB213431BB2A7F8583097F899
:107760007830092B0DD93B6808331B781AB23B6877
:1077700009331B781BB21B021BB213431BB2A7F8C1
:107780005630D7ED0C7ABAEE047AF4EEC77AF1EE01
:1077900010FA30DBD7ED0C7A9FED2A7AF4EEC77A37
:1077A000F1EE10FA27D8FB8D132B24D9FB8DB3F5FE
:1077B000FA6F20D8B7F85830132B1CD9B7F85830C7
:1077C00041F28832934216D8B7F85630B3F57A6F43
:1077D00011D81D4A3B6B13601C4AFB8D13801C4A59
:1077E000B7F858301380164AB7F856301380104B4C
:1077F00000221A7031E00E4B01221A702DE000BFFA
:1078000070000020800000208400002000409C4682
:1078100000409C4552B87E3F0000FA446C000020B6
:107820006C220020D8000020780000207C0000207E
:107830008F2300208D2300208E2300208C23002006
:107840009C0000200000B44274000020980000203A
:107850009A000020BA4B02221A70BB7903F0010390
:10786000002B00F05D86B74B41221A70B64A7B7937
:107870001370B64B01221A7000F052BE97F87830A0
:10788000002B19D03B681B78002B01D0012200E0AF
:107890000022AF4B1A70AE4B1B78DBB2002B07D126
:1078A000AC4B1B78DBB2092B02D1AA4B03221A7016
:1078B000A34B00221A7002E0A14B02221A70BB797E
:1078C00003F00103002B00F02D869E4B4F221A700F
:1078D0009D4A7B7913709D4B01221A7000F022BEE5
:1078E00097F87830032B40F20781386804F080FC69
:1078F0000346BB87B7F93C3007EE903AB8EEE77A1B
:10790000DFED956AC7EE267AC7ED0E7A3B689B7865
:1079100087F837303B68DB7887F836308F4B1B6849
:107920003B658F4B1B88A7F84E30012387F8353015
:1079300097F83730022B75D197F87830042B6DD932
:1079400097F87830082B06D93B680533184604F0C1
:1079500064FC87ED140A97F878300A2B0DD93B6840
:1079600009331B781AB23B680A331B781BB21B021F
:107970001BB213431BB2A7F84E30D7ED147ABAEE00
:10798000047AF4EEC77AF1EE10FA10DBD7ED147A30
:10799000B2EE047AF4EEC77AF1EE10FA07D8B7F82F
:1079A0004E3041F28832934201D8012300E0002397
:1079B00087F8353097F83530002B2BD0674A3B6D70
:1079C0001360674AB7F84E3013803B6804331A7867
:1079D00097F836301146184697ED0E0AFCF783F9F2
:1079E00003461A46564B1A70554B1B78DBB2002BD8
:1079F00040F085803B6804331A78B7F84E3097F82A
:107A0000361097F83700D7ED140A97ED0E0AFCF7F9
:107A100081F974E04A4B01221A7070E0484B02224F
:107A20001A706CE097F87830072B06D93B6804335E
:107A3000184604F0F2FB87ED140A97F87830092B0A
:107A40000DD93B6808331B781AB23B6809331B78A1
:107A50001BB21B021BB213431BB2A7F84E30D7ED6B
:107A6000147ABAEE047AF4EEC77AF1EE10FA10DB6B
:107A7000D7ED147AB2EE047AF4EEC77AF1EE10FA8A
:107A800007D8B7F84E3041F28832934201D801232B
:107A900000E0002387F8353097F83530002B27D0E9
:107AA0002E4A3B6D13602E4AB7F84E30138097F87C
:107AB000362097F837301146184697ED0E0AFCF736
:107AC000FBF803461A461E4B1A701D4B1B78DBB29F
:107AD000002B14D1B7F84E3097F8361097F83700CE
:107AE000D7ED140A002297ED0E0AFCF713F906E011
:107AF000134B01221A7002E0114B02221A70BB795B
:107B000003F00103002B00F00F850E4B42221A7088
:107B10000D4A7B7913700D4B01221A7000F004BDE1
:107B200097F87830002B44D03B681B7887F83F30BB
:107B300097F87830012B15D93B685B7813E000BFCC
:107B40008F2300208D2300208E2300208C230020F3
:107B50009E000020440800200000C8428000002051
:107B600084000020012387F83E3097F83F30002B37
:107B70000DD102F041F8A94B1B78DBB2072B02D1E3
:107B8000A64B01221A70A64B00221A7014E097F837
:107B90003F30012B09D197F83E30184601F0B4FF71
:107BA00003461A469E4B1A7006E09D4B01221A703E
:107BB00002E09B4B01221A70BB7903F00103002BFA
:107BC00000F0B484974B43221A70974A7B79137064
:107BD000964B01221A7000F0A9BC0120FBF796F821
:107BE0008F4B00221A70BB7903F00103002B00F0C9
:107BF0009F848C4B06221A708B4A7B7913708B4BB7
:107C000001221A7000F094BC0020FBF77FF8844B2F
:107C100000221A70BB7903F00103002B00F08A8464
:107C2000804B07221A70804A7B7913707F4B0122A8
:107C30001A7000F07FBC7E4B00221A707D4B01222F
:107C40001A70BB7903F00103002B00F07584754BAB
:107C500005221A70744A7B791370714B00221A70D6
:107C6000724B01221A7000F067BC97F87830002B35
:107C700028D03B681B78A7F84C3097F87830012B58
:107C80000CD93B681B781AB23B6801331B781BB2D6
:107C90001B021BB213431BB2A7F84C30B7F84C3091
:107CA000002B0BD0B7F84C30C82B07D8624AB7F876
:107CB0004C3013805A4B00221A7006E0584B0122B8
:107CC0001A7002E0564B02221A70BB7903F00103CE
:107CD000002B00F03384534B02221A70524A7B79F6
:107CE0001370524B01221A7000F028BC97F87830BC
:107CF000012B3AD9386804F07BFA03467B814F4B5D
:107D00001B78DBB2002B03D0454B01221A702FE009
:107D1000B7F90A30002B24DBB7F90A30082B20DC36
:107D2000B7F90A30012B06D0B7F90A30072B02D079
:107D30000420FCF76BF8B7F90A30072B09D001F0E3
:107D40005BFF7B89DAB2354B1A70354B00221A7013
:107D50000EE0012001F0D8FE03461A46304B1A709F
:107D600006E02F4B01221A7002E02D4B02221A70FE
:107D7000BB7903F00103002B00F0E283294B0322BF
:107D80001A70294A7B791370284B01221A70D7E3A5
:107D900097F87830002B0DD03B681B78002B01D072
:107DA000012300E000231846FAF7B0FF1C4B002225
:107DB0001A7002E01A4B02221A70BB7903F0010319
:107DC000002B00F0BF83174B10221A70164A7B79E4
:107DD0001370164B01221A70B4E3114B02221A7071
:107DE00097F87830012B09D9386804F001FA034676
:107DF0001A46134B1A800A4B00221A70BB7903F003
:107E00000103002B00F0A083064B0C221A70064AD7
:107E10007B791370054B01221A7095E3440800200A
:107E20008F2300208D2300208E2300208C23002010
:107E300047080020B423002040000020A822002092
:107E400044000020A84B02221A7097F87830012BCA
:107E500009D9386804F0CCF903461A46A34B1A80B6
:107E6000A14B00221A70BB7903F00103002B00F034
:107E70006D839F4B0D221A709E4A7B7913709E4B27
:107E800001221A7062E397F87830032B0BD9386817
:107E900004F0C3F9F0EE407A984BC3ED007A924BB0
:107EA00000221A7015E097F87830012B0ED9386847
:107EB00004F09EF9034607EE903AF8EEE77A8F4B0E
:107EC000C3ED007A884B00221A7002E0864B022232
:107ED0001A70BB7903F00103002B00F03983844B47
:107EE0000E221A70834A7B791370834B01221A7019
:107EF0002EE397F87830032B0BD9386804F08DF90E
:107F0000F0EE407A7E4BC3ED007A774B00221A7078
:107F100015E097F87830012B0ED9386804F068F92D
:107F2000034607EE903AF8EEE77A754BC3ED007A18
:107F30006D4B00221A7002E06B4B02221A70BB7963
:107F400003F00103002B00F00583694B0F221A7028
:107F5000684A7B791370684B01221A70FAE297F82D
:107F60007830032B08D9386804F057F9F0EE407ADE
:107F7000644BC3ED007A03E0634B1B68614A1360F6
:107F8000594B00221A70BB7903F00103002B00F05B
:107F9000E382574B12221A70564A7B791370564B64
:107FA00001221A70D8E297F87830002B36D03B685F
:107FB0001B78A7F84A3097F87830012B0CD93B682A
:107FC0001B781AB23B6801331B781BB21B021BB231
:107FD00013431BB2A7F84A30B7F84A30002B09D137
:107FE0004A4B00221A704A4B00221A703E4B002264
:107FF0001A7016E0B7F84A300B2B0BD8B7F84A3096
:10800000DAB2444B1A70414B01221A70364B0022EF
:108010001A7006E0344B01221A7002E0324B022241
:108020001A70BB7903F00103002B00F09782304BEC
:1080300009221A702F4A7B7913702F4B01221A7074
:108040008CE297F87830032B40F28A82324B1B780F
:10805000DBB2012B40F08D82304B1B78DBB2002B62
:1080600040F087823B681B78FB733B6801331B78C9
:10807000BB733B680233184604F0BAF80346BB8171
:1080800004F07EF90346264A1360FB7B002B14BFE5
:1080900001230023DBB21A46224B1A70214B1B78B6
:1080A000DBB2002B18D097F90E30002B04DD1E4BED
:1080B0004FF07E521A600BE097F90E30002B03DA76
:1080C000194B1A4A1A6003E0174B4FF000021A606E
:1080D000174ABB89138043E2134B4FF000021A602A
:1080E000134B00221A803BE28F2300204600002021
:1080F0008D2300208E2300208C2300205800002098
:10810000740000205C000020AC2200209F000020B2
:1081100034230020420000204408002050050020A5
:10812000B82300204808002010230020000080BF52
:108130001423002097F87830032B40F2E38038684E
:1081400004F06BF887ED040AFB79143B302B00F246
:10815000D48001A252F823F01D8200082582000875
:108160002D820008358200083D8200085F820008E9
:10817000FB820008FB820008FB820008FB820008EB
:10818000FB820008FB820008FB820008FB820008DB
:10819000FB820008FB820008FB820008FB820008CB
:1081A000FB820008FB8200089D820008A58200086F
:1081B000AD820008B5820008FB820008FB8200083F
:1081C000FB820008FB820008FB820008FB8200089B
:1081D000FB820008FB820008FB820008FB8200088B
:1081E000FB820008FB820008FB820008FB8200087B
:1081F000FB820008FB820008FB820008FB8200086B
:10820000FB820008FB820008FB820008FB8200085A
:10821000FB820008FB820008BD820008A44A3B697B
:1082200013606BE0A34A3B69136067E0A24A3B69B5
:10823000136063E0A14A3B6913605FE0A04A3B69B9
:1082400013609F4BD3ED007AF5EEC07AF1EE10FA91
:1082500000D453E09A4B4FF000021A604EE0994A66
:108260003B691360974BD3ED007AF5EEC07AF1EEDF
:1082700010FA04D5934B4FF000021A603EE0914B88
:10828000D3ED007A9FED907AF4EEC77AF1EE10FA12
:1082900000DC33E08B4B8D4A1A602FE08C4A3B693F
:1082A00013602BE08B4A3B69136027E08A4A3B69E5
:1082B000136023E0894A3B6913601FE0884A3B69E9
:1082C0001360874BD3ED007AF5EEC07AF1EE10FA29
:1082D00004D5834B4FF000021A600FE0804BD3EDC2
:1082E000007A9FED807AF4EEC77AF1EE10FA00DCA6
:1082F00004E07B4B7C4A1A6000E000BF7B4B00220D
:108300001A705AE097F87830012B53D9386803F087
:108310006FFF034607EE903AF8EEE77AC7ED057A6D
:10832000002387F84930FB792A2B36D02A2B38DCFA
:10833000182B02D0192B11D033E0614A7B691360EE
:108340005F4BD3ED007AF5EEC07AF1EE10FA00D46F
:108350002BE05B4B4FF000021A6026E0594A7B6924
:108360001360584BD3ED007AF5EEC07AF1EE10FAB7
:1083700004D5544B4FF000021A6016E0514BD3ED78
:10838000007A9FED517AF4EEC77AF1EE10FA00DC34
:108390000BE04C4B4D4A1A6007E04F4A7B69136073
:1083A00003E0012387F8493000BF504A97F849306D
:1083B000137002E04D4B02221A70BB7903F00103E7
:1083C000002B00F0CF804A4AFB791370494A7B7931
:1083D0001370494B01221A70C4E0484B1B78DBB282
:1083E000002B1ED1464B1B78DBB2002B19D1FBF7BB
:1083F0007DFD01F001FC434B00221A70424B4FF00F
:1084000000021A60414B00221A80414B00221A8060
:108410003A4B00221A70FCF791F8344B00221A7084
:1084200002E0324B01221A70BB7903F00103002BEA
:1084300000F09A802E4B2C221A702E4A7B791370F2
:108440002D4B01221A708FE0FCF758F92B4B0322B9
:108450001A70BB7903F00103002B00F08780244BD6
:108460002D221A70234A7B791370204B00221A7038
:10847000214B01221A7079E0BB7903F00103002B34
:1084800076D01B4AFB7913701A4A7B791370174B0D
:1084900000221A70184B01221A7069E000BF68E0D0
:1084A00000BF66E000BF64E000BF62E000BF60E0C4
:1084B000480000204C0000205000002060000020F8
:1084C000680000206400002000007A4400007A4424
:1084D0006C0000206C22002074000020D8000020D6
:1084E0005400002000006145000061458F230020FA
:1084F0008D2300208E2300208C23002044080020A0
:10850000A822002048080020102300201423002067
:108510001623002000BF2CE000BF2AE000BF28E0A7
:1085200000BF26E000BF24E000BF22E000BF20E043
:1085300000BF1EE000BF1CE000BF1AE000BF18E053
:1085400000BF16E000BF14E000BF12E000BF10E063
:1085500000BF0EE000BF0CE000BF0AE000BF08E073
:1085600000BF06E000BF04E000BF02E000BF00E083
:1085700000BF00BF7037BD4680BD00BF80B582B070
:1085800000AF03460A46FB801346BB80B7F90630AE
:10859000002B08DDFA887E4BB3F900309BB2134400
:1085A0009BB2FB800BE0B7F90630002B07DAFA88A4
:1085B000774BB3F900309BB2D31A9BB2FB80B7F96B
:1085C0000430002B08DDBA88724BB3F900309BB23F
:1085D00013449BB2BB800BE0B7F90430002B07DAE1
:1085E000BA886C4BB3F900309BB2D31A9BB2BB80F4
:1085F000B7F90630B3F5616F02DB40F60F63FB801D
:10860000B7F9063013F5616F02DC4FF2F113FB800E
:10861000B7F90430B3F5616F02DB40F60F63BB803E
:10862000B7F9043013F5616F02DC4FF2F113BB8030
:10863000594AFB881380594ABB881380B7F9063022
:1086400040F60E6293420FDCB7F90630544A93426B
:108650000ADBB7F9043040F60E62934204DCB7F946
:1086600004304F4A934201DA012200E000224D4BD0
:108670001A704D4B1B78DBB2012B12D14B4B1B7880
:10868000DBB2002B06D14A4AFB881380494ABB88DB
:1086900013800CE0464ABB881380464AFB8813804F
:1086A00005E0434AFB881380424ABB881380B7F930
:1086B0000630002B0CD100224FF400713E4805F02B
:1086C0005FFA00224FF480613B4805F059FA26E03A
:1086D000B7F90630002B10DB00224FF4007136484A
:1086E00005F04EFA01224FF48061334805F048FA54
:1086F000FA88324B1B685A6311E001224FF4007173
:108700002D4805F03DFA00224FF480612A4805F01B
:1087100037FAFB885B429AB2284B1B685A63B7F959
:108720000430002B0BD100222021254805F028FA27
:1087300000224FF40041204805F022FA24E0B7F966
:108740000430002B0FDB012220211D4805F018FA10
:1087500000224FF40041184805F012FABA88194B6C
:108760001B689A6310E000222021154805F008FAE2
:1087700001224FF40041104805F002FABB885B4229
:108780009AB2104B1B689A6300BF0837BD4680BD84
:1087900044000020460000207405002076050020DB
:1087A000F2F1FFFF7D050020520500205305002057
:1087B000780500207A05002000000240C82500202E
:1087C000000402408025002080B582B000AF7860B0
:1087D000194B1B78DBB2002B29D0184B1B78DBB26E
:1087E000002B24D1164B93F85832DBB2002B1ED04D
:1087F000144B1B78DBB2002B19D1114B93F8563276
:10880000DBB2002B13D1104B1B687A68D31A002BF4
:108810000DDB03F025FA0346002B04D07B6864339C
:10882000094A136003E07B683233074A136000BFD4
:108830000837BD4680BD00BF902300208C23002058
:10884000E805002091230020B023002080B582B0ED
:1088500000AF78607B681B68154A934223D1F8F714
:1088600097FD144B1B78DBB2002B05D0124B1B6815
:108870000133114A136002E00E4B01221A700F4BB4
:108880001B6801330D4A13600D4B1B881A460B4BB6
:108890001B689A4207D8094B00221A604FF4005116
:1088A000084805F086F900BF0837BD4680BD00BF07
:1088B0000008004049080020500800204C08002013
:1088C000400000200008024080B483B000AF786010
:1088D0007B681B68164A934223D1164B1B78DBB288
:1088E000002B1ED0134B00221A70134B1B68013350
:1088F000114A1360114B1B78DBB20133DAB20F4B14
:108900001A700E4B1B78DBB2072B0AD90B4B0022D7
:108910001A700B4B00221A700A4B1B680133094A6C
:10892000136000BF0C37BD465DF8047B704700BF85
:108930000054004036230020382300203523002037
:10894000342300203C23002090B482B000AF786034
:108950007B681B680E4A934215D10E4B1B78DBB225
:10896000012B10D10C4A0D4B14460FCB07C42380AA
:108970000B4B01221A700B4B1B680133094A136021
:10898000044B00221A7000BF0837BD4690BC7047E8
:1089900000540040F8220020D8220020C8220020E5
:1089A000F92200200023002080B483B000AF78605B
:1089B0007B681B68144A93421FD1144B1B78DBB2AF
:1089C000012B07D1124B1B680133114A13600F4B67
:1089D00002221A700F4B1B78DBB2002B0DD00E4B0E
:1089E0001B6801330C4A13600A4B00221A700B4BB0
:1089F00000221A700A4B00221A7000BF0C37BD46C5
:108A00005DF8047B704700BF00540040F82200204E
:108A10000823002036230020402300203523002097
:108A20003423002080B586B000AF78607B681B6877
:108A30002A4A93424DD12A4B1B7BFB74294B1B685E
:108A40000133284A1360FB7C0D2B02D0FB7C0A2BE0
:108A500011D12548F7F714FCF860FB68102B2ED8CD
:108A6000214AFB6813447C221A70FB6801331E4ABA
:108A70000021D15423E0FB7C1F2B21D9FB7C7E2BD2
:108A80001ED81948F7F7FCFB78617B69102B0BD9CE
:108A90001022164914480BF0EAFF134B00221A74F7
:108AA0001148F7F7EDFB78610F4A7B691344FA7CB4
:108AB0001A707B6901330C4A0021D15400E000BFD9
:108AC000FB7C1846F8F75AFB0122094909480AF0CD
:108AD00083F800BF1837BD4680BD00BF00100140BD
:108AE000E80500207C230020C4000020C5000020F1
:108AF000F40500205826002080B584B000AF7860CF
:108B00007B681B680B4A93420FD10023FB607B6894
:108B10001B681B68FB607B681B685B68FB60FB680D
:108B20000122054905480AF057F800BF1037BD4635
:108B300080BD00BF00100140F40500205826002031
:108B400080B582B000AF03F0B5FB00F043F900F050
:108B500021FC00F0D1FB00F059FA00F085FA00F09A
:108B6000F9FA00F051FB00F09DFB00F09BF9102298
:108B7000002178480BF095FF0F22774975480BF0DC
:108B8000AAFF01F019FB0346012B04D1734B01220C
:108B90001A70FCF7FDFC724800F09CFC0822714939
:108BA000714803F04DFD0421704809F01FF90021C0
:108BB0006F4809F01BF900210020FFF7DFFC6D4B27
:108BC0000022A3F80E216B4B0022A3F80C21694B65
:108BD000002283F85422674B002283F85522654B0C
:108BE000002283F85622634B002283F85722614B00
:108BF000614A1A605F4B614A5A605E4B604A9A60F4
:108C00005C48F8F789FB5F48F8F70EFC5E48F8F718
:108C10001BFC01225D495E4809F0DEFF5D495E48AC
:108C2000F8F706FAF8F7BEFD524B012283F85722F7
:108C30005A4809F029F803F0A3FB38600023FB71C0
:108C4000574B1B78DBB2002B09D0554B00221A7012
:108C50000123FB71534A3B681360FCF771F8524BD8
:108C60001B78DAB2514B1B789A4206D0F9F7C4FF51
:108C70004D4B1B78DAB24D4B1A704D4B1B683A685E
:108C80009A4202D1FB79002B0FD0494A3B6813600E
:108C9000FBF760FBFBF796FBFBF7C6FC454B1B782D
:108CA000DBB2002B01D0FBF775FCFB79002B32D037
:108CB000404B1B78DBB2002B22D100F0ABFFFCF75E
:108CC000CFFAFAF70BFD3C4B1B78DBB2012B15D129
:108CD0003A4B1B78DBB2002B10D0394B1B683A683B
:108CE000D31AB3F5AF7F09DD344B00221A70354B30
:108CF0004FF000021A60344B00221A80FBF7FEF896
:108D0000FBF78EFEFAF73CF8FCF7DCF82F4B1B68FC
:108D100001332E4A1360F8F753FDF9F779FC03F09D
:108D2000EDF802F0CBFEFCF737F9FCF71FFB284B00
:108D30001B683A68D31A312B04D9254A3B68136063
:108D4000FCF726FCFDF7C0FF3868FFF73DFDF8F79C
:108D500051FB70E7A0000020449601087723002013
:108D60006C240020E8220020C4230020802500205D
:108D7000C8250020E80500206914000895140008A3
:108D8000D91400084115000899160008F4050020C0
:108D9000582600204C9601085C96010810260020F9
:108DA00049080020580800204608002068270020B5
:108DB0006C270020A822002044080020480800203A
:108DC000B823002010230020142300205408002082
:108DD0007027002080B594B000AF07F12003302247
:108DE000002118460BF05DFE07F10C0300221A600B
:108DF0005A609A60DA601A610023BB60274B1B6CD3
:108E0000264A43F080531364244B1B6C03F08053B9
:108E1000BB60BB6800237B60214B1B68204A43F486
:108E2000404313601E4B1B6803F440437B607B6828
:108E300001233B624FF480337B620223BB634FF418
:108E40008003FB6319233B6490237B640223BB6490
:108E50000323FB6407F12003184608F06DFA03466C
:108E6000002B01D000F030FB0F23FB6002233B619D
:108E700000237B614FF48053BB610023FB6107F14A
:108E80000C030221184608F0CFFC0346002B01D04A
:108E900000F01AFB00BF5037BD4680BD00380240CD
:108EA0000070004080B584B000AF3B4600221A60DD
:108EB0005A609A60DA60524B524A1A60504B4FF433
:108EC00080325A604E4B00229A604D4B01221A614B
:108ED0004B4B01221A764A4B002283F82020484B44
:108EE0000022DA62464B484A9A62454B0022DA6019
:108EF000434B0822DA61424B012283F83020404B79
:108F000001225A613E4803F047FA0346002B01D084
:108F100000F0DAFA01233B6001237B600723BB608A
:108F20003B461946364803F0A7FC0346002B01D008
:108F300000F0CAFA02233B6002237B603B461946DD
:108F40002F4803F099FC0346002B01D000F0BCFA37
:108F500003233B6003237B603B461946284803F00C
:108F60008BFC0346002B01D000F0AEFA04233B60DB
:108F700004237B603B461946214803F07DFC0346F1
:108F8000002B01D000F0A0FA05233B6005237B6095
:108F90003B4619461A4803F06FFC0346002B01D0EC
:108FA00000F092FA06233B6006237B603B4619469D
:108FB000134803F061FC0346002B01D000F084FA53
:108FC00007233B6007237B603B4619460C4803F0B0
:108FD00053FC0346002B01D000F076FA08233B60D7
:108FE00008237B603B461946054803F045FC0346D1
:108FF000002B01D000F068FA00BF1037BD4680BDDD
:10900000C4230020002001400100000F80B500AF04
:10901000124B134A1A60114B124A5A600F4B00222E
:109020009A600E4B0022DA600C4B4FF480421A61BA
:109030000A4B00225A61094B00229A61074B002219
:10904000DA61064B00221A62044804F0CDFD0346A3
:10905000002B01D000F038FA00BF80BD6C24002046
:1090600000540040801A060080B58EB000AF07F1B2
:10907000280300221A605A609A60DA6007F1200320
:1090800000221A605A603B1D00221A605A609A60E2
:10909000DA601A615A619A612D4B4FF080421A6072
:1090A0002B4B00225A602A4B00229A60284B40F634
:1090B0000F62DA60264B00221A61254B00229A616A
:1090C000234808F091FD0346002B01D000F0FCF985
:1090D0004FF48053BB6207F1280319461C4809F07E
:1090E000E7F80346002B01D000F0EEF9184808F02D
:1090F0002DFE0346002B01D000F0E6F900233B6271
:1091000000237B6207F120031946114809F092FC05
:109110000346002B01D000F0D7F960237B600023C9
:10912000BB600023FB6000237B613B1D04221946CA
:10913000074808F0FBFF0346002B01D000F0C4F9FC
:10914000034802F0C1F800BF3837BD4680BD00BFFC
:109150008025002080B58AB000AF07F120030022EF
:109160001A605A603B1D00221A605A609A60DA60E9
:109170001A615A619A61224B224A1A60204B0022DE
:109180005A601F4B00229A601D4B40F60F62DA6056
:109190001B4B00221A611A4B00229A61184808F0F2
:1091A000D5FD0346002B01D000F08EF900233B6271
:1091B00000237B6207F120031946114809F03AFCAD
:1091C0000346002B01D000F07FF960237B60002371
:1091D000BB600023FB6000237B613B1D002219461E
:1091E000074808F0A3FF0346002B01D000F06CF9FC
:1091F000034802F069F800BF2837BD4680BD00BFB4
:10920000C82500200004004080B586B000AF07F1FB
:10921000080300221A605A609A60DA603B46002216
:109220001A605A601D4B1E4A1A601C4B40F2CF2236
:109230005A601A4B00229A60184B40F2E732DA600B
:10924000164B00221A61154B00229A61134808F050
:10925000CBFC0346002B01D000F036F94FF48053CD
:10926000BB6007F1080319460C4809F021F80346D2
:10927000002B01D000F028F900233B6000237B6025
:109280003B461946054809F0D5FB0346002B01D0A3
:1092900000F01AF900BF1837BD4680BD1026002027
:1092A0000008004080B500AF114B124A1A60104B05
:1092B0004FF4E1325A600E4B00229A600C4B0022B0
:1092C000DA600B4B00221A61094B0C225A61084BE1
:1092D00000229A61064B0022DA61054809F02CFC55
:1092E0000346002B01D000F0EFF800BF80BD00BFA7
:1092F000582600200010014080B582B000AF002346
:109300007B60234B1B6B224A43F400131363204BF7
:109310001B6B03F400137B607B6800233B601C4BDA
:109320001B6B1B4A43F480031363194B1B6B03F441
:1093300080033B603B68002202210B2003F031FEDA
:109340000B2003F04AFE00220321112003F029FE26
:10935000112003F042FE00220221382003F021FEFA
:10936000382003F03AFE002202213A2003F019FED1
:109370003A2003F032FE00220221462003F011FEC3
:10938000462003F02AFE00BF0837BD4680BD00BF5F
:109390000038024080B58AB000AF07F11403002204
:1093A0001A605A609A60DA601A6100233B61424B8E
:1093B0001B6B414A43F0040313633F4B1B6B03F0E9
:1093C00004033B613B690023FB603B4B1B6B3A4A48
:1093D00043F080031363384B1B6B03F08003FB6087
:1093E000FB680023BB60344B1B6B334A43F0010323
:1093F0001363314B1B6B03F00103BB60BB6800239D
:109400007B602D4B1B6B2C4A43F0020313632A4BEA
:109410001B6B03F002037B607B6800224FF400515A
:10942000264804F0ADFB002240F22441244804F019
:10943000A7FB00224FF40641224804F0A1FB4FF4A1
:1094400000537B610123BB610023FB6100233B626E
:1094500007F114031946194804F0F6F901237B615A
:109460000023BB610223FB6107F114031946154871
:1094700004F0EAF940F224437B610123BB6100233D
:10948000FB6100233B6207F1140319460C4804F00A
:10949000DBF94FF406437B610123BB610023FB61D1
:1094A00000233B6207F114031946064804F0CCF987
:1094B00000BF2837BD4680BD00380240000802408A
:1094C000000402400000024080B400AF72B600BF4A
:1094D00000BFFDE780B588B004AF786064230293D5
:1094E0000123019307F10F03009301237522D0217B
:1094F000786804F0F7FFFB7B682B4AD10023BB732D
:10950000642302930123019307F10E0300930123C7
:109510006B22D021786804F0EBFE0023BB73642338
:1095200002930123019307F10E03009301231C22F0
:10953000D021786804F0DCFE0023BB73642302931F
:109540000123019307F10E03009301231B22D02175
:10955000786804F0CDFE0223BB73642302930123D9
:10956000019307F10E03009301231A22D02178689A
:1095700004F0BEFE0023BB73642302930123019316
:1095800007F10E03009301231922D021786804F01B
:10959000AFFE00BF1037BD4680BD80B483B000AFC2
:1095A00087ED010AC7ED000AD7ED007AF5EEC07A23
:1095B000F1EE10FA02D8D7ED017A1DE097ED017AAD
:1095C000D7ED007AB4EEE77AF1EE10FA02DDD7EDCE
:1095D000007A11E0D7ED007AF1EE677A97ED017A23
:1095E000B4EEE77AF1EE10FA04D5D7ED007AF1EE99
:1095F000677A01E0D7ED017AB0EE670A0C37BD4615
:109600005DF8047B7047000080B489B000AF03466A
:109610003960FB803B681B88FA889A4201D80A238C
:1096200046E00123FB773FE0FB7F5B003A68134491
:109630001B88FA889A4234D8FB7F03F10043013B30
:109640005B003A6813441B88BB61FB7F5B003A6890
:1096500013441B887B61FB7F013B184A32F81330AF
:109660003B61FB7F154A32F81330FB607A69BB69B6
:10967000D31ABB60BB68002B02D13B699BB217E0D9
:109680003B699AB2F988BB69CB1AF8683969411A03
:1096900003FB01F1BB68B1FBF3F39BB213449BB234
:1096A00006E0FB7F0133FB77FB7F062BBCD946230B
:1096B00018462437BD465DF8047B704710A00108AA
:1096C00080B485B000AF0346FB80FA880B4B1B6863
:1096D0001344FB60FB68002B01DA002308E0FB6801
:1096E000B3F5805F02DB40F6FF7301E0FB689BB2DD
:1096F00018461437BD465DF8047B70478427002068
:1097000080B483B000AF0023FB7109E0FB79104AFD
:109710009B0013444FF000021A60FB790133FB7188
:10972000FB79042BF2D90B4B4FF000021A600A4B65
:1097300000221A70094B00221A70094B4FF00002E8
:109740001A6000BF0C37BD465DF8047B704700BF50
:10975000C8270020DC270020E0270020E127002088
:10976000BC27002080B483B000AF87ED010A304BE6
:109770001B78042B17D82F4B1B782F4A9B001344C0
:109780007A681A602D4B93ED007AD7ED017A77EE67
:10979000277A2A4BC3ED007A254B1B780133DAB2C6
:1097A000234B1A701FE0254B93ED007A214B1B7859
:1097B000214A9B001344D3ED007A77EE677A1F4B62
:1097C000C3ED007A1B4B1B781B4A9B0013447A683D
:1097D0001A601A4B93ED007AD7ED017A77EE277A6B
:1097E000164BC3ED007A134B1B780133DAB2114BE1
:1097F0001A70104B1B78042B02D90E4B00221A70E2
:109800000B4B1B78002B0DD00C4BD3ED006A084B93
:109810001B7807EE903AB8EE677AC6EE877A084B67
:10982000C3ED007A00BF0C37BD465DF8047B70477E
:10983000E1270020E0270020C8270020DC270020A7
:10984000BC27002080B500AF5E4B1B899AB25E4BEF
:109850001A805C4B9B899AB25C4B1A805B4B1B88CD
:109860009AB25B4B1A805B4B1B78002B20D1564B76
:109870001B889AB2584B1A80574B1B881846FFF723
:109880001FFF03461A46554B1A80504B1B889AB24D
:10989000534B1A80524B1B889AB2524B1A804C4B36
:1098A0001B889AB2504B1A804A4B01221A7038E03A
:1098B000494B1B881A461346DB009A1A424B1B88F9
:1098C0009BB219460B465B000B441344474AA2FB6C
:1098D0000323DB089AB2404B1A803F4B1B88184683
:1098E000FFF7EEFE03461A463C4B1A803C4B1B88A2
:1098F0009BB21A461346DB009A1A344B1B889BB264
:1099000019460B465B000B441344384AA2FB032361
:10991000DB089AB2324B1A80314B1B889AB2314B1A
:109920001A802E4B1B889AB2314B1A812C4B1B8804
:109930009AB22F4B9A81294B1B889BB22D4918460E
:10994000FFF762FE03461A462B4B1A80244B1B88F6
:109950009BB22A491846FFF757FE03461A46284B82
:109960001A80274B1B889AB2264B1A801C4B1B88E7
:109970009BB2B3F5616F03D3234B00221A701FE033
:109980001F4B1B889BB2372B08D91B4B1B889BB2E4
:10999000372B03D91C4B01221A7011E0184B1B887E
:1099A0009BB21D2B08D8144B1B889BB21D2B03D8D0
:1099B000154B03221A7003E0134B02221A70FFE7C3
:1099C00000BF80BDE82200207E27002088270020DD
:1099D00078270020B8270020BA2700208027002001
:1099E0008A2700207A2700207C270020CDCCCCCCF1
:1099F00088000020F09F0108E200002000A001087C
:109A0000E4000020E00000207627002080B483B02E
:109A100000AF0346FB71074AFB791370064B002227
:109A20001A70064B00221A7000BF0C37BD465DF855
:109A3000047B704775270020B0270020B127002045
:109A400080B500AF1E4B00221A801E4B00221A80E8
:109A50001D4B00221A801D4B00221A801C4B002235
:109A60001A801C4B00221A801B4B00221A801B4BB1
:109A70004FF000021A601A4B00221A70194B4FF077
:109A800000021A60184B4FF000021A60174B0022B8
:109A90001A60174B01221A70164B00221A70164BCF
:109AA00000221A70154B00221A70154B4FF000025D
:109AB0001A60144B00221A70FFF722FE00BF80BD0F
:109AC0009C2700209E2700208C2700208E27002026
:109AD000902700209227002094270020982700201C
:109AE000A0270020AC270020A8270020B4270020B2
:109AF000F1000020B1270020C0270020C12700204E
:109B0000C4270020E227002080B582B000AF0346C2
:109B1000FB71FB79012B01D0012351E02A4B1B780B
:109B2000DBB2012B09D0284B1B78DBB2072B04D00A
:109B3000254B1B78DBB2092B04D1244B1B78DBB2FD
:109B4000002B01D003233BE0214AFB791370214B0A
:109B500001221A701C4B07221A701F4B00221A7028
:109B60001E4B4FF000021A601D4B00221A80FFF7B7
:109B700067FF1C4B1B78DBB2002B10D1194B5B78B5
:109B8000DBB2002B0BD1174B9B78DBB2002B06D13D
:109B9000144BDB78DBB2002B01D1012300E0002362
:109BA000DAB2114B1A70114B00221A70FFF74AFEFD
:109BB0000F4B1B680F4A13600120FFF727FF00239C
:109BC00018460837BD4680BD4408002050050020D7
:109BD000DC0000207427002048080020102300200B
:109BE000142300207C220020E3270020E42700200B
:109BF000B4220020A427002080B500AF044B00222F
:109C00001A70FFF71DFF0020FFF700FF00BF80BDA7
:109C10007427002080B588B000AF4FF00003FB61CF
:109C20004FF00003BB614FF000037B614FF0000376
:109C30003B614FF00003FB600023FB720023BB720B
:109C400002F09EFB7860FFF7FDFD964B1B889BB2F0
:109C5000B3F5616F01D3012300E00023FB72924B47
:109C60001B889BB2B3F5616F01D3012300E0002391
:109C7000BB728E4B1B889BB2A3F67F139BB21AB2AA
:109C80008B4B1A808B4B1B889BB207EE903AB8EE39
:109C9000677A894B1B889BB207EE903AF8EE677A99
:109CA00077EE277AB6EE007A67EE877AC7ED047A08
:109CB000824B1B889BB207EE903AF8EE677A97EDDD
:109CC000047A77EE677AFDEEE77A17EE903A1AB2E9
:109CD0007B4B1A80774B1B889AB2774B1B889BB2C1
:109CE000D31A9BB21AB2774B1A80774B1B78DBB230
:109CF000002B00F02682754B1B78DBB2072B09D1B5
:109D0000734B1B78DBB2002B07D0724B1B78DBB296
:109D1000032B02D0FFF770FF14E26F4B1B78DBB20E
:109D2000002B02D1FFF78CFE0CE26C4B4FF00002CF
:109D30001A60684B1B78DBB2032B00F05081032BB9
:109D400000F36C81012B02D0022B17D066E1644B2B
:109D50001B78092B05D8624B1B780133DAB2604BB4
:109D60001A705F4B1B78092B40F25B815D4B1B68BF
:109D70005D4A13600220FFF749FE52E15B4B1B78FE
:109D8000002B1DD15A4B1B78DBB2002B10D1584B46
:109D90005B78DBB2002B0BD1554B9B78DBB2002BF1
:109DA00006D1534BDB78DBB2002B01D1012300E05D
:109DB0000023DAB24D4B1A704E4B00221A7021E08C
:109DC0004B4B1B78DBB2002B0ED1494B5B78DBB2DF
:109DD000002B09D1464B9B78DBB2002B04D1444BBE
:109DE000DB78DBB2002B0AD0424B1B78042B09D85E
:109DF000404B1B780133DAB23E4B1A7002E03D4B08
:109E000000221A703B4B1B78042B22D9394B0022BD
:109E10001A70394B00221A80384B00221A802F4BBF
:109E20004FF000021A6001210020B3EE0E0AF9F78C
:109E300043FF0346002B06D1314B01221A70032049
:109E4000FFF7E4FDF2E0FFF7D7FE204B03221A7084
:109E5000ECE0FB7A002B03D0BB7A002B40F0E380D0
:109E6000284B1B78002B60D0124B1B889BB20A2B0F
:109E70000AD8254B1B78132B09D8234B1B780133A9
:109E8000DAB2214B1A7002E01F4B00221A701E4BEF
:109E90001B78132B3AD91B4B00221A701A4B002245
:109EA0001A7042E08A270020802700207A270020AD
:109EB0008C270020E4000020E2000020DE000020CB
:109EC0008E270020902700207427002044080020BF
:109ED0005005002075270020460800209827002004
:109EE000B0270020B4220020A4270020E327002070
:109EF0007C220020E22700209C2700209E270020B3
:109F0000E4270020C0270020C12700208F4B00221B
:109F10001A708F4B1B68BB6197ED077AD7ED067AF5
:109F200077EE277AC7ED077A80E0FB7A002B04D022
:109F3000884B1B889BB20A2B77D8BB7A002B18D092
:109F4000824B00221A70FFF77BFD834B1B78DBB23C
:109F5000002B0AD09FED810AF9F71CFF0346002B66
:109F600003D10320FFF752FD60E00120FFF74EFD13
:109F70005CE0764B00221A70794B1B881BB207EE0F
:109F8000903AB8EEE77A774BD3ED007A27EE277A4E
:109F9000754B1B881BB207EE903AF8EEE76A734BDD
:109FA000D3ED007A66EEA77A77EE677AC7ED037A8B
:109FB000FB68BB61DFED6E0A97ED060AFFF7EDFA6D
:109FC00087ED060A97ED060AFFF7CCFB97ED077AB7
:109FD000D7ED067A77EE277AC7ED077A26E0654B4C
:109FE0001B78DBB2002B06D0634B00221A80634B38
:109FF00000221A80A6E0624B1B78002B08D0604B31
:10A0000000221A70FFF7F8FD5E4B03221A7099E0E8
:10A01000FFF716FD0120FFF7F9FC07E0FFF7ECFD65
:10A0200090E000BF02E000BF00E000BF564B0022FE
:10A030001A80564B4FF000021A60D7ED067AFDEEFB
:10A04000E77A17EE903A1AB24C4B1A804B4B1B88AA
:10A050001AB24F4B1A80D7ED077A9FED457AF4EE8E
:10A06000C77AF1EE10FA08DCD7ED077A9FED497A4E
:10A07000F4EEC77AF1EE10FA01D5012200E00022D9
:10A08000454B1A70DFED3A0A97ED070AFFF785FA9C
:10A0900087ED070A414BD3ED007A97ED077A77EE0B
:10A0A000677AC7ED007A3E4BD3ED007AF0EE670A8F
:10A0B00097ED000AFFF771FA87ED000A374B93ED31
:10A0C000007AD7ED007A77EE277A344BC3ED007A29
:10A0D000324BD3ED007ADFED260AB0EE670AFFF7C8
:10A0E0005CFAF0EE407A2D4BC3ED007A2B4BD3EDAA
:10A0F000007AFDEEE77A17EE903A1AB21E4B1A80FC
:10A10000284B1B78DBB2022B11D1274BD3ED007A01
:10A11000F1EE677A184B1B8818B2244B244A7968F1
:10A12000B0EE670AFAF71CFC87ED050A05E0204B44
:10A1300000221A601D4B01221A701E4A7B691360AF
:10A1400000E000BF2037BD4680BD00BFB127002022
:10A15000C4270020E2000020F00000200000B442EC
:10A1600090270020E80000208E270020EC0000202F
:10A1700000006145500500209C2700209E270020FC
:10A18000E42700204408002094270020A82700206E
:10A1900092270020000061C5A0270020AC270020E6
:10A1A0007C0000207527002074000020F1000020B2
:10A1B000B42700209827002080B582B000AF00F0BF
:10A1C0007FFD44F62063012278215B4804F04CFDBA
:10A1D0000346002B01D00023A9E040F6C4137B60A6
:10A1E00002E07B68013B7B607B68002BF9D1AE22EB
:10A1F0000021782000F0E0FD20220021782000F0EE
:10A20000DBFD10220021782000F0D6FDB0220021D5
:10A21000782000F0D1FDC8220021782000F0CCFD8C
:10A2200000220021782000F0C7FD102200217820B4
:10A2300000F0C2FD40220021782000F0BDFD812207
:10A240000021782000F0B8FDFF220021782000F0E6
:10A25000B3FDA1220021782000F0AEFDA62200214E
:10A26000782000F0A9FDA8220021782000F0A4FDAC
:10A270003F220021782000F09FFDA42200217820B9
:10A2800000F09AFDD3220021782000F095FD0022F5
:10A290000021782000F090FDD5220021782000F0E8
:10A2A0008BFDF0220021782000F086FDD9220021CC
:10A2B000782000F081FD22220021782000F07CFD32
:10A2C000DA220021782000F077FD12220021782088
:10A2D00000F072FDDB220021782000F06DFD2022CD
:10A2E0000021782000F068FD8D220021782000F008
:10A2F00063FD14220021782000F05EFDAF220021D2
:10A30000782000F059FD2E220021782000F054FD25
:10A31000002000F043F800F013F8084B00221A80E8
:10A32000064B00225A80054B01225A710123184620
:10A330000837BD4680BD00BF6C240020E82B0020FC
:10A3400080B582B000AF0023FB711DE0FB79503B6C
:10A35000DBB21A460021782000F02EFD00220021F9
:10A36000782000F029FD10220021782000F024FD43
:10A37000FB79DB01084A1A4480234021782000F051
:10A38000B5FCFB790133FB71FB79072BDED900BFEC
:10A3900000BF0837BD4680BDE827002080B582B0E9
:10A3A00000AF0346FB71FB79002B01D1002300E0D5
:10A3B000FF234FF48062194603480AF072FB00BF86
:10A3C0000837BD4680BD00BFE827002080B483B0B9
:10A3D00000AF0346FB800B46BB801346FB70FB8837
:10A3E0007F2B48D8BB883F2B45D8264B1B79002BA9
:10A3F00006D0FB78002B0CBF01230023DBB2FB70DF
:10A40000FB78012B1AD1FA88BB88DB0898B2034687
:10A41000DB0113441C4AD35C5AB2BB8803F0070328
:10A42000012101FA03F35BB2134359B2FA880346E0
:10A43000DB011344C9B2144AD1541DE0FA88BB8829
:10A44000DB0898B20346DB0113440F4AD35C5AB2CF
:10A45000BB8803F00703012101FA03F35BB2DB437E
:10A460005BB2134059B2FA880346DB011344C9B208
:10A47000054AD15400E000BF0C37BD465DF8047BAF
:10A48000704700BFE82B0020E827002080B483B08D
:10A4900000AF03460A46FB801346BB80054AFB8893
:10A4A0001380044ABB88538000BF0C37BD465DF85B
:10A4B000047B7047E82B002080B586B000AF0346D0
:10A4C0003960FB711346BB71394B1B881A463B68D8
:10A4D0001B7813447F2B07DC354B5B881A463B689F
:10A4E0005B7813443F2B01DD00235DE000237B619B
:10A4F0004BE03B685A68FB79203B3968497801FB9F
:10A5000003F319467B690B445B0013441B88FB6013
:10A5100000233B6130E0FA683B6902FA03F303F47D
:10A520000043002B10D0224B1A883B699BB2134486
:10A5300098B21F4B5A887B699BB213449BB2BA797D
:10A540001946FFF743FF14E0194B1A883B699BB289
:10A55000134498B2164B5A887B699BB2134499B244
:10A56000BB79002B0CBF01230023DBB21A46FFF797
:10A570002DFF3B6901333B613B681B781A463B6901
:10A580009342C8D37B6901337B613B685B781A4691
:10A590007B699342ADD3064B1B883A68127813440B
:10A5A0009AB2034B1A80FB7918461837BD4680BD16
:10A5B000E82B002080B584B000AFF860B960134686
:10A5C000FB7112E0FB681B78FA79B9681846FFF74F
:10A5D00073FF03461A46FB681B789A4202D0FB6859
:10A5E0001B7808E0FB680133FB60FB681B78002BDD
:10A5F000E8D1FB681B7818461037BD4680BD90B582
:10A6000087B000AF0446084611461A462346FB8031
:10A610000346BB800B467B8013463B80FB887F2B29
:10A6200001D97F23FB807B887F2B01D97F237B800F
:10A63000BB883F2B01D93F23BB803B883F2B01D9EF
:10A640003F233B80FA887B889A4205D27A88FB8830
:10A65000D31A9BB21BB204E0FA887B88D31A9BB250
:10A660001BB27B82BA883B889A4205D23A88BB8863
:10A67000D31A9BB21BB204E0BA883B88D31A9BB2B0
:10A680001BB23B82FA887B889A4201D2012301E007
:10A690004FF0FF33FB81BA883B889A4201D20123F5
:10A6A00001E04FF0FF33BB81B7F91220B7F910304A
:10A6B0009A4206DDB7F91230DA0F13445B101BB271
:10A6C00006E0B7F91030DA0F13445B105B421BB29F
:10A6D000FB82B7F91230002B29D13A88BB889A4205
:10A6E00005D23B883B81BB883B803B89BB807A8815
:10A6F000FB889A4205D27B883B81FB887B803B8923
:10A70000FB80BB88BB820CE0B98A97F82820FB88C5
:10A710001846FFF75BFEB7F914309BB201339BB2CA
:10A72000BB82B7F914203B889A42EDDD5FE0B7F9B0
:10A730001030002B29D13A88BB889A4205D23B8839
:10A740003B81BB883B803B89BB807A88FB889A42EF
:10A7500005D27B883B81FB887B803B89FB80FB8823
:10A76000BB820CE0BB8A97F82820B9881846FFF70F
:10A770002DFEB7F914309BB201339BB2BB82B7F9FF
:10A7800014207B889A42EDDD31E097F82820B988C3
:10A79000FB881846FFF71AFEFA887B889A4203D195
:10A7A000BA883B889A4221D0FB8A7B81B7F90A207C
:10A7B000B7F912305B429A4208DDFA8A3B8AD31A13
:10A7C0009BB2FB82FA89FB881344FB80B7F90A200D
:10A7D000B7F910309A42D8DAFA8A7B8A13449BB2CE
:10A7E000FB82BA89BB881344BB80CEE700BF1C370D
:10A7F000BD4690BD90B585B002AF044608461146EF
:10A800001A462346FB800346BB800B467B801346DB
:10A810003B80FB887F2B53D8BB883F2B50D8FA88CE
:10A820007B8813447F2B03DDFB88C3F180037B808F
:10A83000BA883B8813443F2B03DDBB88C3F1400338
:10A840003B80FA887B8813449AB2BC88B988F88820
:10A850003B7E00932346FFF7D2FEBA883B88134421
:10A8600099B2FA887B8813449CB2BA883B88134417
:10A870009AB2F8883B7E009313462246FFF7BFFE4C
:10A88000BA883B8813449CB2FA88B988F8883B7E22
:10A8900000932346FFF7B3FEFA887B88134498B2EF
:10A8A000FA887B8813449CB2BA883B8813449AB2D6
:10A8B000B9883B7E009313462246FFF7A0FE00E0D6
:10A8C00000BF0C37BD4690BD90B587B002AF0446BF
:10A8D000084611461A462346FB800346BB800B46BA
:10A8E0007B8013463B80FB887F2B36D8BB883F2B71
:10A8F00033D8FA887B8813447F2B03DDFB88C3F1B0
:10A9000080037B80BA883B8813443F2B03DDBB88E0
:10A91000C3F140033B800023FB7318E0FB7B9AB23A
:10A92000BB88134499B2FA887B8813449CB2FB7BA2
:10A930009AB2BB8813449AB2F88897F820300093F3
:10A9400013462246FFF75BFEFB7B0133FB73FB7B69
:10A950009BB23A889A42E1D200E000BF1437BD466C
:10A9600090BD90B587B000AF0446084611461A4620
:10A970002346FB800346BB800B467B8013467B70DF
:10A980007B88C3F101039BB2FB820123BB827B88DE
:10A990001A46D203D31A5B009BB27B8200233B8210
:10A9A0007B88FB81F888BA887B8813449BB27A78CD
:10A9B0001946FFF70BFDF888BA887B88D31A9BB23B
:10A9C0007A781946FFF702FDFA887B8813449BB218
:10A9D000B9887A781846FFF7F9FCFA887B88D31A89
:10A9E0009BB2B9887A781846FFF7F0FC81E0B7F996
:10A9F0001630002B0EDBB7F90E309BB2013B9BB239
:10AA0000FB817B8A02339BB27B82FA8A7B8A134466
:10AA10009BB2FB82B7F910309BB201339BB23B82F1
:10AA2000BB8A02339BB2BB82FA8ABB8A13449BB2B5
:10AA3000FB82FA883B8A134498B2BA88FB89134494
:10AA40009BB27A781946FFF7C1FCFA883B8AD31A81
:10AA500098B2BA88FB8913449BB27A781946FFF7FB
:10AA6000B5FCFA883B8A134498B2BA88FB89D31A9A
:10AA70009BB27A781946FFF7A9FCFA883B8AD31A69
:10AA800098B2BA88FB89D31A9BB27A781946FFF735
:10AA90009DFCFA88FB89134498B2BA883B8A134418
:10AAA0009BB27A781946FFF791FCFA88FB89D31A92
:10AAB00098B2BA883B8A13449BB27A781946FFF75A
:10AAC00085FCFA88FB89134498B2BA883B8AD31A6A
:10AAD0009BB27A781946FFF779FCFA88FB89D31A7A
:10AAE00098B2BA883B8AD31A9BB27A781946FFF794
:10AAF0006DFCB7F91020B7F90E309A42FFF677AF28
:10AB000000BF00BF1C37BD4690BD90B589B002AFF5
:10AB10000446084611461A462346FB800346BB807E
:10AB20000B467B8013467B707B88C3F101039BB28D
:10AB3000FB820123BB827B881A46D203D31A5B00B7
:10AB40009BB27B8200233B827B88FB81F888BA889A
:10AB50007B8813449BB27A781946FFF737FCF88854
:10AB6000BA887B88D31A9BB27A781946FFF72EFCF5
:10AB7000FA887B8813449BB2B9887A781846FFF725
:10AB800025FCFA887B88D31A9BB2B9887A78184654
:10AB9000FFF71CFCFA887B88D31A98B2B988FA8828
:10ABA0007B8813449AB2BC887B7800932346FFF7D6
:10ABB00026FD79E0B7F91630002B0EDBB7F90E3021
:10ABC0009BB2013B9BB2FB817B8A02339BB27B82AF
:10ABD000FA8A7B8A13449BB2FB82B7F910309BB28E
:10ABE00001339BB23B82BB8A02339BB2BB82FA8A9F
:10ABF000BB8A13449BB2FB82FA883B8AD31A98B271
:10AC0000BA88FB89134499B2FA883B8A13449CB2F0
:10AC1000BA88FB8913449AB27B7800931346224684
:10AC2000FFF7EDFCFA883B8A134498B2BA88FB8997
:10AC3000D31A99B2FA883B8AD31A9CB2BA88FB8994
:10AC4000D31A9AB27B78009313462246FFF7D7FCBB
:10AC5000FA88FB89134498B2BA883B8A134499B2A4
:10AC6000FA88FB89D31A9CB2BA883B8A13449AB2F9
:10AC70007B78009313462246FFF7C1FCFA88FB89D4
:10AC8000134498B2BA883B8AD31A99B2FA88FB89DE
:10AC9000D31A9CB2BA883B8AD31A9AB27B780093B3
:10ACA00013462246FFF7ABFCB7F91020B7F90E3078
:10ACB0009A42FFF67FAF00BF00BF1C37BD4690BD74
:10ACC00080B483B000AF084B7B6002E07B68013B3F
:10ACD0007B607B68002BF9D100BF00BF0C37BD46FD
:10ACE0005DF8047B704700BF90D0030090B5C7B0FB
:10ACF00002AF0446084607F58871A1F588710A601D
:10AD0000194607F58873A3F2091322461A7007F54E
:10AD10008873A3F5857302461A7007F58873A3F547
:10AD200086730A461A8007F58873A3F5827307F5C0
:10AD30008872A2F5857212781A70002387F80F3195
:10AD400015E097F80F3107F58872A2F5887212683E
:10AD50001A4497F80F310133117807F58872A2F57C
:10AD60008272D15497F80F31013387F80F3197F879
:10AD70000F319BB207F58872A2F5867212889A424B
:10AD8000DFD807F58873A3F209131B7899B207F58A
:10AD90008873A3F586731B8801339BB207F10C02FD
:10ADA0000A200090034803F079F800BF07F58A777E
:10ADB000BD4690BD6C24002080B586B002AF03462E
:10ADC000FB710B46BB7113467B71BB793B737B797F
:10ADD0007B73FB7999B207F10C020A2300930223DB
:10ADE000034803F05BF800BF1037BD4680BD00BFCD
:10ADF0006C24002080B584B000AF0346FB71FB7962
:10AE0000072B44D8254B1B78DBB2002B41D1244BB8
:10AE100080221A70FB79503BDAB2214B5A70204BDA
:10AE200080229A701E4B0022DA701D4B80221A710C
:10AE30001B4B10225A711A4B40229A710023FB605F
:10AE40000CE0FB79DA01FB681A44FB68073315490B
:10AE5000895C134AD154FB680133FB60FB687F2B8C
:10AE6000EFDD0E4B01221A7087230D4A78210E4820
:10AE700003F012F90346002B0CD00C4B00221A7081
:10AE80000B4B00221A70054B00221A7002E000BF23
:10AE900000E000BF1037BD4680BD00BF3623002054
:10AEA000F02B0020E82700206C2400203523002010
:10AEB0003423002080B582B000AF00237B60214B9B
:10AEC0005B6C204A43F4804353641E4B5B6C03F479
:10AED00080437B607B6800233B601A4B1B6C194AE4
:10AEE00043F080531364174B1B6C03F080533B609B
:10AEF0003B68002202216FF00B0002F052F80022A2
:10AF000002216FF00A0002F04CF8002202216FF0DB
:10AF1000090002F046F8002202216FF0040002F05E
:10AF200040F8002202216FF0030002F03AF80022FC
:10AF300002216FF0010002F034F800BF0837BD466F
:10AF400080BD00BF0038024080B58AB000AF786095
:10AF500007F1140300221A605A609A60DA601A61DD
:10AF60007B681B68404A93427AD100233B613F4B88
:10AF70005B6C3E4A43F4807353643C4B5B6C03F45C
:10AF800080733B613B690023FB60384B1B6B374A86
:10AF900043F001031363354B1B6B03F00103FB60AC
:10AFA000FB680023BB60314B1B6B304A43F002034C
:10AFB00013632E4B1B6B03F00203BB60BB68FE23C5
:10AFC0007B610323BB610023FB6107F11403194676
:10AFD000274802F039FC01237B610323BB61002376
:10AFE000FB6107F114031946224802F02DFC224BA5
:10AFF000224A1A60204B00225A601F4B00229A609E
:10B000001D4B0022DA601C4B4FF480621A611A4B10
:10B010004FF400625A61184B4FF400529A61164B7C
:10B020004FF48072DA61144B4FF480321A62124B83
:10B0300000225A62104801F0EBFF0346002B01D0BA
:10B04000FEF742FA7B680C4A9A630B4A7B6893636B
:10B0500000220221122001F0A4FF122001F0BDFF06
:10B0600000BF2837BD4680BD0020014000380240A7
:10B0700000000240000402400C2400201064024042
:10B0800080B58AB000AF786007F1140300221A601F
:10B090005A609A60DA601A617B681B68504A934272
:10B0A00040F09A8000233B614E4B1B6B4D4A43F0AE
:10B0B000020313634B4B1B6B03F002033B613B69C1
:10B0C0004FF440737B611223BB610023FB610323B8
:10B0D0003B6204237B6207F114031946424802F0E5
:10B0E000B3FB0023FB603F4B1B6C3E4A43F4001351
:10B0F00013643C4B1B6C03F40013FB60FB683B4B7D
:10B100003B4A1A60394B4FF000725A60374B0022AD
:10B110009A60364B0022DA60344B4FF480621A6139
:10B12000324B00225A61314B00229A612F4B002290
:10B13000DA612E4B4FF440321A622C4B00225A62D5
:10B140002A4801F065FF0346002B01D0FEF7BCF949
:10B150007B68264A9A63254A7B689363254B264A77
:10B160001A60244B4FF000725A60224B40229A60C2
:10B17000204B0022DA601F4B4FF480621A611D4B96
:10B1800000225A611B4B00229A611A4B0022DA619D
:10B19000184B00221A62174B00225A62154801F020
:10B1A00037FF0346002B01D0FEF78EF97B68114A6A
:10B1B0005A63104A7B689363002203211F2001F029
:10B1C000F0FE1F2001F009FF00220321202001F0E2
:10B1D000E8FE202001F001FF00BF2837BD4680BDFA
:10B1E000005400400038024000040240C024002007
:10B1F0001060024020250020A060024080B584B08D
:10B2000000AF78607B681B68B3F1804F16D10023D4
:10B21000FB601A4B1B6C194A43F001031364174B74
:10B220001B6C03F00103FB60FB68002202211C2061
:10B2300001F0B7FE1C2001F0D0FE1AE07B681B680D
:10B240000F4A934215D10023BB600C4B1B6C0B4A79
:10B2500043F004031364094B1B6C03F00403BB604D
:10B26000BB68002201211E2001F09BFE1E2001F080
:10B27000B4FE00BF1037BD4680BD00BF003802409D
:10B280000008004080B485B000AF78607B681B6820
:10B290000B4A93420DD10023FB600A4B1B6C094AF9
:10B2A00043F002031364074B1B6C03F00203FB60C3
:10B2B000FB6800BF1437BD465DF8047B704700BFD4
:10B2C000000400400038024080B58AB000AF7860CA
:10B2D00007F1140300221A605A609A60DA601A615A
:10B2E0007B681B68B3F1804F1ED100233B61224B6A
:10B2F0001B6B214A43F0020313631F4B1B6B03F0CC
:10B3000002033B613B6908237B610223BB6100238D
:10B31000FB6100233B6201237B6207F114031946A2
:10B32000164802F091FA22E07B681B68144A9342A7
:10B330001DD10023FB60104B1B6B0F4A43F002032F
:10B3400013630D4B1B6B03F00203FB60FB681023C0
:10B350007B610223BB610023FB6100233B6202236C
:10B360007B6207F114031946044802F06DFA00BF2E
:10B370002837BD4680BD00BF0038024000040240AF
:10B380000004004080B58AB000AF786007F1140374
:10B3900000221A605A609A60DA601A617B681B6842
:10B3A0004C4A934240F0928000233B614A4B5B6CD5
:10B3B000494A43F010035364474B5B6C03F010039E
:10B3C0003B613B690023FB60434B1B6B424A43F0EC
:10B3D00002031363404B1B6B03F00203FB60FB682B
:10B3E000C0237B610223BB610023FB6103233B621B
:10B3F00007237B6207F114031946384802F024FA48
:10B40000374B384A1A60364B4FF000625A60344B63
:10B4100000229A60324B0022DA60314B4FF4806296
:10B420001A612F4B00225A612D4B00229A612C4B3E
:10B430004FF48072DA612A4B4FF480321A62284B43
:10B4400000225A62264801F0E3FD0346002B01D09A
:10B45000FEF73AF87B68224ADA63214A7B689363F5
:10B46000214B224A1A60204B4FF000625A601E4B5B
:10B4700040229A601C4B0022DA601B4B4FF4806222
:10B480001A61194B00225A61174B00229A61164B20
:10B490000022DA61144B00221A62134B00225A6216
:10B4A000114801F0B5FD0346002B01D0FEF70CF862
:10B4B0007B680D4A9A630C4A7B68936300220221E1
:10B4C000252001F06EFD252001F087FD00BF283703
:10B4D000BD4680BD0010014000380240000402401B
:10B4E000A02600204064024000270020B8640240EB
:10B4F00080B400AF00BFFDE780B400AF00BFFDE740
:10B5000080B400AF00BFFDE780B400AF00BFFDE72F
:10B5100080B400AF00BFFDE780B400AF00BFBD4600
:10B520005DF8047B704780B400AF00BFBD465DF896
:10B53000047B704780B400AF00BFBD465DF8047B5C
:10B54000704780B500AF00F007FF00BF80BD00006E
:10B5500080B500AF024801F0F3FE00BF80BD00BF20
:10B56000C024002080B500AF024801F0E9FE00BF12
:10B5700080BD00BF2025002080B500AF024800F04C
:10B580004EFF00BF80BD00BFC423002080B500AFC8
:10B59000024806F0DBFC00BF80BD00BF8025002014
:10B5A00080B500AF024806F0D1FC00BF80BD00BFEF
:10B5B0001026002080B500AF024803F083FC00BFD6
:10B5C00080BD00BF6C24002080B500AF024803F0AE
:10B5D000EAFD00BF80BD00BF6C24002080B500AF35
:10B5E000024807F01FFB00BF80BD00BF58260020A7
:10B5F00080B500AF024801F0A3FE00BF80BD00BFD0
:10B600000C24002080B500AF024801F099FE00BF75
:10B6100080BD00BFA026002080B500AF024801F029
:10B620008FFE00BF80BD00BF0027002080B400AFA8
:10B6300001231846BD465DF8047B704780B582B093
:10B6400000AF7860396009F0A3FA034616221A6049
:10B650004FF0FF3318460837BD4680BD80B582B035
:10B6600000AF78604FF0FF317868FFF7E7FF00BF69
:10B67000FDE780B586B000AFF860B9607A6000235E
:10B680007B610AE0AFF300800146BB685A1CBA60D8
:10B69000CAB21A707B6901337B617A697B689A420E
:10B6A000F0DB7B6818461837BD4680BD80B586B094
:10B6B00000AFF860B9607A6000237B6109E0BB6885
:10B6C0005A1CBA601B781846AFF300807B690133BF
:10B6D0007B617A697B689A42F1DB7B681846183790
:10B6E000BD4680BD80B483B000AF78604FF0FF33BB
:10B6F00018460C37BD465DF8047B704780B483B0B4
:10B7000000AF786039603B684FF400525A60002304
:10B7100018460C37BD465DF8047B704780B483B093
:10B7200000AF7860012318460C37BD465DF8047BF6
:10B73000704780B485B000AFF860B9607A600023CC
:10B7400018461437BD465DF8047B704780B586B057
:10B7500000AF7860144A154BD31A7B617B693B615B
:10B76000134B1B68002B02D1114B124A1A60104B6D
:10B770001A687B6813443A699A4207D209F008FABA
:10B7800003460C221A604FF0FF3309E0084B1B6898
:10B79000FB60074B1A687B681344054A1360FB681B
:10B7A00018461837BD4680BD000002200004000086
:10B7B000782C0020202E002080B400AF064BD3F858
:10B7C0008830054A43F47003C2F8883000BFBD4694
:10B7D0005DF8047B704700BF00ED00E080B485B0E9
:10B7E00000AF78600B467B804FF6FF73FB81002330
:10B7F000BB8129E0BB897A6813441B781BB21B020A
:10B800001AB2B7F90E3053401BB2FB810023FB7212
:10B8100014E0B7F90E30002B0ADAB7F90E305B00EE
:10B820001BB283F4815383F001031BB2FB8102E05E
:10B83000FB895B00FB81FB7A0133FB72FB7A072BF0
:10B84000E7D9BB890133BB81BA897B889A42D1D3BE
:10B85000FB8918461437BD465DF8047B704700002D
:10B8600080B596B000AF3A601A460346FB710B46AE
:10B87000BB7113467B710023A7F856307B79402BB0
:10B8800001D90023B6E0B7F856305A1CA7F8562065
:10B8900058333B44552203F8502CB7F856305A1C05
:10B8A000A7F8562058333B444E2203F8502CB7F8E3
:10B8B00056305A1CA7F8562058333B44452203F80B
:10B8C000502CB7F856305A1CA7F8562058333B4432
:10B8D000522203F8502CB7F856305A1CA7F85620BD
:10B8E00058333B44012203F8502CB7F856305A1C09
:10B8F000A7F8562058333B44FA7903F8502CB7F890
:10B9000056305A1CA7F8562058333B44BA7903F8EE
:10B91000502CB7F856305A1CA7F856201946374B0A
:10B920001A7801F158033B4403F8502CB7F856300D
:10B930005A1CA7F8562058333B447A7903F8502C08
:10B940003B68002B13D07B79002B10D0B7F8563012
:10B9500007F1080213447A793968184609F045F965
:10B960007B799AB2B7F856301344A7F85630B7F837
:10B97000562007F1080311461846FFF72FFF03462C
:10B98000A7F85430B7F856305A1CA7F85620B7F825
:10B990005420D2B258333B4403F8502CB7F85430FB
:10B9A0001B0A9AB2B7F85630591CA7F85610D2B2F3
:10B9B00058333B4403F8502CB7F8562007F10803DE
:10B9C0001146184600F020F80346002B0CD00B4B14
:10B9D0001B780133DAB2094B1A70094B1B6801332B
:10B9E000074A1360012305E0064B1B680133054A33
:10B9F0001360002318465837BD4680BD7C2C0020BC
:10BA0000942300209823002080B582B000AF786096
:10BA10000B467B807B68002B05D07B88002B02D0F7
:10BA20007B88502B01D9002341E0234B93F85632F9
:10BA3000DBB2032B01D9002339E01F4B93F85532B9
:10BA4000DBB21A4613469B0013441B0103F58873AF
:10BA5000194A13447A887968184609F0C6F8164BD3
:10BA600093F85532DBB219467B88DAB2124B0B449D
:10BA700083F85022104B93F85532DBB20133DAB21F
:10BA80000D4B83F855220C4B93F85532DBB2032B48
:10BA900003D9094B002283F85522074B93F85632FD
:10BAA000DBB20133DAB2044B83F856220123184685
:10BAB0000837BD4680BD00BFE805002080B582B0D4
:10BAC00000AF00F05DFC7860504B93F85632DBB26B
:10BAD000002B00F095804D4B93F85832DBB2002BD1
:10BAE00000F08E804A4B1B68002B06D0484B1B6829
:10BAF0007A68D31A132B40F28580454B1B68002BC4
:10BB00002DD0434B1B687A68D31AB3F57A7F26D9B8
:10BB10003E4B002283F854223C4B002283F85522EE
:10BB20003A4B002283F85622384B002283F85822E1
:10BB3000364B002283F85722364B1B680133354AB7
:10BB40001360334A7B68136033493448F5F770FA61
:10BB5000F5F728FE2D4B012283F8572253E02B4B9B
:10BB600093F85432DBB21A46284B134493F8503200
:10BB7000FB70264B93F85432DBB21A4613469B00F7
:10BB800013441B0103F58873204A9818FB789AB276
:10BB9000FB789BB20021F5F711FB0346BB7097F9C8
:10BBA0000230092B22D11A4A7B6813601C4B0122F8
:10BBB0001A70164B93F85432DBB20133DAB2134BDE
:10BBC00083F85422114B93F85432DBB2032B03D980
:10BBD0000E4B002283F854220C4B93F85632DBB202
:10BBE000013BDAB2094B83F856220CE097F9023098
:10BBF000082B08D10B4B1B6801330A4A136002E083
:10BC000000BF00E000BF0837BD4680BDE80500204A
:10BC1000A0230020A82300206C9601087C96010830
:10BC2000912300209823002080B584B000AF034604
:10BC3000FB710B46BB7113467B71FB793B73BB7980
:10BC40007B737B79BB7307F10C0203230221012074
:10BC5000FFF706FE034618461037BD4680BD0000BC
:10BC600080B58EB000AF8C4B1B889BB21BB2BB80E3
:10BC70008A4B1B889BB21BB2FB80894B1B889BB2F3
:10BC80001BB23B81874BD3ED007AFDEEE77A17EECE
:10BC9000903A1BB27B81844BD3ED007AFDEEE77ABC
:10BCA00017EE903A1BB2BB81804BD3ED007A9FED2B
:10BCB000807A67EE877AFDEEE77A17EE903A1BB24C
:10BCC000FB817C4BD3ED007A9FED797A67EE877A22
:10BCD000FDEEE77A17EE903A1BB23B82764BD3ED3E
:10BCE000007A9FED737A67EE877AFDEEE77A17EEBA
:10BCF000903A1BB27B82714BD3ED007A9FED707A44
:10BD000067EE877AFDEEE77A17EE903A7B616D4B2E
:10BD10001B78DBB2002B04D06B4B1B881BB2BB61C2
:10BD200017E06A4B1B78DBB2072B04D1684B1B88EA
:10BD30001BB2BB610DE0654B1B78DBB2012B04D954
:10BD4000644B1B881BB2BB6103E0634B1B881BB2B7
:10BD5000BB61624BD3ED007A9FED597A67EE877A2B
:10BD6000FDEEE77A17EE903A7B637B6BB3F5004FFD
:10BD700003DB47F6FF737B6305E07B6B13F5004F36
:10BD800001DA574B7B637B6B1BB2BB834F4B1B783A
:10BD9000DBB2BB77534B1B78DBB2002B01D0012207
:10BDA00000E00022504B1B78DBB2002B01D00223B5
:10BDB00000E0002313435AB24C4B1B78DBB25BB25A
:10BDC0009B005BB203F004035BB213435AB2474BD0
:10BDD0005B78DBB25BB2DB005BB203F008035BB203
:10BDE00013435AB2414B9B78DBB25BB21B015BB28F
:10BDF00003F010035BB213435AB23C4BDB78DBB267
:10BE00005BB25B015BB203F020035BB213435AB237
:10BE10002C4B1B78DBB25BB29B015BB203F040039F
:10BE20005BB213435AB2324B1B78DBB25BB2DB011D
:10BE30005BB213435BB2DBB287F82F302D4B1B781C
:10BE4000DBB203F00103DBB287F83030002387F860
:10BE5000333012E097F8332097F83330264931F821
:10BE6000122092B20C335B0038333B4423F8312C60
:10BE700097F83330013387F8333097F83330072B96
:10BE8000E8D93A1D2D2300211120FFF7E9FC0346D4
:10BE900018463837BD4680BD182300201A230020DD
:10BEA0001C2300202023002024230020AC2200207B
:10BEB0000000C842B0220020B422002078220020D6
:10BEC00000007A4450050020580500204408002056
:10BED0009C2700201623002014230020302300205C
:10BEE0000080FFFF47080020A82200207C220020BD
:10BEF00074270020AD0500208800002080B582B0A6
:10BF000000AF1FE0174BB3F80E319BB21A46154B2A
:10BF100013445B7BFB71134BB3F80E319BB20133BF
:10BF20009AB2104BA3F80E210E4BB3F80E319BB210
:10BF30007F2B03D90B4B0022A3F80E21FB79184667
:10BF400000F012F8074BB3F80E319AB2054BB3F874
:10BF50000C319BB29A42D5D100BF00BF0837BD4615
:10BF600080BD00BFE805002080B588B002AF034661
:10BF7000FB71984B1B780B2B00F2208101A252F829
:10BF800023F000BFB5BF0008DFBF000809C00008EC
:10BF900033C000085DC0000887C00008A3C00008C7
:10BFA000BFC00008DBC000081FC1000853C1000863
:10BFB00061C10008FB79552B40F00481864B0022BB
:10BFC0001A70854B1B785A1CD1B2834A11701946DE
:10BFD000824AFB7953547F4B01221A70F2E0FB79BD
:10BFE0004E2B0DD17C4B1B785A1CD1B27A4A117062
:10BFF00019467A4AFB795354764B02221A70E4E0D0
:10C00000744B00221A70E0E0FB79452B0DD1724B86
:10C010001B785A1CD1B2704A117019466F4AFB79CD
:10C0200053546C4B03221A70CFE06A4B00221A70F3
:10C03000CBE0FB79522B0DD1674B1B785A1CD1B248
:10C04000654A11701946654AFB795354614B0422C5
:10C050001A70BAE05F4B00221A70B6E0FB79012B30
:10C060000DD15D4B1B785A1CD1B25B4A1170194639
:10C070005A4AFB795354574B05221A70A5E0554B89
:10C0800000221A70A1E0544B1B785A1CD1B2524ABC
:10C0900011701946514AFB7953544E4B06221A70BF
:10C0A00093E04D4B1B785A1CD1B24B4A1170194684
:10C0B0004A4AFB795354474B07221A7085E0464B96
:10C0C0001B785A1CD1B2444A11701946434AFB7975
:10C0D0005354404B08221A7077E0414AFB791370A1
:10C0E0003F4B1B78402B03D93A4B00221A706CE06F
:10C0F000394B1B785A1CD1B2374A11701946374A4E
:10C10000FB795354374B00221A70354B1B78002BA8
:10C1100001D10A2200E009222E4B1A7055E02E4B65
:10C120001B785A1CD1B22C4A117019462B4AFB7944
:10C1300053542C4B1B780133DAB22A4B1A70294B1B
:10C140001A78274B1B789A423ED3224B0A221A7048
:10C150003AE0254AFB7913701E4B0B221A7034E02B
:10C16000214B1B781AB2FB791BB21B021BB2134383
:10C170001BB2FB82184B1B7819461848FFF72EFBA1
:10C180000346BB82FA8ABB8A9A4213D1134B5B796E
:10C19000FB74124B9B79BB74104BDB797B74134B94
:10C1A000FB600F4B1B787A7CB97CF87C0093FB68B2
:10C1B000FAF7DCFD074B00221A7006E0054B00225F
:10C1C0001A7002E000BF00E000BF00BF1837BD4694
:10C1D00080BD00BF7D2C00207E2C0020802C002004
:10C1E000C92C0020CA2C0020CB2C0020892C002038
:10C1F00080B483B000AF78607B681B781AB27B682C
:10C2000001331B781BB21B021BB213431BB218462F
:10C210000C37BD465DF8047B704780B485B000AF35
:10C2200078607B681B781A467B6801331B781B0299
:10C230001A437B6802331B781B041A437B68033361
:10C240001B781B061343FB60FB68BB60BB6807EEF3
:10C25000903AB0EE670A1437BD465DF8047B70472C
:10C26000DFF834D0FFF7A8FA0C480D490D4A002337
:10C2700002E0D458C4500433C4188C42F9D30A4A9B
:10C280000A4C002301E013600432A242FBD308F001
:10C2900085FCFCF755FC70470000022000000020E0
:10C2A000C8020020A4A80108C80200201C2E0020FB
:10C2B000FEE7000080B500AF0E4B1B680D4A43F44B
:10C2C000007313600B4B1B680A4A43F480631360CE
:10C2D000084B1B68074A43F480731360032000F087
:10C2E00055FE002000F008F8FEF7E4FD0023184694
:10C2F00080BD00BF003C024080B582B000AF7860D6
:10C30000124B1A68124B1B7819464FF47A73B3FB21
:10C31000F1F3B2FBF3F3184600F06DFE0346002B79
:10C3200001D001230EE07B680F2B0AD80022796828
:10C330004FF0FF3000F035FE064A7B6813600023A3
:10C3400000E0012318460837BD4680BDF4000020F8
:10C35000FC000020F800002080B400AF064B1B78E2
:10C360001A46064B1B681344044A136000BFBD46BF
:10C370005DF8047B704700BFFC000020CC2C00203F
:10C3800080B400AF034B1B681846BD465DF8047BC4
:10C39000704700BFCC2C002080B584B000AF78601F
:10C3A0000023FB737B68002B01D1012333E07B6802
:10C3B0001B6C002B09D17868FEF7C6FD7B68002254
:10C3C0005A647B68002283F83C207B681B6C03F076
:10C3D0001003002B18D17B681B6C23F4885323F0C7
:10C3E000020343F002027B681A64786800F076FB6F
:10C3F0007B6800225A647B681B6C23F0030343F0C4
:10C4000001027B681A6401E00123FB737B68002250
:10C4100083F83C20FB7B18461037BD4680BD80B5B5
:10C4200086B000AF786000237B6100233B617B68AE
:10C430001B681B68FB607B681B685B68BB60FB68F4
:10C4400003F002037B61BB6803F020033B617B695F
:10C45000002B49D03B69002B46D07B681B6C03F056
:10C460001003002B05D17B681B6C43F400727B68C2
:10C470001A647B681B689B6803F04053002B2BD128
:10C480007B681B7E002B27D17B681B68DB6A03F46B
:10C490007003002B06D07B681B689B6803F48063E5
:10C4A000002B19D17B681B685A687B681B6822F0D7
:10C4B00020025A607B681B6C23F480727B681A64CC
:10C4C0007B681B6C03F48053002B05D17B681B6CCD
:10C4D00043F001027B681A64786800F0A5F97B6874
:10C4E0001B686FF012021A60FB6803F004037B61A3
:10C4F000BB6803F080033B617B69002B57D03B692D
:10C50000002B54D07B681B6C03F01003002B05D16B
:10C510007B681B6C43F400527B681A647B681B6861
:10C520009B6803F44013002B39D17B681B689B6B1D
:10C5300003F44013002B06D07B681B689B6803F450
:10C540008063002B2BD17B681B685B6803F48063DE
:10C55000002B24D17B681B689B6803F04053002BA1
:10C560001DD17B681B7E002B19D17B681B685A6824
:10C570007B681B6822F080025A607B681B6C23F486
:10C5800080527B681A647B681B6C03F48073002BF9
:10C5900005D17B681B6C43F001027B681A647868E4
:10C5A00000F01AFC7B681B686FF00C021A60FB68D5
:10C5B00003F001037B61BB6803F040033B617B69CF
:10C5C000002B17D03B69002B14D07B681B681B68BD
:10C5D00003F00103012B0DD17B681B6C43F4803207
:10C5E0007B681A64786800F033F97B681B686FF029
:10C5F00001021A60FB6803F020037B61BB6803F053
:10C6000080633B617B69002B15D03B69002B12D006
:10C610007B685B6C43F002027B685A647B681B6832
:10C620006FF020021A60786800F01CF97B681B68C4
:10C630006FF020021A6000BF1837BD4680BD0000B1
:10C6400080B588B000AFF860B9607A6000237B6184
:10C650000023FB77FB6893F83C30012B01D10223C8
:10C66000D0E0FB68012283F83C20FB681B689B68D4
:10C6700003F00103012B18D0FB681B689A68FB6864
:10C680001B6842F001029A60604B1B68604AA2FB83
:10C6900003239A0C13465B0013447B6102E07B6921
:10C6A000013B7B617B69002BF9D1FB681B689B68B0
:10C6B00003F48073B3F5807F07D1FB681B689A6829
:10C6C000FB681B6822F480729A60FB681B689B6899
:10C6D00003F00103012B40F08880FB681B6C23F4FE
:10C6E000E06323F0010343F48072FB681A64FB6883
:10C6F0001B685B6803F48063002B07D0FB681B6C2E
:10C7000023F4405343F48052FB681A64FB681B6CAB
:10C7100003F48053B3F5805F06D1FB685B6C23F0B4
:10C720000602FB685A6402E0FB6800225A64FB6858
:10C73000002283F83C20374BBB61FB689B6B364A79
:10C74000DA63FB689B6B354A1A64FB689B6B344A5F
:10C75000DA64FB681B686FF022021A60FB681B68D2
:10C760005A68FB681B6842F080625A60FB681B686D
:10C770009A68FB681B6842F480729A60FB68986B49
:10C78000FB681B684C331946BA687B6800F0EEFC06
:10C790000346FB77BB695B6803F01F03002B0FD1D7
:10C7A000FB681B689B6803F04053002B29D1FB6892
:10C7B0001B689A68FB681B6842F080429A6020E020
:10C7C000FB681B68174A93421BD1FB681B689B6878
:10C7D00003F04053002B14D1FB681B689A68FB6878
:10C7E0001B6842F080429A600BE0FB681B6C43F0D0
:10C7F0001002FB681A64FB685B6C43F00102FB6883
:10C800005A64FB7F18462037BD4680BDF4000020E7
:10C8100083DE1B4300230140D5CC00088FCD0008E8
:10C82000ABCD00080020014080B483B000AF786039
:10C8300000BF0C37BD465DF8047B704780B483B001
:10C8400000AF786000BF0C37BD465DF8047B7047D1
:10C8500080B483B000AF786000BF0C37BD465DF890
:10C86000047B704780B483B000AF786000BF0C37A2
:10C87000BD465DF8047B704780B485B000AF78603A
:10C8800039600023BB607B6893F83C30012B01D1F9
:10C89000022313E17B68012283F83C203B681B687C
:10C8A000092B25D97B681B68D9683B681B689BB23C
:10C8B0001A4613465B0013441E3B072202FA03F399
:10C8C000DA437B681B680A40DA607B681B68D968BA
:10C8D0003B689A683B681B689BB2184603465B003E
:10C8E00003441E3B9A407B681B680A43DA6022E0DF
:10C8F0007B681B6819693B681B689BB21A46134624
:10C900005B001344072202FA03F3DA437B681B68D7
:10C910000A401A617B681B6819693B689A683B6822
:10C920001B689BB2184603465B0003449A407B6831
:10C930001B680A431A613B685B68062B24D87B6836
:10C940001B68596B3B685A6813469B001344053BB0
:10C950001F2202FA03F3DA437B681B680A405A631A
:10C960007B681B68596B3B681B689BB218463B6829
:10C970005A6813469B001344053B00FA03F27B6898
:10C980001B680A435A634CE03B685B680C2B24D855
:10C990007B681B68196B3B685A6813469B001344FD
:10C9A000233B1F2202FA03F3DA437B681B680A4029
:10C9B0001A637B681B68196B3B681B689BB218463F
:10C9C0003B685A6813469B001344233B00FA03F26A
:10C9D0007B681B680A431A6323E07B681B68D96A7B
:10C9E0003B685A6813469B001344413B1F2202FADE
:10C9F00003F3DA437B681B680A40DA627B681B68D2
:10CA0000D96A3B681B689BB218463B685A68134654
:10CA10009B001344413B00FA03F27B681B680A4306
:10CA2000DA62294BFB607B681B68284A93420FD16E
:10CA30003B681B68122B0BD1FB685B6823F4000278
:10CA4000FB685A60FB685B6843F48002FB685A60CD
:10CA50007B681B681D4A93422BD13B681B681C4AAC
:10CA6000934203D03B681B68112B22D1FB685B68A3
:10CA700023F48002FB685A60FB685B6843F40002A1
:10CA8000FB685A603B681B68114A934211D1114BF5
:10CA90001B68114AA2FB03239A0C13469B00134404
:10CAA0005B00BB6002E0BB68013BBB60BB68002B66
:10CAB000F9D17B68002283F83C2000231846143704
:10CAC000BD465DF8047B7047002301400020014013
:10CAD00012000010F400002083DE1B4380B485B0F8
:10CAE00000AF7860794BFB60FB685B6823F44032F1
:10CAF000FB685A60FB685A687B685B681A43FB688E
:10CB00005A607B681B685A687B681B6822F48072D5
:10CB10005A607B681B6859687B681B691A027B68CE
:10CB20001B680A435A607B681B685A687B681B68ED
:10CB300022F040725A607B681B6859687B689A686B
:10CB40007B681B680A435A607B681B689A687B682D
:10CB50001B6822F400629A607B681B6899687B6896
:10CB6000DA687B681B680A439A607B689B6A584A4C
:10CB7000934222D07B681B689A687B681B6822F00E
:10CB800070629A607B681B6899687B689A6A7B68A8
:10CB90001B680A439A607B681B689A687B681B68FD
:10CBA00022F040529A607B681B6899687B68DA6A59
:10CBB0007B681B680A439A600FE07B681B689A6871
:10CBC0007B681B6822F070629A607B681B689A68B9
:10CBD0007B681B6822F040529A607B681B689A68E9
:10CBE0007B681B6822F002029A607B681B68996868
:10CBF0007B681B7E5A007B681B680A439A607B68CF
:10CC000093F82030002B1BD07B681B685A687B6828
:10CC10001B6842F400625A607B681B685A687B6834
:10CC20001B6822F460425A607B681B6859687B6805
:10CC30005B6A013B5A037B681B680A435A6007E042
:10CC40007B681B685A687B681B6822F400625A6024
:10CC50007B681B68DA6A7B681B6822F47002DA6200
:10CC60007B681B68D96A7B68DB69013B1A057B68B6
:10CC70001B680A43DA627B681B689A687B681B68DA
:10CC800022F400729A607B681B6899687B6893F84D
:10CC900030305A027B681B680A439A607B681B68C5
:10CCA0009A687B681B6822F480629A607B681B68C4
:10CCB00099687B685B699A027B681B680A439A6083
:10CCC00000BF1437BD465DF8047B70470023014068
:10CCD0000100000F80B584B000AF78607B689B6B6B
:10CCE000FB60FB681B6C03F05003002B3CD1FB681E
:10CCF0001B6C43F40072FB681A64FB681B689B683A
:10CD000003F04053002B2BD1FB681B7E002B27D157
:10CD1000FB681B68DB6A03F47003002B06D0FB681A
:10CD20001B689B6803F48063002B19D1FB681B68A8
:10CD30005A68FB681B6822F020025A60FB681B6C73
:10CD400023F48072FB681A64FB681B6C03F4805345
:10CD5000002B05D1FB681B6C43F00102FB681A64D1
:10CD6000F868FFF761FD0EE0FB681B6C03F0100331
:10CD7000002B03D0F868FFF775FD04E0FB689B6BA0
:10CD8000DB6C7868984700BF1037BD4680BD80B522
:10CD900084B000AF78607B689B6BFB60F868FFF73E
:10CDA0004DFD00BF1037BD4680BD80B584B000AFDB
:10CDB00078607B689B6BFB60FB6840221A64FB68B1
:10CDC0005B6C43F00402FB685A64F868FFF74AFDA5
:10CDD00000BF1037BD4680BD80B483B000AF78601F
:10CDE00000BF0C37BD465DF8047B704780B485B04A
:10CDF00000AF78607B6803F00703FB600C4BDB68D7
:10CE0000BB60BA684FF6FF031340BB60FB681A02B1
:10CE1000BB68134343F0BF6343F40033BB60044A71
:10CE2000BB68D36000BF1437BD465DF8047B704714
:10CE300000ED00E080B400AF044BDB681B0A03F098
:10CE400007031846BD465DF8047B704700ED00E01F
:10CE500080B483B000AF0346FB7197F90730002B15
:10CE60000BDBFB7903F01F02074997F907305B09D9
:10CE7000012000FA02F241F8232000BF0C37BD4622
:10CE80005DF8047B704700BF00E100E080B483B030
:10CE900000AF03463960FB7197F90730002B0ADBBE
:10CEA0003B68DAB20C4997F907301201D2B20B4451
:10CEB00083F800230AE03B68DAB20849FB7903F003
:10CEC0000F03043B1201D2B20B441A7600BF0C3799
:10CED000BD465DF8047B704700E100E000ED00E036
:10CEE00080B489B000AFF860B9607A60FB6803F085
:10CEF0000703FB61FB69C3F10703042B28BF04236D
:10CF0000BB61FB690433062B02D9FB69033B00E0DC
:10CF100000237B614FF0FF32BB6902FA03F3DA436F
:10CF2000BB681A407B699A404FF0FF317B6901FA78
:10CF300003F3D9437B680B40134318462437BD469F
:10CF40005DF8047B7047000080B582B000AF786068
:10CF50007B68013BB3F1807F01D301230FE00A4AD4
:10CF60007B68013B53600F214FF0FF30FFF78EFFCE
:10CF7000054B00229A60044B07221A6000231846D2
:10CF80000837BD4680BD00BF10E000E080B582B02C
:10CF900000AF78607868FFF729FF00BF0837BD460B
:10CFA00080BD80B586B000AF0346B9607A60FB7380
:10CFB00000237B61FFF73EFF78617A68B968786982
:10CFC000FFF78EFF024697F90F3011461846FFF71C
:10CFD0005DFF00BF1837BD4680BD80B582B000AF91
:10CFE0000346FB7197F907301846FFF731FF00BF82
:10CFF0000837BD4680BD80B582B000AF78607868E4
:10D00000FFF7A2FF034618460837BD4680BD000063
:10D0100080B586B000AF786000237B61FFF7B0F980
:10D0200038617B68002B01D1012399E07B680222E3
:10D0300083F835207B68002283F834207B681B68E6
:10D040001A687B681B6822F001021A600FE0FFF784
:10D0500097F902463B69D31A052B08D97B68202231
:10D060005A657B68032283F83520032378E07B68C8
:10D070001B681B6803F00103002BE8D17B681B6869
:10D080001B687B617A69384B13407B617B685A6807
:10D090007B689B681A437B68DB681A437B681B6963
:10D0A0001A437B685B691A437B689B691A437B68F8
:10D0B000DB691A437B681B6A13437A6913437B61FC
:10D0C0007B685B6A042B07D17B68DA6A7B681B6B21
:10D0D00013437A6913437B617B681B687A691A6022
:10D0E0007B681B685B697B617B6923F007037B615D
:10D0F0007B685B6A7A6913437B617B685B6A042B9C
:10D1000017D17B689B6A7A6913437B617B68DB6A12
:10D11000002B0ED0786800F01BFB0346002B08D0D4
:10D120007B6840225A657B68012283F83520012301
:10D1300016E07B681B687A695A61786800F0D2FA59
:10D140000346FB607B68DB6D3F229A40FB689A6078
:10D150007B6800225A657B68012283F83520002312
:10D1600018461837BD4680BD3F8010F080B586B0A8
:10D1700000AFF860B9607A603B600023FB75FB6824
:10D180009B6D3B61FB6893F83430012B01D1022386
:10D1900040E0FB68012283F83420FB6893F83530C7
:10D1A000DBB2012B2FD1FB68022283F83520FB680C
:10D1B00000225A653B687A68B968F86800F064FA3A
:10D1C000FB68DB6D3F229A403B699A60FB681B68F5
:10D1D0001A68FB681B6842F016021A60FB681B6C39
:10D1E000002B07D0FB681B681A68FB681B6842F0BD
:10D1F00008021A60FB681B681A68FB681B6842F02B
:10D2000001021A6005E0FB68002283F83420022343
:10D21000FB75FB7D18461837BD4680BD80B584B0D0
:10D2200000AF78607B689B6DFB60FFF7A9F8B86082
:10D230007B6893F83530DBB2022B08D07B68802204
:10D240005A657B68002283F83420012352E07B6812
:10D250001B681A687B681B6822F016021A607B68DC
:10D260001B685A697B681B6822F080025A617B68E0
:10D270001B6C002B03D17B689B6C002B07D07B6859
:10D280001B681A687B681B6822F008021A607B68BA
:10D290001B681A687B681B6822F001021A6013E0A1
:10D2A000FFF76EF80246BB68D31A052B0CD97B68D2
:10D2B00020225A657B68032283F835207B68002290
:10D2C00083F83420032315E07B681B681B6803F098
:10D2D0000103002BE4D17B68DB6D3F229A40FB68A1
:10D2E0009A607B68012283F835207B68002283F8EE
:10D2F0003420002318461037BD4680BD80B483B06B
:10D3000000AF78607B6893F83530DBB2022B04D035
:10D310007B6880225A6501230CE07B68052283F834
:10D3200035207B681B681A687B681B6822F0010245
:10D330001A60002318460C37BD465DF8047B704721
:10D3400080B586B000AF78600023BB608E4B1B6851
:10D350008E4AA2FB03239B0A7B617B689B6D3B612A
:10D360003B691B68FB607B68DB6D08229A40FB68A9
:10D370001340002B1AD07B681B681B6803F0040362
:10D38000002B13D07B681B681A687B681B6822F02F
:10D3900004021A607B68DB6D08229A403B699A6040
:10D3A0007B685B6D43F001027B685A657B68DB6DCF
:10D3B00001229A40FB681340002B12D07B681B6847
:10D3C0005B6903F08003002B0BD07B68DB6D0122CF
:10D3D0009A403B699A607B685B6D43F002027B6810
:10D3E0005A657B68DB6D04229A40FB681340002B72
:10D3F00012D07B681B681B6803F00203002B0BD064
:10D400007B68DB6D04229A403B699A607B685B6DA8
:10D4100043F004027B685A657B68DB6D10229A40FA
:10D42000FB681340002B43D07B681B681B6803F02C
:10D430000803002B3CD07B68DB6D10229A403B69CF
:10D440009A607B681B681B6803F48023002B18D04C
:10D450007B681B681B6803F40023002B08D17B68E2
:10D460001B6C002B24D07B681B6C786898471FE0EE
:10D470007B689B6C002B1BD07B689B6C7868984703
:10D4800016E07B681B681B6803F48073002B07D1D0
:10D490007B681B681A687B681B6822F008021A60A8
:10D4A0007B681B6C002B03D07B681B6C78689847EB
:10D4B0007B68DB6D20229A40FB681340002B00F054
:10D4C0008F807B681B681B6803F01003002B00F043
:10D4D00087807B68DB6D20229A403B699A607B687D
:10D4E00093F83530DBB2052B36D17B681B681A68A0
:10D4F0007B681B6822F016021A607B681B685A69F9
:10D500007B681B6822F080025A617B681B6C002BD1
:10D5100003D17B689B6C002B07D07B681B681A6863
:10D520007B681B6822F008021A607B68DB6D3F2273
:10D530009A403B699A607B68012283F835207B68BA
:10D54000002283F834207B681B6D002B7ED07B6823
:10D550001B6D7868984779E07B681B681B6803F44B
:10D560008023002B1DD07B681B681B6803F40023FD
:10D57000002B0DD17B685B6C002B31D07B685B6C22
:10D58000786898472CE000BFF4000020B5814E1B5E
:10D590007B68DB6B002B23D07B68DB6B786898475C
:10D5A0001EE07B681B681B6803F48073002B0FD19F
:10D5B0007B681B681A687B681B6822F010021A607F
:10D5C0007B68012283F835207B68002283F83420B1
:10D5D0007B68DB6B002B03D07B68DB6B786898473C
:10D5E0007B685B6D002B32D07B685B6D03F00103C1
:10D5F000002B22D07B68052283F835207B681B68CE
:10D600001A687B681B6822F001021A60BB6801334C
:10D61000BB607A699A4207D37B681B681B6803F07A
:10D620000103002BF2D100E000BF7B68012283F8E8
:10D6300035207B68002283F834207B68DB6C002B6C
:10D6400005D07B68DB6C7868984700E000BF18372E
:10D65000BD4680BD80B483B000AF78607B6893F82E
:10D660003530DBB218460C37BD465DF8047B704799
:10D6700080B483B000AF78607B685B6D18460C3770
:10D68000BD465DF8047B704780B485B000AFF8609C
:10D69000B9607A603B60FB681B681A68FB681B68AE
:10D6A00022F480221A60FB681B683A685A60FB68A3
:10D6B0009B68402B08D1FB681B687A689A60FB68FE
:10D6C0001B68BA68DA6007E0FB681B68BA689A6092
:10D6D000FB681B687A68DA6000BF1437BD465DF8E6
:10D6E000047B704780B485B000AF78607B681B68AE
:10D6F000DBB2103B144AA2FB03231B09FB60134A55
:10D70000FB6813441B781A467B68DA65FB68032BB9
:10D7100009D97B681B6823F47F7323F003031A1D68
:10D720007B689A6507E07B681B6823F47F7323F0AE
:10D7300003037A6893657B689B6D18461437BD4672
:10D740005DF8047B704700BFABAAAAAA38A0010805
:10D7500080B485B000AF78600023FB737B689B6A60
:10D76000BB607B689B69002B1FD1BB68032B56D81D
:10D7700001A252F823F000BF89D700089BD7000808
:10D7800089D700081FD800087B68DB6A03F0807324
:10D79000002B46D00123FB7343E07B68DB6AB3F1C7
:10D7A000C07F40D10123FB733DE07B689B69B3F5EB
:10D7B000005F21D1BB68032B37D801A252F823F0B8
:10D7C000D1D70008D7D70008D1D70008E9D700087B
:10D7D0000123FB7330E07B68DB6A03F08073002B6E
:10D7E00025D00123FB7322E07B68DB6AB3F1C07FA5
:10D7F0001FD10123FB731CE0BB68022B03D9BB685C
:10D80000032B03D018E00123FB7315E07B68DB6A70
:10D8100003F08073002B0ED00123FB730BE000BFDD
:10D820000AE000BF08E000BF06E000BF04E000BF60
:10D8300002E000BF00E000BFFB7B18461437BD4686
:10D840005DF8047B704700BF80B489B000AF78609A
:10D85000396000237B6100233B610023BB6100230F
:10D86000FB6159E10122FB6902FA03F37B613B682A
:10D870001B687A6913403B613A697B699A4240F0C0
:10D8800048813B685B6803F00303012B05D03B68CC
:10D890005B6803F00303022B30D17B689B68BB619C
:10D8A000FB695B00032202FA03F3DB43BA6913400E
:10D8B000BB613B68DA68FB695B0002FA03F3BA6993
:10D8C0001343BB617B68BA699A607B685B68BB6124
:10D8D0000122FB6902FA03F3DB43BA691340BB611F
:10D8E0003B685B681B0903F00102FB6902FA03F362
:10D8F000BA691343BB617B68BA695A603B685B686D
:10D9000003F00303032B17D07B68DB68BB61FB6963
:10D910005B00032202FA03F3DB43BA691340BB61E5
:10D920003B689A68FB695B0002FA03F3BA69134328
:10D93000BB617B68BA69DA603B685B6803F003032C
:10D94000022B23D1FB69DA087B68083253F82230B6
:10D95000BB61FB6903F007039B000F2202FA03F38C
:10D96000DB43BA691340BB613B681A69FB6903F08A
:10D9700007039B0002FA03F3BA691343BB61FB6917
:10D98000DA087B680832B96943F822107B681B68A3
:10D99000BB61FB695B00032202FA03F3DB43BA6954
:10D9A0001340BB613B685B6803F00302FB695B00EB
:10D9B00002FA03F3BA691343BB617B68BA691A6060
:10D9C0003B685B6803F44033002B00F0A280002327
:10D9D000FB60574B5B6C564A43F480435364544B93
:10D9E0005B6C03F48043FB60FB68524AFB699B0855
:10D9F000023352F82330BB61FB6903F003039B0041
:10DA00000F2202FA03F3DB43BA691340BB617B6860
:10DA1000494A934219D07B68484A934213D07B68A5
:10DA2000474A93420DD07B68464A934207D07B68B1
:10DA3000454A934201D1042308E0072306E003236B
:10DA400004E0022302E0012300E00023FA6902F06F
:10DA5000030292009340BA691343BB613549FB69E5
:10DA60009B080233BA6941F82320384B9B68BB619D
:10DA70003B69DB43BA691340BB613B685B6803F4F5
:10DA80008013002B03D0BA693B691343BB612F4A53
:10DA9000BB6993602D4BDB68BB613B69DB43BA69B3
:10DAA0001340BB613B685B6803F40013002B03D099
:10DAB000BA693B691343BB61244ABB69D360234BFA
:10DAC0005B68BB613B69DB43BA691340BB613B6880
:10DAD0005B6803F40033002B03D0BA693B6913433E
:10DAE000BB611A4ABB695360184B1B68BB613B6939
:10DAF000DB43BA691340BB613B685B6803F4803366
:10DB0000002B03D0BA693B691343BB610F4ABB6961
:10DB10001360FB690133FB61FB690F2B7FF6A2AE3B
:10DB200000BF00BF2437BD465DF8047B704700BFCF
:10DB3000003802400038014000000240000402406A
:10DB400000080240000C024000100240003C01406E
:10DB500080B485B000AF78600B467B807B681A6923
:10DB60007B881340002B02D00123FB7301E00023CC
:10DB7000FB73FB7B18461437BD465DF8047B70478A
:10DB800080B483B000AF78600B467B8013467B7017
:10DB90007B78002B03D07A887B689A6103E07B88CE
:10DBA0001A047B689A6100BF0C37BD465DF8047BA0
:10DBB000704780B485B000AF78600B467B807B688F
:10DBC0005B69FB607A88FB6813401A04FB68D943E1
:10DBD0007B880B401A437B689A6100BF1437BD46AF
:10DBE0005DF8047B7047000080B584B000AF7860BA
:10DBF0007B68002B01D101232BE17B6893F83D303A
:10DC0000DBB2002B06D17B68002283F83C207868C9
:10DC1000FDF736FA7B68242283F83D207B681B6879
:10DC20001A687B681B6822F001021A607B681B6817
:10DC30001A687B681B6842F400421A607B681B68A4
:10DC40001A687B681B6822F400421A6003F0A4FF84
:10DC5000F8607B685B68814A934207D8FB68804A1A
:10DC6000934294BF01230023DBB206E0FB687D4AA8
:10DC7000934294BF01230023DBB2002B01D0012388
:10DC8000E7E0FB68784AA2FB03239B0CBB607B6840
:10DC90001B685B6823F03F017B681B68BA680A4316
:10DCA0005A607B681B681B6A23F03F017B685B68D6
:10DCB0006A4A934202D8BB68013309E0BB684FF45B
:10DCC000967202FB03F3694AA2FB03239B0901330B
:10DCD0007A6812680B4313627B681B68DB6923F464
:10DCE0004F4222F0FF027B685B685C498B4219D887
:10DCF000FB68591E7B685B685B00B1FBF3F3591C42
:10DD000040F6FC730B40002B0AD0FB68591E7B6861
:10DD10005B685B00B1FBF3F30133C3F30B0351E02A
:10DD200004234FE07B689B68002B11D1FB68581ED1
:10DD30007B6859680B465B000B44B0FBF3F301337F
:10DD4000C3F30B03002B0CBF01230023DBB212E053
:10DD5000FB68581E7B6859680B469B000B44990072
:10DD60000B44B0FBF3F30133C3F30B03002B0CBFE5
:10DD700001230023DBB2002B01D0012322E07B68CA
:10DD80009B68002B0ED1FB68581E7B6859680B46B8
:10DD90005B000B44B0FBF3F30133C3F30B0343F419
:10DDA00000430FE0FB68581E7B6859680B469B00D8
:10DDB0000B4499000B44B0FBF3F30133C3F30B03A3
:10DDC00043F44043796809681343CB617B681B685F
:10DDD0001B6823F0C0017B68DA697B681B6A1A4301
:10DDE0007B681B680A431A607B681B689B6823F486
:10DDF000034323F0FF037A6811697A68D2681143FC
:10DE00007A6812680B4393607B681B68DB6823F0B9
:10DE1000FF017B685A697B689B691A437B681B68B2
:10DE20000A43DA607B681B681A687B681B6842F0EB
:10DE300001021A607B6800221A647B68202283F842
:10DE40003D207B6800221A637B68002283F83E2015
:10DE5000002318461037BD4680BD00BFA0860100D4
:10DE60007F841E00FF083D0083DE1B43D34D6210FC
:10DE700080B483B000AF78607B681B685B6903F097
:10DE80008003802B03D17B681B6800221A6100BFCE
:10DE90000C37BD465DF8047B7047000080B588B044
:10DEA00002AFF8607A601A460B467B8113463B81CD
:10DEB000FEF766FA7861FB6893F83D30DBB2202B01
:10DEC00040F0E0807B690093192301227049F868D3
:10DED00002F0AEFF0346002B01D00223D3E0FB6823
:10DEE00093F83C30012B01D10223CCE0FB680122E6
:10DEF00083F83C20FB681B681B6803F00103012BBF
:10DF000007D0FB681B681A68FB681B6842F00102B7
:10DF10001A60FB681B681A68FB681B6822F40062C1
:10DF20001A60FB68212283F83D20FB68102283F8E9
:10DF30003E20FB6800221A64FB687A685A62FB681C
:10DF40003A895A85FB685B8D9AB2FB681A85FB6833
:10DF5000504ADA6279897B693A6AF86802F0A4FB70
:10DF60000346002B01D001238DE000233B61FB68B9
:10DF70001B685B693B61FB681B689B693B613B6994
:10DF800066E07A69396AF86803F06CF80346002B9A
:10DF90000DD0FB681B6C042B07D1FB681B681A684B
:10DFA000FB681B6842F400721A6001236BE0FB6897
:10DFB0005B6A1A78FB681B681A61FB685B6A5A1C0B
:10DFC000FB685A62FB685B8D9BB2013B9AB2FB68AF
:10DFD0005A85FB681B8D013B9AB2FB681A85FB686A
:10DFE0001B685B6903F00403042B1BD1FB681B8DCA
:10DFF000002B17D0FB685B6A1A78FB681B681A61F4
:10E00000FB685B6A5A1CFB685A62FB685B8D9BB2BB
:10E01000013B9AB2FB685A85FB681B8D013B9AB2A3
:10E02000FB681A857A69396AF86803F063F8034671
:10E03000002B0DD0FB681B6C042B07D1FB681B6801
:10E040001A68FB681B6842F400721A6001231AE028
:10E05000FB681B8D002B94D1FB681B681A68FB685A
:10E060001B6842F400721A60FB68202283F83D208E
:10E07000FB68002283F83E20FB68002283F83C20E6
:10E08000002300E0022318461837BD4680BD00BFBC
:10E09000020010000000FFFF80B586B000AFF860FE
:10E0A0007A601A460B467B8113463B8100233B6115
:10E0B000FB6893F83D30DBB2202B40F00981874BA1
:10E0C0001B68DB08864AA2FB03231A0A13469B003F
:10E0D00013449A0013443B613B69013B3B613B693C
:10E0E000002B12D1FB6800221A63FB68202283F800
:10E0F0003D20FB68002283F83E20FB681B6C43F048
:10E100002002FB681A640223E3E0FB681B689B693A
:10E1100003F00203022BDFD0FB6893F83C30012BA5
:10E1200001D10223D5E0FB68012283F83C20FB6883
:10E130001B681B6803F00103012B07D0FB681B68F9
:10E140001A68FB681B6842F001021A60FB681B68D2
:10E150001A68FB681B6822F400621A60FB682122BF
:10E1600083F83D20FB68102283F83E20FB680022E4
:10E170001A64FB687A685A62FB683A895A85FB68B8
:10E180005B8D9AB2FB681A85FB68564ADA627A8917
:10E19000FB685A64FB681B8D002B7BD0FB685B6BB4
:10E1A000002B2AD0FB685B6B4F4ADA63FB685B6B22
:10E1B0004E4ADA64FB685B6B00221A64FB685B6B97
:10E1C00000225A64FB685B6B00229A64FB685B6BFD
:10E1D00000221A65FB68586BFB685B6A1946FB688E
:10E1E0001B6810331A46FB681B8DFEF7BFFF034602
:10E1F000FB75FB7D002B39D113E0FB68202283F8EF
:10E200003D20FB68002283F83E20FB681B6C43F036
:10E210008002FB681A64FB68002283F83C2001231B
:10E2200057E0FB68002283F83C20FB681B685A68B3
:10E23000FB681B6842F440725A60FB681B685A68AE
:10E24000FB681B6842F400625A60FB681B681A682E
:10E25000FB681B6842F480621A60FB681B681A68DE
:10E26000FB681B6842F480721A602FE0FB68202272
:10E2700083F83D20FB68002283F83E20FB681B6C7E
:10E2800043F01002FB681A64FB68002283F83C200C
:10E2900001231EE0FB681B681A68FB681B6842F4D8
:10E2A00080621A60FB681B681A68FB681B6842F48E
:10E2B00080721A60FB68002283F83C20FB681B68B0
:10E2C0005A68FB681B6842F4E0625A60002300E071
:10E2D000022318461837BD4680BD00BFF400002059
:10E2E00089B5F8140000FFFFA90A0108670C0108AE
:10E2F00080B588B002AFF860084611461A4603465A
:10E300007B810B463B811346FB80FEF739F8786131
:10E31000FB6893F83D30DBB2202B40F0D9807B695D
:10E320000093192301226D49F86802F081FD03462C
:10E33000002B01D00223CCE0FB6893F83C30012B8A
:10E3400001D10223C5E0FB68012283F83C20FB6871
:10E350001B681B6803F00103012B07D0FB681B68D7
:10E360001A68FB681B6842F001021A60FB681B68B0
:10E370001A68FB681B6822F400621A60FB6821229D
:10E3800083F83D20FB68402283F83E20FB68002292
:10E390001A64FB683A6A5A62FB68BA8C5A85FB6851
:10E3A0005B8D9AB2FB681A85FB684D4ADA62F88881
:10E3B0003A8979897B690193BB6A00930346F868BF
:10E3C00002F0F4F90346002B52D0012381E07A6970
:10E3D000B96AF86802F046FE0346002B0DD0FB68D0
:10E3E0001B6C042B07D1FB681B681A68FB681B6851
:10E3F00042F400721A6001236BE0FB685B6A1A78D2
:10E40000FB681B681A61FB685B6A5A1CFB685A62EE
:10E41000FB681B8D013B9AB2FB681A85FB685B8D1C
:10E420009BB2013B9AB2FB685A85FB681B685B692B
:10E4300003F00403042B1BD1FB681B8D002B17D0AA
:10E44000FB685B6A1A78FB681B681A61FB685B6A89
:10E450005A1CFB685A62FB681B8D013B9AB2FB6831
:10E460001A85FB685B8D9BB2013B9AB2FB685A85AB
:10E47000FB681B8D002BAAD17A69B96AF86802F093
:10E4800039FE0346002B0DD0FB681B6C042B07D113
:10E49000FB681B681A68FB681B6842F400721A600C
:10E4A000012316E0FB681B681A68FB681B6842F4CE
:10E4B00000721A60FB68202283F83D20FB6800226E
:10E4C00083F83E20FB68002283F83C20002300E014
:10E4D000022318461837BD4680BD00BF0200100059
:10E4E0000000FFFF80B58CB002AFF860084611460F
:10E4F0001A4603467B810B463B811346FB80FDF7A2
:10E500003FFF7862FB6893F83D30DBB2202B40F090
:10E5100014827B6A0093192301227B49F86802F078
:10E5200087FC0346002B01D0022307E2FB6893F827
:10E530003C30012B01D1022300E2FB68012283F869
:10E540003C20FB681B681B6803F00103012B07D00C
:10E55000FB681B681A68FB681B6842F001021A60BE
:10E56000FB681B681A68FB681B6822F400621A606B
:10E57000FB68222283F83D20FB68402283F83E207E
:10E58000FB6800221A64FB683A6B5A62FB68BA8E19
:10E590005A85FB685B8D9AB2FB681A85FB685B4AFB
:10E5A000DA62F8883A8979897B6A0193BB6B0093B8
:10E5B0000346F86802F090F90346002B01D00123CE
:10E5C000BCE1FB681B8D002B13D100233B62FB6871
:10E5D0001B685B693B62FB681B689B693B623B6A2B
:10E5E000FB681B681A68FB681B6842F400721A60BB
:10E5F00090E1FB681B8D012B1BD1FB681B681A681F
:10E60000FB681B6822F480621A600023FB61FB68D0
:10E610001B685B69FB61FB681B689B69FB61FB69AD
:10E62000FB681B681A68FB681B6842F400721A607A
:10E6300070E1FB681B8D022B1BD1FB681B681A68FD
:10E64000FB681B6822F480621A60FB681B681A680A
:10E65000FB681B6842F400621A600023BB61FB6820
:10E660001B685B69BB61FB681B689B69BB61BB691D
:10E6700050E100237B61FB681B685B697B61FB6881
:10E680001B689B697B617B6944E1FB681B8D032BE5
:10E6900000F2F180FB681B8D012B23D17A6AB96BE4
:10E6A000F86802F0A1FD0346002B01D0012345E1EB
:10E6B000FB681B681A69FB685B6AD2B21A70FB6858
:10E6C0005B6A5A1CFB685A62FB681B8D013B9AB25D
:10E6D000FB681A85FB685B8D9BB2013B9AB2FB68B5
:10E6E0005A8517E1FB681B8D022B4ED17B6A009384
:10E6F000BB6B00220649F86802F09AFB0346002B28
:10E7000008D001231AE100BF020010000000FFFF43
:10E7100004000100FB681B681A68FB681B6842F470
:10E7200000721A60FB681B681A69FB685B6AD2B2E8
:10E730001A70FB685B6A5A1CFB685A62FB681B8D87
:10E74000013B9AB2FB681A85FB685B8D9BB2013B6B
:10E750009AB2FB685A85FB681B681A69FB685B6A9A
:10E76000D2B21A70FB685B6A5A1CFB685A62FB687B
:10E770001B8D013B9AB2FB681A85FB685B8D9BB2CF
:10E78000013B9AB2FB685A85C4E07B6A0093BB6B7D
:10E7900000226C49F86802F04BFB0346002B01D0C5
:10E7A0000123CBE0FB681B681A68FB681B6822F436
:10E7B00080621A60FB681B681A69FB685B6AD2B2E8
:10E7C0001A70FB685B6A5A1CFB685A62FB681B8DF7
:10E7D000013B9AB2FB681A85FB685B8D9BB2013BDB
:10E7E0009AB2FB685A857B6A0093BB6B002255493D
:10E7F000F86802F01DFB0346002B01D001239DE0C9
:10E80000FB681B681A68FB681B6842F400721A6098
:10E81000FB681B681A69FB685B6AD2B21A70FB68F6
:10E820005B6A5A1CFB685A62FB681B8D013B9AB2FB
:10E83000FB681A85FB685B8D9BB2013B9AB2FB6853
:10E840005A85FB681B681A69FB685B6AD2B21A704A
:10E85000FB685B6A5A1CFB685A62FB681B8D013BB4
:10E860009AB2FB681A85FB685B8D9BB2013B9AB23A
:10E87000FB685A854EE07A6AB96BF86802F0B4FC1E
:10E880000346002B01D0012358E0FB681B681A697E
:10E89000FB685B6AD2B21A70FB685B6A5A1CFB6841
:10E8A0005A62FB681B8D013B9AB2FB681A85FB68B4
:10E8B0005B8D9BB2013B9AB2FB685A85FB681B6873
:10E8C0005B6903F00403042B24D1FB681B8D032B2D
:10E8D00007D1FB681B681A68FB681B6822F480621A
:10E8E0001A60FB681B681A69FB685B6AD2B21A700F
:10E8F000FB685B6A5A1CFB685A62FB681B8D013B14
:10E900009AB2FB681A85FB685B8D9BB2013B9AB299
:10E91000FB685A85FB681B8D002B7FF4B6AEFB6845
:10E92000202283F83D20FB68002283F83E20FB680C
:10E93000002283F83C20002300E0022318462837F9
:10E94000BD4680BD0400010080B58CB002AFF86008
:10E95000084611461A4603467B810B463B81134607
:10E96000FB80FDF70DFD78620023FB61FB6893F8E7
:10E970003D30DBB2202B40F07281934B1B68DB08EB
:10E98000924AA2FB03231A0A13469B0013449A00DF
:10E990001344FB61FB69013BFB61FB69002B12D156
:10E9A000FB6800221A63FB68202283F83D20FB6885
:10E9B000002283F83E20FB681B6C43F02002FB68BA
:10E9C0001A6402234CE1FB681B689B6903F0020395
:10E9D000022BDFD0FB6893F83C30012B01D10223DE
:10E9E0003EE1FB68012283F83C20FB681B681B6842
:10E9F00003F00103012B07D0FB681B681A68FB6852
:10EA00001B6842F001021A60FB681B681A68FB6809
:10EA10001B6822F400621A60FB68222283F83D2002
:10EA2000FB68402283F83E20FB6800221A64FB68E2
:10EA30003A6B5A62FB68BA8E5A85FB685B8D9AB254
:10EA4000FB681A85FB68624ADA627A89FB685A6455
:10EA50003A89FB689A64FA88FB68DA64FB680022EA
:10EA60001A65FB681B8D002B00F0CC80FB689B6B4C
:10EA7000002B2DD0FB689B6B564ADA63FB689B6BBF
:10EA8000554ADA64FB689B6B00221A64FB689B6B37
:10EA900000225A64FB689B6B00229A64FB689B6BA4
:10EAA00000221A65FB68986BFB681B6810331946D7
:10EAB000FB685B6A1A46FB681B8DFEF757FB034633
:10EAC00087F8233097F82330002B40F0878013E03D
:10EAD000FB68202283F83D20FB68002283F83E205B
:10EAE000FB681B6C43F08002FB681A64FB68002221
:10EAF00083F83C200123B3E0F8883A8979897B6A5E
:10EB00000193232300930346F86801F0E5FE0346D2
:10EB1000002B23D0FB689B6B1846FEF7EFFB0346E8
:10EB200087F82330FB689B6B0022DA63FB681B6865
:10EB30001A68FB681B6822F480621A60FB68002276
:10EB40001A85FB6800225A85FB681B681A68FB68F7
:10EB50001B6822F001021A60012381E0FB681B8D13
:10EB6000012B08D1FB681B681A68FB681B6822F43C
:10EB700080621A6007E0FB681B685A68FB681B68C4
:10EB800042F480525A600023BB61FB681B685B69DA
:10EB9000BB61FB681B689B69BB61BB69FB680022AA
:10EBA00083F83C20FB681B685A68FB681B6842F4CA
:10EBB00080725A60FB681B685A68FB681B6842F4E5
:10EBC00000625A6049E000BFF400002089B5F814E3
:10EBD0000000FFFFA90A0108670C0108FB6820225A
:10EBE00083F83D20FB68002283F83E20FB681B6C05
:10EBF00043F01002FB681A64FB68002283F83C2093
:10EC000001232DE0F8883A8979897B6A01932323CF
:10EC100000930346F86801F05FFE0346002B01D025
:10EC200001231DE000237B61FB681B685B697B613E
:10EC3000FB681B689B697B617B69FB681B681A68C2
:10EC4000FB681B6842F400721A60FB68202283F89C
:10EC50003D20FB68002283F83C20002300E00223D3
:10EC600018462837BD4680BD80B58AB002AFF8602F
:10EC70007A603B600B467B81FDF782FBF8610023E5
:10EC8000BB61FB6893F83D30DBB2202B40F0118173
:10EC9000FB690093192301228849F86802F0C8F83B
:10ECA0000346002B01D0022304E1FB6893F83C30BB
:10ECB000012B01D10223FDE0FB68012283F83C20F7
:10ECC000FB681B681B6803F00103012B07D0FB687E
:10ECD0001B681A68FB681B6842F001021A60FB6837
:10ECE0001B681A68FB681B6822F400621A60FB68E4
:10ECF000242283F83D20FB6800221A64FB68704AD6
:10ED0000DA62FB681B681A68FB681B6842F4807251
:10ED10001A60FB6900933B6800224FF00111F8680C
:10ED200002F086F80346002B0DD0FB681B681B68B9
:10ED300003F48073B3F5807F03D1FB684FF4007256
:10ED40001A640323B6E07B89DBB21A46FB681B68B2
:10ED500002F0FE021A61FDF713FBF861FB681B6805
:10ED60005B6903F00203022B0CBF01230023DBB21B
:10ED7000FB75FB681B685B6903F48063B3F5806F08
:10ED80000CBF01230023DBB2BB7525E0FDF7F8FAC9
:10ED90000246FB69D31A3A689A4202D33B68002BB9
:10EDA00003D1FB68A02283F83D20FB681B685B69E8
:10EDB00003F00203022B0CBF01230023DBB2FB751F
:10EDC000FB681B685B6903F48063B3F5806F0CBF5D
:10EDD00001230023DBB2BB75FB6893F83D30DBB247
:10EDE000A02B05D0FB7D002B02D1BB7D002BCDD00D
:10EDF000FB68202283F83D20FB681B685B6903F0F9
:10EE00000203022B29D1FB681B681A68FB681B6888
:10EE100042F400721A6000233B61FB681B685B6967
:10EE20003B61FB681B689B693B613B69FB69009325
:10EE3000192301222149F86801F0FAFF0346002B4B
:10EE400001D0012336E0FB68202283F83D20FB68D7
:10EE5000002283F83C2000232CE0FB681B681A6822
:10EE6000FB681B6842F400721A60FB681B686FF451
:10EE700080625A61FB690093192301220F49F868E7
:10EE800001F0D6FF0346002B01D0012312E0BB693D
:10EE90000133BB61BA697B689A42FFF432AFFB6809
:10EEA000202283F83D20FB68002283F83C200123C8
:10EEB00000E0022318462037BD4680BD0200100046
:10EEC0000000FFFF80B588B000AF78600023BB6111
:10EED0007B681B685B687B617B68DB6A3B617B6886
:10EEE00093F83E30FB737B6893F83D30BB73FB7B3C
:10EEF000102B03D0FB7B402B40F0C1807B681B684C
:10EF00009B69BB617B681B685B69FB61FB6903F004
:10EF10000103002B0DD13B69B3F52A0F03D03B69E8
:10EF2000B3F12A4F01D1012300E00023012B00F0AF
:10EF30003281FB6903F00103002B0CD07B695B0A73
:10EF400003F00103002B06D0786802F0D9F9786845
:10EF500000F08BFD92E0FB69DB0803F00103002B5E
:10EF600009D07B695B0A03F00103002B03D07868AA
:10EF700000F001FE82E0FB695B0803F00103002B57
:10EF800009D07B695B0A03F00103002B03D078688A
:10EF900000F01BFE72E0BB699B0803F00103002B2D
:10EFA0003BD07B681B685B6803F40063B3F5006FBC
:10EFB00000F0F380FB69DB0903F00103002B0FD0A5
:10EFC0007B699B0A03F00103002B09D0FB699B08B6
:10EFD00003F00103002B03D1786800F0E3F94DE062
:10EFE000FB699B0803F00103002B00F0D6807B69CE
:10EFF0005B0A03F00103002B00F0CF80BB7B212BC9
:10F0000003D1786800F06AFAC7E0FB7B402B40F040
:10F01000C480786800F0D8FABFE07B681B685B6842
:10F0200003F40063B3F5006F00F0B780FB699B0940
:10F0300003F00103002B0FD07B699B0A03F001034F
:10F04000002B09D0FB699B0803F00103002B03D1BF
:10F05000786800F051FB11E0FB699B0803F00103A5
:10F06000002B00F09A807B695B0A03F00103002B00
:10F0700000F09380786800F007FC8EE08DE07B68FC
:10F080001B6C002B04D07B681B685B69FB6107E08D
:10F090007B681B689B69BB617B681B685B69FB6164
:10F0A000FB695B0803F00103002B12D07B695B0A4C
:10F0B00003F00103002B0CD07B681B6C002B03D0EA
:10F0C0007B681B689B69BB61B969786800F0CCFFFD
:10F0D00066E0FB691B0903F00103002B09D07B6983
:10F0E0005B0A03F00103002B03D0786801F006F8F7
:10F0F00056E0BB7B212B02D0BB7B292B25D1FB69A2
:10F10000DB0903F00103002B0FD07B699B0A03F09E
:10F110000103002B09D0FB699B0803F00103002BBE
:10F1200003D1786800F0E2FE39E0FB699B0803F048
:10F130000103002B33D07B695B0A03F00103002B32
:10F140002DD0786800F00FFF29E0FB699B0903F0E0
:10F150000103002B0FD07B699B0A03F00103002BF6
:10F1600009D0FB699B0803F00103002B03D17868E9
:10F1700000F01AFF14E0FB699B0803F00103002B69
:10F180000ED07B695B0A03F00103002B08D078687E
:10F1900000F048FF04E000BF02E000BF00E000BF55
:10F1A0002037BD4680BD80B58AB000AF78607B68EF
:10F1B0001B685B693B627B681B685B68FB610023C3
:10F1C0007B627B6893F83E30FB763B6A1B0A03F058
:10F1D0000103002B0ED0FB691B0A03F00103002B77
:10F1E00008D07B6A43F001037B627B681B686FF485
:10F1F00080725A613B6A5B0A03F00103002B0ED058
:10F20000FB691B0A03F00103002B08D07B6A43F063
:10F2100002037B627B681B686FF400725A613B6A71
:10F220009B0A03F00103002B3FD0FB691B0A03F08C
:10F230000103002B39D0FB7EBB767B685B8D9BB2D4
:10F240007B617B6893F83D30FB747B681B6BFB60D4
:10F25000BB7E202B12D17B69002B0FD1FB7C212B95
:10F2600008D0FB7C292B05D0FB7C282B06D1FB6822
:10F27000212B03D1786801F071F816E07B681B68D8
:10F280006FF480625A617B6A43F004037B62FB7E09
:10F29000102B02D0FB7E402B07D17B681B681A68BD
:10F2A0007B681B6842F400721A603B6ADB0A03F059
:10F2B0000103002B0ED0FB691B0A03F00103002B96
:10F2C00008D07B6A43F008037B627B681B686FF49D
:10F2D00000625A617B6A002B08D07B681A6C7B6ADB
:10F2E0001A437B681A64786801F0ACF800BF2837CD
:10F2F000BD4680BD80B483B000AF786000BF0C37DE
:10F30000BD465DF8047B704780B483B000AF786081
:10F3100000BF0C37BD465DF8047B704780B483B0F6
:10F3200000AF786000BF0C37BD465DF8047B7047C6
:10F3300080B483B000AF78600B46FB7013463B800F
:10F3400000BF0C37BD465DF8047B704780B483B0C6
:10F3500000AF786000BF0C37BD465DF8047B704796
:10F3600080B483B000AF786000BF0C37BD465DF855
:10F37000047B704780B483B000AF786000BF0C3767
:10F38000BD465DF8047B704780B483B000AF786001
:10F390007B6893F83D30DBB218460C37BD465DF80C
:10F3A000047B704780B584B000AF78607B6893F8C9
:10F3B0003D30FB737B6893F83E30BB737B68DB6A40
:10F3C000BB607B681B8D002B50D1FB7B212B4DD16B
:10F3D000BB68082B1DD0BB68202B1AD0BB6813F567
:10F3E000803F16D07B681B685A687B681B6822F4D4
:10F3F000E0625A607B6811221A637B68002283F8FE
:10F400003E207B68202283F83D207868F9F75CFA7B
:10F4100060E07B681B685A687B681B6822F4E062C6
:10F420005A607B681B681A687B681B6842F400722C
:10F430001A607B6800221A637B68202283F83D20D3
:10F440007B6893F83E30DBB2402B07D17B6800220B
:10F4500083F83E207868FFF783FF3BE07B6800225B
:10F4600083F83E207868F9F72FFA33E0FB7B212BF5
:10F4700005D0BB7B402B2DD1FB7B222B2AD17B6877
:10F480005B8D9BB2002B08D17B681B685A687B6838
:10F490001B6822F480625A601CE07B6893F83E305F
:10F4A000DBB2402B03D1786800F08EF812E07B6865
:10F4B0005B6A1A787B681B681A617B685B6A5A1CF6
:10F4C0007B685A627B685B8D9BB2013B9AB27B681A
:10F4D0005A85FFE700BF1037BD4680BD80B584B0B8
:10F4E00000AF78607B68DB6AFB607B6893F83D3037
:10F4F000DBB2212B64D17B685B8D9BB2002B12D0D9
:10F500007B685B6A1A787B681B681A617B685B6A38
:10F510005A1C7B685A627B685B8D9BB2013B9AB236
:10F520007B685A854CE0FB68082B1DD0FB68202BBC
:10F530001AD0FB6813F5803F16D07B681B685A68A9
:10F540007B681B6822F4E0625A607B6811221A63B0
:10F550007B68002283F83E207B68202283F83D20D0
:10F560007868F9F7B1F92BE07B681B685A687B680B
:10F570001B6822F4E0625A607B681B681A687B682B
:10F580001B6842F400721A607B6800221A637B6871
:10F59000202283F83D207B6893F83E30DBB2402B7D
:10F5A00007D17B68002283F83E207868FFF7D8FEF9
:10F5B00006E07B68002283F83E207868F9F784F93A
:10F5C00000BF1037BD4680BD80B584B000AF786005
:10F5D0007B6893F83D30FB737B681B6D002B1DD15E
:10F5E0007B68DB6C012B0BD17B689B6CDAB27B6890
:10F5F0001B681A617B681B6D9A1C7B681A6577E033
:10F600007B689B6C9BB21B12DAB27B681B681A6129
:10F610007B681B6D5A1C7B681A6569E07B681B6DF3
:10F62000012B0BD17B689B6CDAB27B681B681A617B
:10F630007B681B6D5A1C7B681A6559E07B681B6DE3
:10F64000022B52D1FB7B222B0DD17B681B681A68E1
:10F650007B681B6842F480721A607B681B6D5A1CC1
:10F660007B681A6544E07B685B8D9BB2002B15D0EC
:10F67000FB7B212B12D17B685B6A1A787B681B6845
:10F680001A617B685B6A5A1C7B685A627B685B8D77
:10F690009BB2013B9AB27B685A8529E07B685B8DFF
:10F6A0009BB2002B24D1FB7B212B21D17B681B68D3
:10F6B0005A687B681B6822F4E0625A607B681B68AA
:10F6C0001A687B681B6842F400721A607B6800222B
:10F6D0001A637B68202283F83D207B68002283F830
:10F6E0003E207868FFF73CFE02E07868FEF7C0FB3A
:10F6F00000BF1037BD4680BD80B584B000AF7860D4
:10F700007B6893F83D30DBB2222B40F0B9807B68F8
:10F71000DB6AFB607B685B8D9BB2BB60BB68032BC5
:10F7200021D97B681B681A697B685B6AD2B21A7040
:10F730007B685B6A5A1C7B685A627B685B8D9BB2F4
:10F74000013B9AB27B685A857B685B8D9BB2032B29
:10F7500040F096807B681B685A687B681B6822F4BF
:10F7600080625A608CE07B68DB6A022B7FD0BB68CA
:10F77000012B02D0BB68002B79D1786801F002FD23
:10F780000346002B4CD17B681B681A687B681B689A
:10F7900022F480621A607B681B685A687B681B6869
:10F7A00022F4E0625A607B681B681A697B685B6AB6
:10F7B000D2B21A707B685B6A5A1C7B685A627B689B
:10F7C0005B8D9BB2013B9AB27B685A857B68202295
:10F7D00083F83D207B6893F83E30DBB2402B0AD1A2
:10F7E0007B68002283F83E207B6800221A637868D9
:10F7F000F9F7AAF844E07B68002283F83E20FB6812
:10F80000082B02D0FB68202B03D17B6800221A63EF
:10F8100002E07B6812221A637868FFF76BFD2FE025
:10F820007B681B685A687B681B6822F4E0625A6038
:10F830007B681B681A697B685B6AD2B21A707B6846
:10F840005B6A5A1C7B685A627B685B8D9BB2013B8A
:10F850009AB27B685A857B68202283F83D207B68BA
:10F86000002283F83E207868F9F79EF808E07B686C
:10F870001B685A687B681B6822F480625A60FFE745
:10F8800000BF1037BD4680BD80B584B000AF786042
:10F890007B68DB6AFB607B685B8D9BB2042B1BD1B2
:10F8A0007B681B685A687B681B6822F480625A6018
:10F8B0007B681B681A697B685B6AD2B21A707B68C6
:10F8C0005B6A5A1C7B685A627B685B8D9BB2013B0A
:10F8D0009AB27B685A85C4E07B685B8D9BB2032B30
:10F8E00029D17B681B685A687B681B6822F4806298
:10F8F0005A60FB68042B0AD0FB68022B07D07B6898
:10F900001B681A687B681B6822F480621A607B6837
:10F910001B681A697B685B6AD2B21A707B685B6A83
:10F920005A1C7B685A627B685B8D9BB2013B9AB222
:10F930007B685A8595E07B685B8D9BB2022B7DD1FD
:10F94000FB68012B02D0FB68102B08D17B681B6879
:10F950001A687B681B6822F480621A6016E0FB68F4
:10F96000042B02D0FB68022B08D17B681B681A6845
:10F970007B681B6842F480621A6007E07B681B6842
:10F980001A687B681B6842F400721A607B681B6807
:10F990001A697B685B6AD2B21A707B685B6A5A1C10
:10F9A0007B685A627B685B8D9BB2013B9AB27B6835
:10F9B0005A857B681B681A697B685B6AD2B21A70C9
:10F9C0007B685B6A5A1C7B685A627B685B8D9BB262
:10F9D000013B9AB27B685A857B681B685A687B68D2
:10F9E0001B6822F440725A607B68202283F83D2015
:10F9F0007B6893F83E30DBB2402B0AD17B68002253
:10FA000083F83E207B6800221A637868F8F79CFF31
:10FA100027E07B68002283F83E20FB68082B02D099
:10FA2000FB68202B03D17B6800221A6302E07B680D
:10FA300012221A637868FFF75DFC12E07B681B688E
:10FA40001A697B685B6AD2B21A707B685B6A5A1C5F
:10FA50007B685A627B685B8D9BB2013B9AB27B6884
:10FA60005A8500BF1037BD4680BD80B483B000AF5B
:10FA700078607B6893F83E30DBB2402B17D17B680F
:10FA80001B6D002B09D17B685B6CDBB21A467B686F
:10FA90001B6802F0FE021A6167E07B685B6CDBB2F8
:10FAA00043F00103DAB27B681B681A615DE07B6892
:10FAB0001B69B3F5804F33D17B6893F83D30DBB2DF
:10FAC000212B09D17B685B6CDBB21A467B681B6813
:10FAD00002F0FE021A6108E07B685B6CDBB243F067
:10FAE0000103DAB27B681B681A617B685B6B002BD1
:10FAF00004D07B685B6BDB6B002B08D17B689B6B56
:10FB0000002B32D07B689B6BDB6B002B2DD07B688E
:10FB10001B685A687B681B6842F400625A6024E0E4
:10FB20007B681B6D002B0ED17B685B6C9BB2DB117D
:10FB3000DBB203F00603DBB263F00F03DAB27B68DB
:10FB40001B681A6111E07B681B6D012B0DD17B686E
:10FB50005B6C9BB2DB11DBB203F00603DBB263F03C
:10FB60000E03DAB27B681B681A6100BF0C37BD4612
:10FB70005DF8047B704780B483B000AF78607B6829
:10FB80005B6CDAB27B681B681A617B685B6B002B6D
:10FB900004D07B685B6BDB6B002B08D17B689B6BB5
:10FBA000002B0CD07B689B6BDB6B002B07D07B683A
:10FBB0001B685A687B681B6842F400625A6000BF89
:10FBC0000C37BD465DF8047B704780B491B000AF40
:10FBD00078607B6893F83E3087F83F307B68DB6A5B
:10FBE000BB637B681B6B7B637B6893F83D30DBB248
:10FBF000222B40F069817B681B6D002B0FD197F899
:10FC00003F30402B0BD100233B637B681B685B6953
:10FC10003B637B681B689B693B633B6B60E17B6874
:10FC20001B6D002B1DD17B681B69B3F5404F18D1AC
:10FC30000023FB627B681B685B69FB627B681B6857
:10FC40009B69FB62FB6A7B681B681A687B681B68A0
:10FC500042F480721A607B681B6D5A1C7B681A65BF
:10FC60003EE17B685B8D9BB2002B13D10023BB620E
:10FC70007B681B685B69BB627B681B689B69BB62B6
:10FC8000BB6A7B681B681A687B681B6842F4007259
:10FC90001A6015E17B685B8D9BB2012B40F08A8076
:10FCA000BB6B13F5803F37D17B681B681A687B6894
:10FCB0001B6822F480621A607B681B685B6803F42F
:10FCC0000063B3F5006F13D17B681B681A687B680B
:10FCD0001B6822F480621A6000237B627B681B68C9
:10FCE0005B697B627B681B689B697B627B6AE7E080
:10FCF00000233B627B681B685B693B627B681B6817
:10FD00009B693B623B6A7B681B681A687B681B685F
:10FD100042F400721A60D3E0BB6B082B2ED0BB6B91
:10FD2000202B2BD07B6B122B02D1BB6B012B25D14F
:10FD3000BB6B042B0ED0BB6B022B0BD0BB6B102B01
:10FD400008D07B681B681A687B681B6822F4806295
:10FD50001A6007E07B681B681A687B681B6842F4BE
:10FD600080621A600023FB617B681B685B69FB6132
:10FD70007B681B689B69FB61FB69A1E07B681B6872
:10FD80001A687B681B6822F480621A600023BB61DA
:10FD90007B681B685B69BB617B681B689B69BB6197
:10FDA000BB697B681B681A687B681B6842F4007239
:10FDB0001A6085E07B685B8D9BB2022B4DD1BB6BDB
:10FDC000042B16D0BB6B022B13D0BB6B102B10D0A7
:10FDD0007B681B681A687B681B6822F480621A6063
:10FDE0007B681B681A687B681B6842F400621A60B3
:10FDF00007E07B681B681A687B681B6842F48062B6
:10FE00001A607B681B685B6803F40063B3F5006FDE
:10FE100017D1BB6B13F5803F0BD0BB6B012B08D008
:10FE2000BB6B082B05D0BB6B102B02D0BB6B202B00
:10FE300007D17B681B685A687B681B6842F4805254
:10FE40005A6000237B617B681B685B697B617B6810
:10FE50001B689B697B617B6932E07B681B681A6861
:10FE60007B681B6842F480621A607B681B685B6871
:10FE700003F40063B3F5006F17D1BB6B13F5803F3C
:10FE80000BD0BB6B012B08D0BB6B082B05D0BB6B19
:10FE9000102B02D0BB6B202B07D17B681B685A68E4
:10FEA0007B681B6842F480525A6000233B617B6888
:10FEB0001B685B693B617B681B689B693B613B69B5
:10FEC0007B6800221A650BE00023FB607B681B68DF
:10FED0005B69FB607B681B689B69FB60FB68FFE7F5
:10FEE00000BF4437BD465DF8047B704780B584B0E1
:10FEF00000AF78607B6893F83D30FB737B685B8D67
:10FF00009BB2002B2BD07B685B6A1A787B681B68DE
:10FF10001A617B685B6A5A1C7B685A627B685B8DDE
:10FF20009BB2013B9AB27B685A857B685B8D9BB222
:10FF3000002B14D1FB7B292B11D17B681B685A68DD
:10FF40007B681B6822F480625A607B6821221A63F6
:10FF50007B68282283F83D207868FFF7D5F900BF39
:10FF60001037BD4680BD80B483B000AF78607B6839
:10FF70005B8D9BB2002B11D07B685B6A1A787B6823
:10FF80001B681A617B685B6A5A1C7B685A627B68D3
:10FF90005B8D9BB2013B9AB27B685A8500BF0C37E0
:10FFA000BD465DF8047B704780B584B000AF7860D3
:10FFB0007B6893F83D30FB737B685B8D9BB2002BB5
:10FFC0002CD07B681B681A697B685B6AD2B21A7096
:10FFD0007B685B6A5A1C7B685A627B685B8D9BB24C
:10FFE000013B9AB27B685A857B685B8D9BB2002B84
:10FFF00014D1FB7B2A2B11D17B681B685A687B6864
:020000040801F1
:100000001B6822F480625A607B6822221A637B6834
:10001000282283F83D207868FFF780F900BF103769
:10002000BD4680BD80B483B000AF78607B685B8DD7
:100030009BB2002B12D07B681B681A697B685B6AD5
:10004000D2B21A707B685B6A5A1C7B685A627B6802
:100050005B8D9BB2013B9AB27B685A8500BF0C371F
:10006000BD465DF8047B704780B584B000AF786012
:1000700039600023FB737B6893F83D30DBB203F0FB
:100080002803282B27D17B681B685A687B681B686C
:1000900022F480625A603B689B0803F00103002B46
:1000A00001D10123FB733B68DB0903F00103002B43
:1000B00003D17B68DB68BB8102E07B689B69BB8105
:1000C0007B68002283F83C20BA89FB7B194678685C
:1000D000FFF72EF90EE00023BB607B681B685B69AD
:1000E000BB607B681B689B69BB60BB687B68002248
:1000F00083F83C2000BF1037BD4680BD80B584B07A
:1001000000AF78607B6893F83D30FB737B681B68B9
:100110005A687B681B6822F4E0625A600023BB6067
:100120007B681B685B69BB607B681B681A687B68BF
:100130001B6842F001021A60BB687B681B681A6882
:100140007B681B6822F480621A607B681B685B68AE
:1001500003F40063B3F5006F72D1FB7B222B02D056
:10016000FB7B2A2B35D17B689B6B1B685B689AB243
:100170007B685A857B685B8D9BB2002B05D07B68C2
:100180001B6C43F004027B681A647B681B685A6826
:100190007B681B6822F400625A607B689B6B184680
:1001A000FDF758FA0346012B49D07B689B6B694ADF
:1001B0001A657B689B6B1846FDF7A0F80346002B79
:1001C0003DD07B689B6B1B6D7A68926B104698479D
:1001D00035E07B685B6B1B685B689AB27B685A850D
:1001E0007B685B8D9BB2002B05D07B681B6C43F05A
:1001F00004027B681A647B681B685A687B681B680A
:1002000022F400625A607B685B6B1846FDF722FAA5
:100210000346012B14D07B685B6B4E4A1A657B68E2
:100220005B6B1846FDF76AF80346002B08D07B6825
:100230005B6B1B6D7A68526B1046984700E000BFFD
:100240007B685B8D9BB2002B3ED07B681B685B6933
:1002500003F00403042B12D17B681B681A697B68C6
:100260005B6AD2B21A707B685B6A5A1C7B685A62FE
:100270007B685B8D9BB2013B9AB27B685A857B6839
:100280001B685B6903F04003402B12D17B681B683D
:100290001A697B685B6AD2B21A707B685B6A5A1C07
:1002A0007B685A627B685B8D9BB2013B9AB27B682C
:1002B0005A857B685B8D9BB2002B05D07B681B6CDD
:1002C00043F004027B681A647B681B6C002B03D02C
:1002D000786800F0B7F839E0FB7B2A2B09D17B68FE
:1002E00000221A637B68282283F83D207868FFF794
:1002F00015F87B6893F83D30DBB2282B11D17B6871
:10030000154ADA627B6800221A637B68202283F830
:100310003D207B68002283F83E207868FFF716F8BE
:1003200014E07B681B6B222B02D0FB7B222B0DD1B0
:100330007B6800221A637B68202283F83D207B685B
:10034000002283F83E207868FEF7E8FF00BF1037F0
:10035000BD4680BDE10C01080000FFFF80B584B000
:1003600000AF78607B6893F83D30FB737B68DB6A95
:10037000BB60BB68082B02D0BB68202B29D1FB7B5C
:10038000282B26D17B682E4ADA627B681B685A6864
:100390007B681B6822F4E0625A607B681B686FF41C
:1003A00080625A617B681B681A687B681B6822F44C
:1003B00080621A607B6800221A637B68202283F8BF
:1003C0003D207B68002283F83E207868FEF7BEFF60
:1003D00031E0FB7B212B29D17B68194ADA627B68EB
:1003E00021221A637B68202283F83D207B6800224B
:1003F00083F83E207B681B685A687B681B6822F480
:10040000E0625A607B681B686FF480625A617B68A7
:100410001B681A687B681B6822F480621A6078681F
:10042000FDF726FD7868FEF76FFF04E07B681B6828
:100430006FF480625A6100BF1037BD4680BD00BFB7
:100440000000FFFF80B584B000AF78607B6893F850
:100450003D30FB737B6893F83E30BB73BB7B102B46
:1004600002D0BB7B402B0AD1FB7B222B07D17B68C0
:100470001B681A687B681B6822F400621A60FB7BA9
:1004800003F02803282B07D17B6800221A637B68BE
:10049000282283F83D2015E07B681B685B6803F425
:1004A0000063B3F5006F0AD0FB7B602B07D07B683D
:1004B000202283F83D207B68002283F83E207B6861
:1004C00000221A637B681B685B6803F40063B3F562
:1004D000006F62D17B681B685A687B681B6822F4D6
:1004E00000625A607B685B6B93F83530DBB2012B9E
:1004F00020D07B685B6B6A4A1A657B685B6B184629
:10050000FCF7FCFE0346002B00F089807B681B682B
:100510001A687B681B6822F001021A607B6820223F
:1005200083F83D207B685B6B1B6D7A68526B1046CD
:10053000984774E07B689B6B594A1A657B689B6B94
:100540001846FCF7DBFE0346002B68D07B681B686F
:100550005B6903F04003402B0BD17B681B681A6971
:100560007B685B6AD2B21A707B685B6A5A1C7B68D4
:100570005A627B681B681A687B681B6822F001025C
:100580001A607B68202283F83D207B689B6B1B6D83
:100590007A68926B1046984741E07B6893F83D304B
:1005A000DBB2602B25D17B68202283F83D207B685D
:1005B00000221A647B681B685B6903F04003402BD0
:1005C0000BD17B681B681A697B685B6AD2B21A70B0
:1005D0007B685B6A5A1C7B685A627B681B681A6876
:1005E0007B681B6822F001021A607868FEF7C2FE81
:1005F00015E07B681B685B6903F04003402B0BD15F
:100600007B681B681A697B685B6AD2B21A707B6868
:100610005B6A5A1C7B685A627868F8F7C5F97B6890
:100620001B6CBB60BB6803F00103002B0ED1BB68E1
:1006300003F00203002B09D1BB6803F00403002B75
:1006400004D1BB6803F00803002B07D07B681B684C
:100650005A687B681B6822F4E0625A607B6893F8F2
:100660003D30FB737B681B6C03F00403042B13D138
:10067000FB7B282B10D17B680A4ADA627B68002258
:100680001A637B68202283F83D207B68002283F870
:100690003E207868FEF75AFE00BF1037BD4680BD89
:1006A000E10C01080000FFFF80B588B002AFF860E0
:1006B0007A603B600B467B81FB68DB6A7B617B6910
:1006C000082B06D07B69012B03D07B6913F5803F93
:1006D00008D1FB681B681A68FB681B6842F48072CB
:1006E0001A600BE0FB681B6B122B07D1FB681B68C1
:1006F0001A68FB681B6842F480721A603B680093BA
:100700007B6800224FF00111F86800F091FB03466E
:10071000002B0DD0FB681B681B6803F48073B3F5D6
:10072000807F03D1FB684FF400721A64032335E025
:10073000FB681B69B3F5804F08D17B89DBB21A4691
:10074000FB681B6802F0FE021A611BE07B89DB116B
:10075000DBB203F00603DBB263F00F03DAB2FB682F
:100760001B681A613B687A680E49F86800F0DAFB8A
:100770000346002B01D0012310E07B89DAB2FB682D
:100780001B681A613B687A680749F86800F0CAFB81
:100790000346002B01D0012300E000231846183740
:1007A000BD4680BD080001000200010080B588B090
:1007B00002AFF860084611461A4603467B810B4695
:1007C0003B811346FB80FB681B681A68FB681B684B
:1007D00042F480721A607B6A00933B6A00224FF0F9
:1007E0000111F86800F024FB0346002B0DD0FB68D4
:1007F0001B681B6803F48073B3F5807F03D1FB682B
:100800004FF400721A6403235FE07B89DBB21A465F
:10081000FB681B6802F0FE021A617B6A3A6A2D4986
:10082000F86800F07FFB0346002B01D001234CE069
:1008300000237B61FB681B685B697B61FB681B684D
:100840009B697B617B697A6A396AF86800F00AFC07
:100850000346002B0DD0FB681B6C042B07D1FB68F3
:100860001B681A68FB681B6842F400721A60012357
:100870002BE0FB88012B05D13B89DAB2FB681B68B2
:100880001A6121E03B891B0A9BB2DAB2FB681B6844
:100890001A617A6A396AF86800F0E4FB0346002BB3
:1008A0000DD0FB681B6C042B07D1FB681B681A6812
:1008B000FB681B6842F400721A60012305E03B8963
:1008C000DAB2FB681B681A61002318461837BD4668
:1008D00080BD00BF0200010080B588B002AFF860A3
:1008E000084611461A4603467B810B463B81134658
:1008F000FB80FB681B681A68FB681B6842F4806217
:100900001A60FB681B681A68FB681B6842F48072F7
:100910001A607B6A00933B6A00224FF00111F8686D
:1009200000F086FA0346002B0DD0FB681B681B689D
:1009300003F48073B3F5807F03D1FB684FF400723A
:100940001A640323AAE07B89DBB21A46FB681B68A2
:1009500002F0FE021A617B6A3A6A5249F86800F0B6
:10096000E1FA0346002B01D0012397E000237B61CD
:10097000FB681B685B697B61FB681B689B697B612B
:100980007B697A6A396AF86800F06CFB0346002BD1
:100990000DD0FB681B6C042B07D1FB681B681A6821
:1009A000FB681B6842F400721A60012376E0FB8842
:1009B000012B05D13B89DAB2FB681B681A6121E083
:1009C0003B891B0A9BB2DAB2FB681B681A617A6A20
:1009D000396AF86800F046FB0346002B0DD0FB682F
:1009E0001B6C042B07D1FB681B681A68FB681B682B
:1009F00042F400721A60012350E03B89DAB2FB68CE
:100A00001B681A617A6A396AF86800F02BFB0346A2
:100A1000002B0DD0FB681B6C042B07D1FB681B68F7
:100A20001A68FB681B6842F400721A60012335E003
:100A3000FB681B681A68FB681B6842F480721A60C6
:100A40007B6A00933B6A00224FF00111F86800F0C6
:100A5000EFF90346002B0DD0FB681B681B6803F4FD
:100A60008073B3F5807F03D1FB684FF400721A6482
:100A7000032313E07B89DBB243F00103DAB2FB68A6
:100A80001B681A617B6A3A6A0649F86800F04AFAFC
:100A90000346002B01D0012300E00023184618373D
:100AA000BD4680BD0200010080B586B000AF786011
:100AB0007B689B6B7B617B6993F83D30FB747B6942
:100AC00093F83E30BB747B69DB6AFB607B691B6813
:100AD0005A687B691B6822F440725A607B695B6BC1
:100AE000002B03D07B695B6B0022DA637B699B6B15
:100AF000002B03D07B699B6B0022DA63FB7C03F045
:100B00002103212B07D0FB7C03F02203222B31D1C0
:100B1000BB7C202B2ED17B691B685A687B691B68C4
:100B200022F400625A607B6900225A85FB7C292BE3
:100B30000AD17B6921221A637B69282283F83D2030
:100B40007869FEF7E1FB0CE0FB7C2A2B09D17B697D
:100B500022221A637B69282283F83D207869FEF7F8
:100B6000DDFB7B691B685A687B691B6842F4407235
:100B70005A6074E07B6993F83E30DBB2002B6ED094
:100B80007B695B8D9BB2012B07D17B691B681A685F
:100B90007B691B6822F480621A607B691B685A6853
:100BA0007B691B6822F440725A60FB6813F5803F32
:100BB00009D0FB68082B06D0FB68B3F12A4F02D09E
:100BC000FB68202B07D17B691B681A687B691B684F
:100BD00042F400721A607B691B685A687B691B6863
:100BE00022F480525A607B691B685A687B691B68D3
:100BF00022F400625A607B6900225A857B691B6C73
:100C0000002B03D07869F7F7CFFE28E07B6920221C
:100C100083F83D207B6993F83E30DBB2402B0AD14C
:100C20007B69002283F83E207B6900221A63786981
:100C3000F7F78AFE13E07B69002283F83E20FB6809
:100C4000082B02D0FB68202B03D17B6900221A639A
:100C500002E07B6912221A637869FEF74BFB00BF42
:100C60001837BD4680BD80B584B000AF78607B6822
:100C70009B6BFB60FB685B6B002B03D0FB685B6BC3
:100C80000022DA63FB689B6B002B03D0FB689B6B35
:100C90000022DA637868FCF7EBFC0346022B1BD0DA
:100CA000FB681B681A68FB681B6822F480621A6084
:100CB000FB6800225A85FB68202283F83D20FB68F0
:100CC000002283F83E20FB681B6C43F01002FB6897
:100CD0001A64F868F7F768FE00BF1037BD4680BD9C
:100CE00080B586B000AF78600023FB607B689B6BAB
:100CF0007B617B6993F83D30FB744B4B1B68DB08D1
:100D00004A4AA2FB03231A0A13469B001344DA0043
:100D1000D31AFB60FB68002B06D17B691B6C43F088
:100D200020027B691A640AE0FB68013BFB607B6977
:100D30001B681B6803F40073B3F5007FEAD07B697E
:100D40005B6B002B03D07B695B6B0022DA637B69F2
:100D50009B6B002B03D07B699B6B0022DA637B6962
:100D60001B681A687B691B6822F480621A607B69C1
:100D700000225A857B695B6B002B03D07B695B6B20
:100D800000221A657B699B6B002B03D07B699B6BF0
:100D900000221A657B691B681A687B691B6822F050
:100DA00001021A607B6993F83D30DBB2602B0ED1F3
:100DB0007B69202283F83D207B69002283F83E2056
:100DC0007B6900221A647869FEF7D4FA27E0FB7C7D
:100DD00003F02803282B17D17B691B681A687B69ED
:100DE0001B6842F001021A607B691B681A687B6904
:100DF0001B6842F480621A607B6900221A637B6977
:100E0000282283F83D2007E07B69202283F83D20DB
:100E10007B69002283F83E207869F7F7C5FD00BFA3
:100E20001837BD4680BD00BFF400002089B5F81416
:100E300080B584B000AFF860B9603B601346FB71C9
:100E400048E03B68B3F1FF3F44D0FBF799FA024614
:100E5000BB69D31A3A689A4202D33B68002B39D156
:100E6000BB681B0CDBB2012B0DD1FB681B685B69F7
:100E7000DA43BB6813409BB2002B0CBF0123002355
:100E8000DBB21A460CE0FB681B689B69DA43BB685F
:100E900013409BB2002B0CBF01230023DBB21A4688
:100EA000FB799A4216D1FB6800221A63FB68202264
:100EB00083F83D20FB68002283F83E20FB681B6C12
:100EC00043F02002FB681A64FB68002283F83C2090
:100ED000012323E0BB681B0CDBB2012B0DD1FB68A7
:100EE0001B685B69DA43BB6813409BB2002B0CBFE5
:100EF00001230023DBB21A460CE0FB681B689B69E8
:100F0000DA43BB6813409BB2002B0CBF01230023C4
:100F1000DBB21A46FB799A4293D000231846103769
:100F2000BD4680BD80B584B000AFF860B9607A601E
:100F30003B6071E0FB681B685B6903F48063B3F599
:100F4000806F23D1FB681B681A68FB681B6842F43A
:100F500000721A60FB681B686FF480625A61FB685C
:100F600000221A63FB68202283F83D20FB680022E0
:100F700083F83E20FB681B6C43F00402FB681A6494
:100F8000FB68002283F83C20012367E07B68B3F113
:100F9000FF3F41D0FBF7F4F902463B68D31A7A6869
:100FA0009A4202D37B68002B36D1BB681B0CDBB2A4
:100FB000012B0CD1FB681B685B69DA43BB681340EB
:100FC0009BB2002B14BF01230023DBB20BE0FB68B4
:100FD0001B689B69DA43BB6813409BB2002B14BFAC
:100FE00001230023DBB2002B16D0FB6800221A631A
:100FF000FB68202283F83D20FB68002283F83E2016
:10100000FB681B6C43F02002FB681A64FB6800223B
:1010100083F83C20012321E0BB681B0CDBB2012BD1
:101020000CD1FB681B685B69DA43BB6813409BB259
:10103000002B14BF01230023DBB20BE0FB681B680D
:101040009B69DA43BB6813409BB2002B14BF01239A
:101050000023DBB2002B7FF46DAF0023184610375E
:10106000BD4680BD80B584B000AFF860B9607A60DD
:1010700034E0F86800F015F90346002B01D0012395
:1010800034E0BB68B3F1FF3F28D0FBF779F90246A3
:101090007B68D31ABA689A4202D3BB68002B1DD171
:1010A000FB681B685B6903F08003802B16D0FB682C
:1010B00000221A63FB68202283F83D20FB6800228F
:1010C00083F83E20FB681B6C43F02002FB681A6427
:1010D000FB68002283F83C20012307E0FB681B68C3
:1010E0005B6903F08003802BC3D1002318461037BF
:1010F000BD4680BD80B584B000AFF860B9607A604D
:1011000034E0F86800F0CDF80346002B01D001234D
:1011100034E0BB68B3F1FF3F28D0FBF731F902465A
:101120007B68D31ABA689A4202D3BB68002B1DD1E0
:10113000FB681B685B6903F00403042B16D0FB6893
:1011400000221A63FB68202283F83D20FB680022FE
:1011500083F83E20FB681B6C43F02002FB681A6496
:10116000FB68002283F83C20012307E0FB681B6832
:101170005B6903F00403042BC3D100231846103726
:10118000BD4680BD80B485B000AF78600023FB60B1
:10119000134B1B68DB08134AA2FB03231A0A1346EE
:1011A0009B001344FB60FB68013BFB60FB68002B6A
:1011B00007D17B681B6C43F020027B681A64012313
:1011C00008E07B681B681B6803F40073B3F5007FBD
:1011D000E9D0002318461437BD465DF8047B7047FC
:1011E000F400002089B5F81480B584B000AFF86031
:1011F000B9607A6049E0FB681B685B6903F0100323
:10120000102B19D1FB681B686FF010025A61FB6844
:1012100000221A63FB68202283F83D20FB6800222D
:1012200083F83E20FB681A6CFB681A64FB68002296
:1012300083F83C20012330E0FBF7A2F802467B68EC
:10124000D31ABA689A4202D3BB68002B1DD1FB683F
:101250001B685B6903F04003402B16D0FB6800223B
:101260001A63FB68202283F83D20FB68002283F884
:101270003E20FB681B6C43F02002FB681A64FB688D
:10128000002283F83C20012307E0FB681B685B69B0
:1012900003F04003402BAED1002318461037BD4663
:1012A00080BD80B483B000AF78607B681B685B69E9
:1012B00003F48063B3F5806F1BD17B681B686FF408
:1012C00080625A617B6800221A637B68202283F85F
:1012D0003D207B68002283F83E207B681B6C43F036
:1012E00004027B681A647B68002283F83C20012397
:1012F00000E0002318460C37BD465DF8047B7047BC
:1013000080B483B000AF78607B68DB6AB3F52A0FE6
:1013100003D17B680122DA6207E07B68DB6AB3F104
:101320002A4F02D17B680822DA6200BF0C37BD4623
:101330005DF8047B7047000080B586B000AF786030
:101340007B68002B01D1012367E27B681B6803F0F7
:101350000103002B75D0884B9B6803F00C03042B12
:101360000CD0854B9B6803F00C03082B12D1824BE9
:101370005B6803F48003B3F5800F0BD17E4B1B68D1
:1013800003F40033002B5BD07B685B68002B57D1E4
:10139000012342E27B685B68B3F5803F06D1764B60
:1013A0001B68754A43F4803313601DE07B685B68FB
:1013B000B3F5A02F0CD1704B1B686F4A43F4802308
:1013C00013606D4B1B686C4A43F4803313600BE071
:1013D000694B1B68684A23F480331360664B1B68B3
:1013E000654A23F4802313607B685B68002B13D06D
:1013F000FAF7C6FF386108E0FAF7C2FF02463B6918
:10140000D31A642B01D9032307E25B4B1B6803F457
:101410000033002BF0D014E0FAF7B2FF386108E097
:10142000FAF7AEFF02463B69D31A642B01D90323B6
:10143000F3E1514B1B6803F40033002BF0D100E0C3
:1014400000BF7B681B6803F00203002B63D04A4B8C
:101450009B6803F00C03002B0BD0474B9B6803F0F9
:101460000C03082B1CD1444B5B6803F48003002B56
:1014700016D1414B1B6803F00203002B05D07B689B
:10148000DB68012B01D00123C7E13B4B1B6823F034
:10149000F8027B681B69DB00374913430B603AE0B5
:1014A0007B68DB68002B20D0344B01221A60FAF7EE
:1014B00067FF386108E0FAF763FF02463B69D31A19
:1014C000022B01D90323A8E12B4B1B6803F0020375
:1014D000002BF0D0284B1B6823F0F8027B681B69B7
:1014E000DB00254913430B6015E0244B00221A60F2
:1014F000FAF746FF386108E0FAF742FF02463B6917
:10150000D31A022B01D9032387E11B4B1B6803F07D
:101510000203002BF0D17B681B6803F00803002B4B
:1015200036D07B685B69002B16D0154B01221A6000
:10153000FAF726FF386108E0FAF722FF02463B6916
:10154000D31A022B01D9032367E10B4B5B6F03F026
:101550000203002BF0D01BE0094B00221A60FAF7BF
:101560000FFF38610EE0FAF70BFF02463B69D31A12
:10157000022B07D9032350E1003802400000474204
:10158000800E4742884B5B6F03F00203002BEAD1C9
:101590007B681B6803F00403002B00F09780002396
:1015A000FB75814B1B6C03F08053002B0FD1002384
:1015B000BB607D4B1B6C7C4A43F0805313647A4BB9
:1015C0001B6C03F08053BB60BB680123FB75774B3A
:1015D0001B6803F48073002B18D1744B1B68734A8B
:1015E00043F480731360FAF7CBFE386108E0FAF732
:1015F000C7FE02463B69D31A022B01D903230CE133
:101600006A4B1B6803F48073002BF0D07B689B68E7
:10161000012B06D1644B1B6F634A43F00103136730
:101620001CE07B689B68052B0CD15F4B1B6F5E4AEF
:1016300043F0040313675C4B1B6F5B4A43F00103E9
:1016400013670BE0584B1B6F574A23F001031367D6
:10165000554B1B6F544A23F0040313677B689B6848
:10166000002B15D0FAF78CFE38610AE0FAF788FEF5
:1016700002463B69D31A41F28832934201D90323CF
:10168000CBE0494B1B6F03F00203002BEED014E0BC
:10169000FAF776FE38610AE0FAF772FE02463B6915
:1016A000D31A41F28832934201D90323B5E03E4B6D
:1016B0001B6F03F00203002BEED1FB7D012B05D144
:1016C000394B1B6C384A23F0805313647B689B6949
:1016D000002B00F0A180344B9B6803F00C03082B17
:1016E0005CD07B689B69022B41D1314B00221A6090
:1016F000FAF746FE386108E0FAF742FE02463B6917
:10170000D31A022B01D9032387E0274B1B6803F070
:101710000073002BF0D17B68DA697B681B6A1A437F
:101720007B685B6A9B011A437B689B6A5B08013B91
:101730001B041A437B68DB6A1B061B4913434B607F
:101740001B4B01221A60FAF71BFE386108E0FAF71A
:1017500017FE02463B69D31A022B01D903235CE032
:10176000114B1B6803F00073002BF0D054E0104BBA
:1017700000221A60FAF704FE386108E0FAF700FE6A
:1017800002463B69D31A022B01D9032345E0064BDD
:101790001B6803F00073002BF0D13DE07B689B6970
:1017A000012B07D1012338E00038024000700040CF
:1017B000600047421B4B5B68FB607B689B69012BA9
:1017C00028D0FB6803F480027B68DB699A4221D150
:1017D000FB6803F03F027B681B6A9A421AD1FA68E1
:1017E00047F6C07313407A68526A9201934211D14E
:1017F000FB6803F440327B689B6A5B08013B1B0477
:101800009A4207D1FB6803F070627B68DB6A1B06B3
:101810009A4201D0012300E0002318461837BD4644
:1018200080BD00BF0038024080B584B000AF786052
:1018300039607B68002B01D10123CCE0684B1B6829
:1018400003F007033A689A420CD9654B3A68D2B262
:101850001A70634B1B6803F007033A689A4201D081
:101860000123B8E07B681B6803F00203002B20D043
:101870007B681B6803F00403002B05D0594B9B6861
:10188000584A43F4E05393607B681B6803F00803F5
:10189000002B05D0534B9B68524A43F4604393603E
:1018A000504B9B6823F0F0027B689B684D491343C3
:1018B0008B607B681B6803F00103002B44D07B68BE
:1018C0005B68012B07D1474B1B6803F40033002BE7
:1018D00019D101237FE07B685B68022B03D07B6812
:1018E0005B68032B07D13F4B1B6803F00073002B91
:1018F00009D101236FE03B4B1B6803F00203002B6F
:1019000001D1012367E0374B9B6823F003027B681A
:101910005B68344913438B60FAF732FDF8600AE0E4
:10192000FAF72EFD0246FB68D31A41F28832934241
:1019300001D903234FE02B4B9B6803F00C027B681B
:101940005B689B009A42EBD1254B1B6803F00703B1
:101950003A689A420CD2224B3A68D2B21A70204BA3
:101960001B6803F007033A689A4201D0012332E072
:101970007B681B6803F00403002B08D0194B9B689D
:1019800023F4E0527B68DB68164913438B607B6865
:101990001B6803F00803002B09D0124B9B6823F44B
:1019A00060427B681B69DB000E4913438B6000F0CB
:1019B00021F802460B4B9B681B0903F00F030A49F1
:1019C000CB5C22FA03F3094A1360094B1B681846E3
:1019D000FAF792FC002318461037BD4680BD00BFC1
:1019E000003C02400038024020A00108F400002022
:1019F000F80000202DE9B04F90B000AF00237B63CA
:101A00000023FB6300233B630023BB63594B9B68AC
:101A100003F00C03082B0DD0082B00F2A180002B43
:101A200002D0042B03D09BE0534BBB639BE0534B92
:101A3000BB6398E04F4B5B6803F03F037B634D4B08
:101A40005B6803F48003002B28D04A4B5B689B093A
:101A500000223B627A623B6AC3F308000021474BD5
:101A600003FB01F2002300FB03F31344434AA0FBF2
:101A70000212FA620A46BA62FA6A1344FB627B6B8C
:101A80000022BB61FA61D7E90623D7E90A01EFF723
:101A900003F902460B461346FB6353E0354B5B6884
:101AA0009B0900223B617A613B69C3F3080A4FF04E
:101AB000000B52465B464FF000004FF00001590109
:101AC00041EAD261500102460B46B2EB0A0863EBD1
:101AD0000B094FF000024FF000034FEA891343EA6D
:101AE00098634FEA8812B2EB080463EB09054FF0E4
:101AF00000024FF00003EB0043EA5473E200144687
:101B00001D4614EB0A033B6045EB0B037B604FF073
:101B100000024FF00003D7E9004529468B02214619
:101B200043EA915321468A02104619467B6B0022F4
:101B3000BB60FA60D7E90223EFF7AEF802460B4626
:101B40001346FB630B4B5B681B0C03F00303013371
:101B50005B003B63FA6B3B6BB2FBF3F3BB6302E0EE
:101B6000054BBB6300BFBB6B18464037BD46BDE8A5
:101B7000B08F00BF003802400024F40040787D019F
:101B800080B400AF034B1B681846BD465DF8047B6C
:101B9000704700BFF400002080B500AFFFF7F0FFF2
:101BA0000246054B9B689B0A03F007030349CB5C85
:101BB00022FA03F3184680BD0038024030A0010825
:101BC00080B500AFFFF7DCFF0246054B9B685B0B5F
:101BD00003F007030349CB5C22FA03F3184680BDE8
:101BE0000038024030A0010880B582B000AF7860B4
:101BF0007B68002B01D1012341E07B6893F83D30E5
:101C0000DBB2002B06D17B68002283F83C20786889
:101C1000F9F7F4FA7B68022283F83D207B681A68A2
:101C20007B6804331946104600F032FC7B680122C1
:101C300083F846207B68012283F83E207B680122DE
:101C400083F83F207B68012283F840207B680122D3
:101C500083F841207B68012283F842207B680122BF
:101C600083F843207B68012283F844207B680122AB
:101C700083F845207B68012283F83D200023184625
:101C80000837BD4680BD000080B485B000AF7860E5
:101C90007B6893F83D30DBB2012B01D0012344E097
:101CA0007B68022283F83D207B681B68DA687B68CA
:101CB0001B6842F00102DA607B681B681E4A93428F
:101CC00018D07B681B68B3F1804F13D07B681B680A
:101CD0001A4A93420ED07B681B68194A934209D076
:101CE0007B681B68174A934204D07B681B68164ABE
:101CF000934211D17B681B689B6803F00703FB606C
:101D0000FB68062B10D07B681B681A687B681B6811
:101D100042F001021A6007E07B681B681A687B6862
:101D20001B6842F001021A60002318461437BD46B2
:101D30005DF8047B704700BF0000014000040040D4
:101D400000080040000C00400040014080B582B017
:101D500000AF78607B68002B01D1012341E07B68F4
:101D600093F83D30DBB2002B06D17B68002283F86C
:101D70003C207868F9F786FA7B68022283F83D20D8
:101D80007B681A687B6804331946104600F080FBB4
:101D90007B68012283F846207B68012283F83E207D
:101DA0007B68012283F83F207B68012283F8402072
:101DB0007B68012283F841207B68012283F842205E
:101DC0007B68012283F843207B68012283F844204A
:101DD0007B68012283F845207B68012283F83D203F
:101DE000002318460837BD4680BD000080B584B08A
:101DF00000AF786039603B68002B09D17B6893F8AD
:101E00003E30DBB2012B14BF01230023DBB222E002
:101E10003B68042B09D17B6893F83F30DBB2012B80
:101E200014BF01230023DBB215E03B68082B09D166
:101E30007B6893F84030DBB2012B14BF01230023F1
:101E4000DBB208E07B6893F84130DBB2012B14BFB2
:101E500001230023DBB2002B01D0012368E03B68A3
:101E6000002B04D17B68022283F83E2013E03B68FC
:101E7000042B04D17B68022283F83F200BE03B68EF
:101E8000082B04D17B68022283F8402003E07B68A2
:101E9000022283F841207B681B68012239681846BA
:101EA00000F0A2FD7B681B68234A934207D17B6840
:101EB0001B685A6C7B681B6842F400425A647B685A
:101EC0001B681D4A934218D07B681B68B3F1804F92
:101ED00013D07B681B68194A93420ED07B681B683D
:101EE000174A934209D07B681B68164A934204D074
:101EF0007B681B68144A934211D17B681B689B68FE
:101F000003F00703FB60FB68062B10D07B681B689F
:101F10001A687B681B6842F001021A6007E07B6860
:101F20001B681A687B681B6842F001021A60002374
:101F300018461037BD4680BD000001400004004037
:101F400000080040000C00400040014080B584B013
:101F500000AF78607B681B68DB68FB607B681B6890
:101F60001B69BB60BB6803F00203002B20D0FB6839
:101F700003F00203002B1BD07B681B686FF002028A
:101F80001A617B6801221A777B681B689B6903F0E2
:101F90000303002B03D0786800F05BFA05E0786853
:101FA00000F04DFA786800F05EFA7B6800221A773C
:101FB000BB6803F00403002B20D0FB6803F004038C
:101FC000002B1BD07B681B686FF004021A617B68D2
:101FD00002221A777B681B689B6903F44073002B0D
:101FE00003D0786800F035FA05E0786800F027FA49
:101FF000786800F038FA7B6800221A77BB6803F033
:102000000803002B20D0FB6803F00803002B1BD033
:102010007B681B686FF008021A617B6804221A77DC
:102020007B681B68DB6903F00303002B03D078682F
:1020300000F00FFA05E0786800F001FA786800F027
:1020400012FA7B6800221A77BB6803F01003002B9A
:1020500020D0FB6803F01003002B1BD07B681B68AB
:102060006FF010021A617B6808221A777B681B6880
:10207000DB6903F44073002B03D0786800F0E9F9C2
:1020800005E0786800F0DBF9786800F0ECF97B682F
:1020900000221A77BB6803F00103002B0CD0FB6809
:1020A00003F00103002B07D07B681B686FF001026F
:1020B0001A617868F6F7CAFBBB6803F08003002B4F
:1020C0000CD0FB6803F08003002B07D07B681B68F3
:1020D0006FF080021A61786800F024FDBB6803F09D
:1020E0004003002B0CD0FB6803F04003002B07D00B
:1020F0007B681B686FF040021A61786800F0BDF9D8
:10210000BB6803F02003002B0CD0FB6803F0200316
:10211000002B07D07B681B686FF020021A6178687B
:1021200000F0F6FC00BF1037BD4680BD80B586B01C
:1021300000AFF860B9607A600023FB75FB6893F824
:102140003C30012B01D10223AEE0FB68012283F871
:102150003C207B680C2B00F29F8001A252F823F0F8
:102160009521010899220108992201089922010864
:10217000D521010899220108992201089922010814
:1021800017220108992201089922010899220108C1
:1021900057220108FB681B68B968184600F0FEF971
:1021A000FB681B689A69FB681B6842F008029A6129
:1021B000FB681B689A69FB681B6822F004029A613D
:1021C000FB681B689969BB681A69FB681B680A434E
:1021D0009A6164E0FB681B68B968184600F044FA2D
:1021E000FB681B689A69FB681B6842F400629A618D
:1021F000FB681B689A69FB681B6822F480629A611D
:10220000FB681B689969BB681B691A02FB681B683D
:102210000A439A6143E0FB681B68B968184600F0FE
:102220008FFAFB681B68DA69FB681B6842F00802DA
:10223000DA61FB681B68DA69FB681B6822F004023C
:10224000DA61FB681B68D969BB681A69FB681B689F
:102250000A43DA6123E0FB681B68B968184600F09E
:10226000D9FAFB681B68DA69FB681B6842F40062F4
:10227000DA61FB681B68DA69FB681B6822F480621C
:10228000DA61FB681B68D969BB681B691A02FB68C5
:102290001B680A43DA6102E00123FB7500BFFB689B
:1022A000002283F83C20FB7D18461837BD4680BDD0
:1022B00080B584B000AF786039600023FB737B6821
:1022C00093F83C30012B01D10223B4E07B6801225A
:1022D00083F83C207B68022283F83D207B681B68E2
:1022E0009B68BB60BB6823F07703BB60BB6823F4CB
:1022F0007F43BB607B681B68BA689A603B681B6859
:10230000B3F5005F3ED0B3F5005F00F28780B3F510
:10231000805F00F08680B3F5805F7FD8702B1AD085
:10232000702B7BD8602B50D0602B77D8502B3CD0B3
:10233000502B73D8402B58D0402B6FD8302B64D003
:10234000302B6BD8202B60D0202B67D8002B5CD093
:10235000102B5AD062E07B6818683B6899683B682C
:102360005A683B68DB6800F01FFB7B681B689B6852
:10237000BB60BB6843F07703BB607B681B68BA68CF
:102380009A604FE07B6818683B6899683B685A68B8
:102390003B68DB6800F008FB7B681B689A687B6819
:1023A0001B6842F480429A603CE07B6818683B6896
:1023B00059683B68DB681A4600F07CFA7B681B684A
:1023C0005021184600F0D5FA2CE07B6818683B686D
:1023D00059683B68DB681A4600F09BFA7B681B680B
:1023E0006021184600F0C5FA1CE07B6818683B685D
:1023F00059683B68DB681A4600F05CFA7B681B682A
:102400004021184600F0B5FA0CE07B681A683B687A
:102410001B681946104600F0ACFA03E00123FB7379
:1024200000E000BF7B68012283F83D207B6800222A
:1024300083F83C20FB7B18461037BD4680BD80B436
:1024400083B000AF786000BF0C37BD465DF8047BF9
:10245000704780B483B000AF786000BF0C37BD46D2
:102460005DF8047B704780B483B000AF786000BF34
:102470000C37BD465DF8047B704780B483B000AF75
:10248000786000BF0C37BD465DF8047B70470000E4
:1024900080B485B000AF786039607B681B68FB60F2
:1024A0007B68374A93420FD07B68B3F1804F0BD0E3
:1024B0007B68344A934207D07B68334A934203D007
:1024C0007B68324A934208D1FB6823F07003FB60BB
:1024D0003B685B68FA681343FB607B68284A934259
:1024E0001BD07B68B3F1804F17D07B68254A93429D
:1024F00013D07B68244A93420FD07B68234A9342CF
:102500000BD07B68224A934207D07B68214A9342D2
:1025100003D07B68204A934208D1FB6823F44073C0
:10252000FB603B68DB68FA681343FB60FB6823F0E1
:1025300080023B685B691343FB603B689A687B6879
:10254000DA623B681A687B689A627B680C4A93423D
:1025500003D13B681A697B681A637B681B6843F088
:1025600004027B681A607B6801225A617B68FA6802
:102570001A6000BF1437BD465DF8047B704700BF8A
:10258000000001400004004000080040000C004032
:1025900000400140004401400048014080B487B041
:1025A00000AF786039607B681B6A7B617B681B6A5F
:1025B00023F001027B681A627B685B683B617B6881
:1025C0009B69FB60FB6823F07003FB60FB6823F0F2
:1025D0000303FB603B681B68FA681343FB607B697D
:1025E00023F002037B613B689B687A6913437B613C
:1025F0007B681C4A93420CD17B6923F008037B6102
:102600003B68DB687A6913437B617B6923F00403D1
:102610007B617B68134A934211D13B6923F4807339
:102620003B613B6923F400733B613B685B693A693A
:1026300013433B613B689B693A6913433B617B6889
:102640003A695A607B68FA689A613B685A687B68A5
:102650005A637B687A691A6200BF1C37BD465DF811
:10266000047B70470000014080B487B000AF786001
:1026700039607B681B6A7B617B681B6A23F01002F0
:102680007B681A627B685B683B617B689B69FB6067
:10269000FB6823F4E043FB60FB6823F44073FB60BA
:1026A0003B681B681B02FA681343FB607B6923F0DD
:1026B00020037B613B689B681B017A6913437B6144
:1026C0007B681E4A93420DD17B6923F080037B61B6
:1026D0003B68DB681B017A6913437B617B6923F0EC
:1026E00040037B617B68154A934213D13B6923F415
:1026F00080633B613B6923F400633B613B685B693A
:102700009B003A6913433B613B689B699B003A69B4
:1027100013433B617B683A695A607B68FA689A6147
:102720003B685A687B689A637B687A691A6200BF63
:102730001C37BD465DF8047B704700BF00000140B8
:1027400080B487B000AF786039607B681B6A7B61BA
:102750007B681B6A23F480727B681A627B685B6803
:102760003B617B68DB69FB60FB6823F07003FB6007
:10277000FB6823F00303FB603B681B68FA681343A4
:10278000FB607B6923F400737B613B689B681B02E1
:102790007A6913437B617B681D4A93420DD17B6943
:1027A00023F400637B613B68DB681B027A69134397
:1027B0007B617B6923F480637B617B68144A93426D
:1027C00013D13B6923F480533B613B6923F40053ED
:1027D0003B613B685B691B013A6913433B613B68A2
:1027E0009B691B013A6913433B617B683A695A60F4
:1027F0007B68FA68DA613B685A687B68DA637B68F1
:102800007A691A6200BF1C37BD465DF8047B7047C9
:102810000000014080B487B000AF786039607B6809
:102820001B6A3B617B681B6A23F480527B681A62D7
:102830007B685B687B617B68DB69FB60FB6823F41A
:10284000E043FB60FB6823F44073FB603B681B685C
:102850001B02FA681343FB603B6923F400533B619E
:102860003B689B681B033A6913433B617B68104AD2
:10287000934209D17B6923F480437B613B685B69A8
:102880009B017A6913437B617B687A695A607B6834
:10289000FA68DA613B685A687B681A647B683A694F
:1028A0001A6200BF1C37BD465DF8047B704700BF4D
:1028B0000000014080B487B000AFF860B9607A6072
:1028C000FB681B6A7B61FB681B6A23F00102FB68E3
:1028D0001A62FB689B693B613B6923F0F0033B6133
:1028E0007B681B013A6913433B617B6923F00A0350
:1028F0007B617A69BB6813437B61FB683A699A61C3
:10290000FB687A691A6200BF1C37BD465DF8047B1C
:10291000704780B487B000AFF860B9607A60FB6838
:102920001B6A7B61FB681B6A23F01002FB681A625A
:10293000FB689B693B613B6923F470433B617B68A7
:102940001B033A6913433B617B6923F0A0037B615E
:10295000BB681B017A6913437B61FB683A699A6122
:10296000FB687A691A6200BF1C37BD465DF8047BBC
:10297000704780B485B000AF786039607B689B6831
:10298000FB60FB6823F07003FB603A68FB6813434D
:1029900043F00703FB607B68FA689A6000BF143756
:1029A000BD465DF8047B704780B487B000AFF86027
:1029B000B9607A603B60FB689B687B617B6923F44C
:1029C0007F437B613B681A027B681A43BB681343F1
:1029D0007A6913437B61FB687A699A6000BF1C3790
:1029E000BD465DF8047B704780B487B000AFF860E7
:1029F000B9607A60BB6803F01F03012202FA03F397
:102A00007B61FB681A6A7B69DB431A40FB681A62C8
:102A1000FB681A6ABB6803F01F03796801FA03F3C5
:102A20001A43FB681A6200BF1C37BD465DF8047B81
:102A30007047000080B485B000AF786039607B6873
:102A400093F83C30012B01D1022350E07B68012236
:102A500083F83C207B68022283F83D207B681B685A
:102A60005B68FB607B681B689B68BB60FB6823F04E
:102A70007003FB603B681B68FA681343FB607B686C
:102A80001B68FA685A607B681B681C4A934218D01E
:102A90007B681B68B3F1804F13D07B681B68184AB2
:102AA00093420ED07B681B68164A934209D07B681C
:102AB0001B68154A934204D07B681B68134A9342F3
:102AC0000CD1BB6823F08003BB603B685B68BA68CD
:102AD0001343BB607B681B68BA689A607B680122FD
:102AE00083F83D207B68002283F83C2000231846B1
:102AF0001437BD465DF8047B704700BF00000140FD
:102B00000004004000080040000C0040004001406C
:102B100080B483B000AF786000BF0C37BD465DF86D
:102B2000047B704780B483B000AF786000BF0C377F
:102B3000BD465DF8047B704780B582B000AF786019
:102B40007B68002B01D1012342E07B6893F8413080
:102B5000DBB2002B06D17B68002283F84020786826
:102B6000F8F710FC7B68242283F841207B681B68FF
:102B7000DA687B681B6822F40052DA60786800F03B
:102B8000E5FC7B681B681A697B681B6822F490422D
:102B90001A617B681B685A697B681B6822F02A02ED
:102BA0005A617B681B68DA687B681B6842F40052D4
:102BB000DA607B6800225A647B68202283F8412017
:102BC0007B68202283F842207B6800225A6300231E
:102BD00018460837BD4680BD80B584B000AFF860A8
:102BE000B9601346FB80FB6893F84230DBB2202BC0
:102BF00012D1BB68002B02D0FB88002B01D101232E
:102C00000BE0FB6800221A63FB881A46B968F86873
:102C100000F0C8FA034600E0022318461037BD460C
:102C200080BD000080B5BAB000AF78607B681B68DB
:102C30001B68C7F8E4307B681B68DB68C7F8E030C6
:102C40007B681B685B69C7F8DC300023C7F8D830A5
:102C50000023C7F8D430D7F8E43003F00F03C7F8E7
:102C6000D830D7F8D830002B0FD1D7F8E43003F0A4
:102C70002003002B09D0D7F8E03003F02003002B0D
:102C800003D0786800F0A4FB73E2D7F8D830002BAB
:102C900000F0DE80D7F8DC3003F00103002B06D112
:102CA000D7F8E03003F49073002B00F0D180D7F810
:102CB000E43003F00103002B0BD0D7F8E03003F42D
:102CC0008073002B05D07B685B6C43F001027B684E
:102CD0005A64D7F8E43003F00403002B0BD0D7F884
:102CE000DC3003F00103002B05D07B685B6C43F004
:102CF00002027B685A64D7F8E43003F00203002B29
:102D00000BD0D7F8DC3003F00103002B05D07B6833
:102D10005B6C43F004027B685A64D7F8E43003F03C
:102D20000803002B11D0D7F8E03003F02003002B6C
:102D300005D1D7F8DC3003F00103002B05D07B6808
:102D40005B6C43F008027B685A647B685B6C002B09
:102D500000F00A82D7F8E43003F02003002B08D0FB
:102D6000D7F8E03003F02003002B02D0786800F0A1
:102D70002FFB7B681B685B6903F04003402B0CBF93
:102D800001230023DBB2C7F8D4307B685B6C03F00F
:102D90000803002B03D1D7F8D430002B4FD078682C
:102DA00000F03AFA7B681B685B6903F04003402B34
:102DB00041D17B681B681433C7F89C30D7F89C302E
:102DC00053E8003FC7F89830D7F8983023F0400315
:102DD000C7F8D0307B681B681433D7F8D020C7F809
:102DE000A820C7F8A430D7F8A410D7F8A82041E845
:102DF0000023C7F8A030D7F8A030002BD9D17B68CA
:102E0000DB6B002B13D07B68DB6B8A4A1A657B680F
:102E1000DB6B1846FAF772FA0346002B16D07B6874
:102E2000DB6B1B6D7A68D26B104698470EE07868B2
:102E3000F5F762FE0AE07868F5F75EFE06E078686E
:102E4000F5F75AFE7B6800225A648DE100BF8BE1E2
:102E50007B681B6B012B40F06781D7F8E43003F0EF
:102E60001003002B00F06081D7F8E03003F010036E
:102E7000002B00F059810023BB607B681B681B6836
:102E8000BB607B681B685B68BB60BB687B681B685A
:102E90005B6903F04003402B40F0CE807B68DB6B26
:102EA0001B685B68A7F8BE30B7F8BE30002B00F097
:102EB000A9807B689B8DB7F8BE209A4280F0A280E3
:102EC0007B68B7F8BE20DA857B68DB6BDB69B3F51E
:102ED000807F00F088807B681B680C33C7F88830DF
:102EE000D7F8883053E8003FC7F88430D7F88430EB
:102EF00023F48073C7F8B8307B681B680C33D7F8AD
:102F0000B820C7F89420C7F89030D7F89010D7F8B9
:102F1000942041E80023C7F88C30D7F88C30002B80
:102F2000D9D17B681B6814337B677B6F53E8003F04
:102F30003B673B6F23F00103C7F8B4307B681B6825
:102F40001433D7F8B420C7F88020FB67F96FD7F89F
:102F5000802041E80023BB67BB6F002BE1D17B6879
:102F60001B6814333B663B6E53E8003FFB65FB6D0B
:102F700023F04003C7F8B0307B681B681433D7F8E0
:102F8000B020FA66BB66B96EFA6E41E800237B6634
:102F90007B6E002BE3D17B68202283F842207B6884
:102FA00000221A637B681B680C33FB64FB6C53E8DC
:102FB000003FBB64BB6C23F01003C7F8AC307B68E8
:102FC0001B680C33D7F8AC20BA657B65796DBA6D98
:102FD00041E800233B653B6D002BE3D17B68DB6B55
:102FE0001846FAF71BF97B6802225A637B689A8DB0
:102FF0007B68DB8D9BB2D31A9BB21946786800F0D0
:10300000C5F8B3E07B689B8DB7F8BE209A4240F0CC
:10301000AD807B68DB6BDB69B3F5807F40F0A68019
:103020007B6802225A637B689B8D1946786800F0A2
:10303000ADF89BE0DF3201087B689A8D7B68DB8D01
:103040009BB2D31AA7F8CE307B68DB8D9BB2002BE6
:1030500000F08E80B7F8CE30002B00F089807B68BE
:103060001B680C33BB63BB6B53E8003F7B637B6B1C
:1030700023F49073C7F8C8307B681B680C33D7F80B
:10308000C8207A643B64396C7A6C41E80023FB63A6
:10309000FB6B002BE3D17B681B6814337B627B6A7C
:1030A00053E8003F3B623B6A23F00103C7F8C4309A
:1030B0007B681B681433D7F8C4203A63FB62F96A53
:1030C0003A6B41E80023BB62BB6A002BE3D17B680B
:1030D000202283F842207B6800221A637B681B68E9
:1030E0000C333B613B6953E8003FFB60FB6823F016
:1030F0001003C7F8C0307B681B680C33D7F8C020BA
:10310000FA61BB61B969FA6941E800237B617B69B7
:10311000002BE3D17B6802225A63B7F8CE30194600
:10312000786800F033F823E0D7F8E43003F0800348
:10313000002B09D0D7F8E03003F08003002B03D038
:10314000786800F0DDF814E0D7F8E43003F04003CD
:10315000002B0ED0D7F8E03003F04003002B08D04E
:10316000786800F01DF904E000BF02E000BF00E055
:1031700000BFE837BD4680BD80B483B000AF786043
:1031800000BF0C37BD465DF8047B704780B483B048
:1031900000AF78600B467B8000BF0C37BD465DF802
:1031A000047B704780B485B000AFF860B960134607
:1031B000FB80FB68BA689A62FB68FA889A85FB68AC
:1031C000FA88DA85FB6800225A64FB68222283F8B9
:1031D0004220FB681B69002B07D0FB681B68DA687C
:1031E000FB681B6842F48072DA60FB681B685A69EE
:1031F000FB681B6842F001025A61FB681B68DA68D1
:10320000FB681B6842F02002DA600023184614377E
:10321000BD465DF8047B704780B495B000AF786020
:103220007B681B680C337B637B6B53E8003F3B631D
:103230003B6B23F49073FB647B681B680C33FA6C64
:103240003A64FB63F96B3A6C41E80023BB63BB6BE8
:10325000002BE5D17B681B6814333B623B6A53E863
:10326000003FFB61FB6923F00103BB647B681B68C3
:103270001433BA6CFA62BB62B96AFA6A41E8002395
:103280007B627B6A002BE5D17B681B6B012B19D11C
:103290007B681B680C33FB60FB6853E8003FBB6036
:1032A000BB6823F010037B647B681B680C337A6C6B
:1032B000BA617B617969BA6941E800233B613B6986
:1032C000002BE5D17B68202283F842207B68002216
:1032D0001A6300BF5437BD465DF8047B704780B564
:1032E00084B000AF78607B689B6BFB60FB6800225A
:1032F000DA85F868F5F700FC00BF1037BD4680BDE1
:1033000080B485B000AF78607B6893F84130DBB261
:10331000212B3ED17B689B68B3F5805F14D17B681D
:103320001B69002B10D17B681B6AFB60FB681B8844
:103330001A467B681B68C2F308025A607B681B6AE6
:103340009A1C7B681A6208E07B681B6A591C7A68C1
:1033500011621A787B681B685A607B68DB8C9BB2B1
:10336000013B9BB27A681946D184002B0FD17B6850
:103370001B68DA687B681B6822F08002DA607B6871
:103380001B68DA687B681B6842F04002DA60002341
:1033900000E0022318461437BD465DF8047B7047F1
:1033A00080B582B000AF78607B681B68DA687B68A4
:1033B0001B6822F04002DA607B68202283F84120FB
:1033C0007868FFF7D9FE002318460837BD4680BD50
:1033D00080B58CB000AF78600023FB620023BB6235
:1033E0007B6893F84230DBB2222B40F0AA807B68E6
:1033F0009B68B3F5805F15D17B681B69002B11D1E9
:103400007B689B6ABB627B681B685B689BB2C3F38B
:1034100008039AB2BB6A1A807B689B6A9A1C7B6815
:103420009A6224E07B689B6AFB627B689B68B3F5C9
:10343000805F07D07B689B68002B0AD17B681B6983
:10344000002B06D17B681B685B68DAB2FB6A1A70D6
:1034500008E07B681B685B68DBB203F07F03DAB2CD
:10346000FB6A1A707B689B6A5A1C7B689A627B684D
:10347000DB8D9BB2013B9BB27A681946D185002B4C
:103480005DD17B681B68DA687B681B6822F02002CC
:10349000DA607B681B68DA687B681B6822F48072DC
:1034A000DA607B681B685A697B681B6822F001023E
:1034B0005A617B68202283F842207B6800225A638D
:1034C0007B681B6B012B35D17B6800221A637B68FC
:1034D0001B680C337B617B6953E8003F3B613B69B0
:1034E00023F010037B627B681B680C337A6A3A62B4
:1034F000FB61F9693A6A41E80023BB61BB69002BB3
:10350000E5D17B681B681B6803F01003102B0AD100
:103510000023FB607B681B681B68FB607B681B6883
:103520005B68FB60FB687B689B8D19467868FFF7DA
:103530002DFE02E07868F5F775FA002302E000231B
:1035400000E0022318463037BD4680BD2DE9B04F5C
:10355000C0B000AFC7F8F400D7F8F4301B681B699F
:1035600023F44050D7F8F430D968D7F8F4301A680B
:1035700040EA01031361D7F8F4309A68D7F8F430C1
:103580001B691A43D7F8F4305B691A43D7F8F43053
:10359000DB691343C7F8F830D7F8F4301B68DB68F1
:1035A00023F4164121F00C01D7F8F4301A68D7F84B
:1035B000F8300B43D360D7F8F4301B685B6923F411
:1035C0004070D7F8F4309969D7F8F4301A6840EAB7
:1035D00001035361D7F8F4301A688F4B9A4205D033
:1035E000D7F8F4301A688D4B9A4204D1FEF7E8FA06
:1035F000C7F8FC0003E0FEF7CFFAC7F8FC00D7F8E5
:10360000F430DB69B3F5004F40F00C81D7F8FC30A3
:103610000022C7F8E830C7F8EC20D7E93A4522463F
:103620002B469118B9655B41FB65D7E91623214606
:1036300012EB0108294643EB01094FF000024FF05D
:1036400000034FEAC90343EA58734FEAC8029046A1
:103650009946234618EB0303C7F8E0302B4649EBA5
:103660000303C7F8E430D7F8F4305B680022C7F8EA
:10367000D830C7F8DC20D7E936120B46DB183B659B
:10368000134642EB03037B65D7E91423D7E93801DE
:10369000EDF702FB02460B46614BA3FB02235B09DD
:1036A0001C01D7F8FC300022C7F8D030C7F8D4206E
:1036B000D7E9348942464B469118B9645B41FB64B3
:1036C000D7E91223414612EB010A494643EB010BAD
:1036D0004FF000024FF000034FEACB0343EA5A7366
:1036E0004FEACA0292469B4643461AEB0303C7F8C9
:1036F000C8304B464BEB0303C7F8CC30D7F8F43057
:103700005B680022C7F8C030C7F8C420D7E9301280
:103710000B46DB183B64134642EB03037B64D7E99B
:103720001023D7E93201EDF7B7FA02460B461146EE
:103730003B4BA3FB01235B09642202FB03F3CB1A7F
:10374000DB0003F13202364BA3FB02235B095B0073
:1037500003F4F8731C44D7F8FC300022C7F8B830E3
:10376000C7F8BC20D7E92E8942464B469118B96369
:103770005B41FB63D7E90E23414651183963494643
:103780004B417B634FF000024FF00003D7E90CABD5
:103790005946CB00514643EA51735146CA00104680
:1037A0001946034642469B18C7F8B0304B460A46B6
:1037B00042EB0303C7F8B430D7F8F4305B6800225B
:1037C000C7F8A830C7F8AC20D7E92A120B46DB1897
:1037D000BB62134642EB0303FB62D7E90A23D7E936
:1037E0002C01EDF759FA02460B460D4BA3FB0213D1
:1037F0005B09642101FB03F3D31ADB003233084A6F
:10380000A2FB03235B0903F00702D7F8F4301B681F
:1038100022449A6006E100BF0010014000140140FC
:103820001F85EB51D7F8FC300022C7F8A030C7F84D
:10383000A420D7E9288942464B46911839625B415A
:103840007B62D7E9082341465418494643EB0105FA
:103850004FF000024FF00003EB0043EA5473E20024
:1038600014461D464346E318C7F898304B4645EBCF
:103870000303C7F89C30D7F8F4305B680022C7F820
:103880009030C7F894204FF000024FF00003D7E9C2
:10389000244529468B00214643EA917321468A003C
:1038A000D7E92601EDF7F8F902460B46604BA3FB7A
:1038B00002235B091C01D7F8FC300022C7F88830CE
:1038C000C7F88C20D7E9228942464B469118B96146
:1038D0005B41FB61D7E906234146511839614946EE
:1038E0004B417B614FF000024FF00003D7E904AB7E
:1038F0005946CB00514643EA51735146CA0010461F
:103900001946034642469B18C7F880304B460A4684
:1039100042EB0303C7F88430D7F8F4305B68002229
:10392000BB67FA674FF000024FF00003D7E91E892A
:1039300049468B00414643EA917341468A00D7E9E4
:103940002001EDF7A9F902460B461146384BA3FBBF
:1039500001235B09642202FB03F3CB1A1B01323300
:10396000334AA2FB03235B0903F0F0031C44D7F89E
:10397000FC3000223B677A67D7E91C8942464B46F8
:103980009118B9605B41FB60D7E9022341465118A9
:10399000396049464B417B604FF000024FF0000315
:1039A000D7E900AB5946CB00514643EA5173514623
:1039B000CA0010461946034642469B18BB664B4652
:1039C0000A4642EB0303FB66D7F8F4305B6800223B
:1039D0003B667A664FF000024FF00003D7E9188982
:1039E00049468B00414643EA917341468A00D7E934
:1039F0001A01EDF751F902460B460D4BA3FB0213DA
:103A00005B09642101FB03F3D31A1B013233084A1B
:103A1000A2FB03235B0903F00F02D7F8F4301B6805
:103A200022449A6000BF07F58077BD46BDE8B08F9D
:103A30001F85EB51931E222B10B50C4604D9002391
:103A40000B701C46204610BD0A2A09D1002807DA4F
:103A50002D230B7040420121214400F005F8F1E7CD
:103A60000021F9E7FFF7E6BFF0B51F4C8BB0054624
:103A70000B466E4604F1200C20686168374603C788
:103A8000083464453E46F7D121793971911E20688A
:103A9000386022294FF0000104D919700B461846EE
:103AA0000BB0F0BD581E8446B5FBF2F702FB17566B
:103AB00028366E440C4616F8286C0CF8016F2E461A
:103AC000B24201F101013D46EED900225A541919C2
:103AD000A51AAA42E3DA10F8015F0E7806700132E7
:103AE00001F80159F4E700BF40A001082DE9FF47A4
:103AF00057EC106B002F0C4619463B46BBBF07F135
:103B000000431F4600232D230B700D9BDDF830A0D2
:103B1000914623F02008BCBF32461646B8F1460F46
:103B200005D0B8F1450F00D10134022100E0032196
:103B300003AB019302AB009347EC106B5346224654
:103B400001F0F2F8B8F1470F054619D119F0010F4D
:103B50000ED000EB04090022002330463946ECF772
:103B6000BBFF08B1CDF80C903022039B4B451ED310
:103B7000039B0E9A5B1B2846136004B0BDE8F087D8
:103B8000B8F1460F00EB0409E5D10378302B0AD1D8
:103B90000022002330463946ECF79EFF18B9C4F1E5
:103BA0000104CAF80040DAF800309944D3E7591C00
:103BB00003911A70D9E7F7B50029BABF49422D23FE
:103BC0002B2309290270437029DD0DF107031D46DF
:103BD0000A271A46B1FBF7F607FB1614303402F831
:103BE000014C0C46632C03F1FF333146F1DC3031DC
:103BF000941E03F8011C411C2346AB420AD30DF16D
:103C000009039B1AAC4288BF002302330344181AED
:103C100003B0F0BD13F8016B01F8016FEDE730233D
:103C200030318370C170031DF1E700002DE9F04FC2
:103C30008DB00C46DDF8588016461F46054600F04C
:103C40005DFF036804931846ECF71AFB00230A9300
:103C5000D8F800300590073323F0070303F108027A
:103C600094F818A0D4F800B0C8F80020D3E900896F
:103C700029F000430793CDF81880C4E91289DDE9E3
:103C800006019C4B4FF0FF32ECF758FF70BBDDE9AB
:103C90000601984B4FF0FF32ECF732FF30BB0022A9
:103CA000002340464946ECF721FF10B12D2384F84C
:103CB0004330914A914BBAF1470F8CBF90469846DA
:103CC000032323612BF0040323604FF000090097C6
:103CD00033460BAA2146284600F0D2F9013040F0C5
:103CE0008D804FF0FF300DB0BDE8F08F42464B465F
:103CF00040464946ECF722FF40B14B46002BBCBF83
:103D00002D2384F843307E4A7E4BD4E763680AF063
:103D1000DF0206925A1C3BD1062363604BF480629B
:103D20000023226003930AABCDE901A309AB009302
:103D3000616849EC108B0DF123032846FFF7D6FE8E
:103D4000069B0999472B804629D1C81C02DB636872
:103D5000994241DDAAF1020A5FFA8AFA0139524614
:103D600004F150000991FFF726FF0A9A1318012A5F
:103D70008146236102DC2268D20701D50133236129
:103D80009DF82330002BA2D02D2384F843309EE7EA
:103D9000069A472AC2D1002BC0D10123BDE7BAF150
:103DA000650FDBD9BAF1660F18D1002963680BDD06
:103DB000216113B92268D00702D501330B44236176
:103DC000A1654FF00009DBE713B92268D20701D5DE
:103DD0000233F4E70123F2E74FF0670A0A9B9942A6
:103DE00005DB23682161D807EAD54B1CE7E70029EA
:103DF000D4BFC1F1020201221344E0E723685A054F
:103E000007D42369424631462846B84701302BD1B2
:103E100067E7BAF1650F40F2DD80D4E912010022B4
:103E20000023ECF759FE002833D0374A01233146EE
:103E30002846B84701303FF454AFDDE9093843451F
:103E400002DB2368D8070FD5DDE904233146284675
:103E5000B84701303FF445AF4FF0000908F1FF3893
:103E600004F11A0AC84509DC23689B0700F10381A5
:103E7000E0680B9B9842B8BF184634E701235246CE
:103E800031462846B84701303FF42BAF09F101090C
:103E9000E8E7099B002B39DC1B4A01233146284601
:103EA000B84701303FF41DAFDDE9093959EA030392
:103EB00002D12368D907D7D5DDE904233146284646
:103EC000B84701303FF40DAF4FF0000A04F11A0B70
:103ED000099B5B42534501DC4B4693E701235A465D
:103EE00031462846B84701303FF4FBAE0AF1010ADB
:103EF000EEE700BFFFFFEF7F69A0010865A00108A2
:103F000071A001086DA0010875A00108A36DDDF87E
:103F100028A05345A8BF5346002B994636DC4FF0E6
:103F2000000B29EAE97904F11A02A36D0693A3EBC9
:103F300009035B4531DC099B9A453ADC2368DA07C3
:103F400037D4099BAAEB0309069BAAEB0303994507
:103F5000A8BF9946B9F1000F33DC4FF0000829EAF9
:103F6000E97904F11A0B099BAAEB0303A3EB0903FC
:103F700043457FF779AF01235A4631462846B84773
:103F800001303FF4AEAE08F10108ECE7424631469D
:103F90002846B8470130C2D1A3E60123314628465E
:103FA0000692B84701303FF49CAE069A0BF1010B24
:103FB000BBE7DDE9042331462846B8470130C0D1CC
:103FC0008FE6069A4B46424431462846B8470130B0
:103FD000C3D186E6DDF828A0BAF1010F01DCDB07CA
:103FE00036D50123424631462846B84701303FF4D2
:103FF00078AEDDE9042331462846B84701303FF466
:1040000070AED4E91201002200230AF1FF3AECF766
:1040100063FDC0B9534608F1010231462846B8474E
:1040200001300CD15DE601235A4631462846B84797
:1040300001303FF456AE08F10108D045F3DB4B46A2
:1040400004F15002DFE64FF0000804F11A0BF4E728
:1040500001234246E1E701234A4631462846B84754
:1040600001303FF43EAE08F10108E3680B995B1A9A
:104070004345F0DCFCE64FF0000804F11909F4E7D1
:104080002DE9F047164698468A680B69DDF82090BE
:104090009342B8BF1346336091F8432007460C465D
:1040A0000AB1013333602368990642BF3368023393
:1040B0003360256815F0060506D104F1190AE36896
:1040C00032689B1AAB4226DC94F843302268003BEE
:1040D00018BF012392062BD404F14302414638460F
:1040E000C84701301ED02368226903F00603042B61
:1040F00002BFE5683368ED1AA3680CBF25EAE575D1
:1041000000259342C4BF9B1AED1800261A34B5420D
:104110001AD1002008E00123524641463846C847DC
:10412000013003D14FF0FF30BDE8F0870135C6E71D
:10413000E1185A1C302081F84300224494F84510BD
:1041400082F843100233C7E701232246414638462E
:10415000C8470130E6D00136D9E700002DE9FF4716
:104160000F7E0C9E782F914680460C469A4601F1B0
:10417000430207D8622F0AD8002F00F0D180582FB1
:1041800000F0B88004F1420684F842703AE0A7F1EA
:104190006303152BF6D801A151F823F0F54101086E
:1041A000094201088541010885410108854101084E
:1041B000854101080942010885410108854101083E
:1041C0008541010885410108074301083342010880
:1041D000C1420108854101088541010829430108C0
:1041E00085410108334201088541010885410108E4
:1041F000C942010833681A1D1B68326004F1420687
:1042000084F8423001239CE033682068191D316036
:10421000060601D51D6803E04506FBD5B3F900503D
:10422000002D03DA2D236D4284F8433058480A23C9
:1042300011E021683368080653F8045B02D449068C
:1042400048BFADB26F2F5248336014BF0A23082312
:10425000002184F843106668A660002E05DB216803
:104260002E4321F0040121604BD01646B5FBF3F13B
:1042700003FB1157C75D06F8017D2F46BB420D4673
:10428000F4D9082B0BD12368DF0708D523696168AF
:104290009942DEBF302306F8013C06F1FF36921B3F
:1042A0002261CDF800A04B4603AA21464046FFF705
:1042B000E7FE01304AD14FF0FF3004B0BDE8F0878F
:1042C000236843F0200323603248782784F8457040
:1042D000236831681F0651F8045B02D45F0648BFAB
:1042E000ADB23160D90744BF43F0200323601DB154
:1042F0001023ADE72648E9E7236823F02003236075
:10430000F6E71646BDE7336825686169181D306019
:104310002E061B6801D5196002E06806FBD51980DE
:10432000002323611646BCE733681A1D32601E68FD
:10433000626800213046EBF753FF08B1801B6060D4
:1043400063682361002384F84330AAE72369324677
:1043500049464046D0470130ADD023689B0713D46F
:10436000E068039B9842B8BF1846A6E7012332468F
:1043700049464046D04701309DD00135E368039956
:104380005B1AAB42F2DCEBE7002504F11906F5E716
:1043900077A0010888A001082DE9F04F87B0914669
:1043A00003938B685A1EB2F5AE7F81BF6FF4AE7572
:1043B00003EB050B40F25D138B600B680A464FF070
:1043C000000543F4F06342F81C3BCDE904558046F8
:1043D0000C4698BF4FF0000B01921646AA462F4696
:1043E0000295A2685AB1D9F800301B784E2B63D8D9
:1043F000402B3BD8A3F12B01C8B20E2839D91FB1ED
:10440000236823F4807323600AF1FF3ABAF1010FA5
:1044100000F21481019B9E4200F20581012007B049
:10442000BDE8F08FA3F161020D2AE8D801A151F88F
:1044300022F000BF7D450108FF430108FF4301084A
:10444000FF430108D9450108B3450108FF430108AE
:10445000FF4301088B450108FF430108FF430108A2
:10446000FF430108FF43010847450108A3F141024A
:10447000DAE70E29C3D801A050F821F0374501082A
:10448000FF43010837450108C7450108FF430108FC
:10449000D94401081D4501081D4501081D450108B5
:1044A0001D4501081D4501081D4501081D45010860
:1044B0001D4501081D4501086E2B09D8602BB1D898
:1044C000542B7BD0592B9AD1072D98D108252FE05A
:1044D000742B73D0792BF6E72168C8051ED521F01F
:1044E000800121600137BBF1000F03D001320BF1D5
:1044F000FF3BA260A368013BA360236901332361F2
:10450000D9F80430013B002BC9F8043040F3828015
:10451000D9F800300133C9F8003062E71AEB050121
:104520007FF46DAF226822F4C07222600D468A4685
:1045300006F8013BDEE7226810067FF560AF22F047
:1045400080022260F4E7BAF1000F0CD177B922683B
:1045500002F4E061B1F5E06F08D122F4F06222606C
:104560004FF0010AE4E7BAF1020F50D0012D02D05A
:10457000042D7FF444AF0135EDB2D9E7BAF1010F54
:104580007FF43DAF4FF0020AD2E775B9002F7FF4F8
:1045900037AF226802F4E061B1F5E06F40F00381CB
:1045A00022F4F06222600125C2E7032DE3D0052D3D
:1045B000DFE7022D7FF423AF0325B9E7062D7FF453
:1045C0001EAF0725B4E7226891057FF518AF22F4E6
:1045D000207222600297ABE7226802F4A061B1F575
:1045E000806F05D050057FF50AAF002F00F0DB800B
:1045F000910558BF029922F4F06258BF791A42F42B
:10460000C07258BFCDE904162260002790E74FF032
:10461000030A8DE7D4F88031494640469847002880
:104620003FF4DFAEEBE6D4F87C3116F8011D4A46C4
:10463000404698472369013B2361EBE66B1E062B3E
:1046400024D8022D36D8019B9E427FF6E7AED4F8DF
:104650007C3116F8011D4A46404698472369013BC4
:104660002361F0E7D4F87C311BF8011D4A4640462F
:1046700098472369013B23610AF1FF3A5FFA8AFAFE
:10468000BAF1020FEED1033DEDB2761B2368DA05D5
:1046900030D55B0511D5019B9E427FF6BFAED4F8A5
:1046A0007C3116F8011D4A46404698472369013B74
:1046B0002361F0E7AA46B346DEE716F8011C23693A
:1046C000652903F1FF3306F1FF3523610CD045293D
:1046D0000AD0D4F87C314A4640469847236916F8F8
:1046E000021C013BB51E2361D4F87C314A4640468A
:1046F00098472E46226812F0100201D000208EE664
:104700003270236803F4C063B3F5806F25D1029B38
:104710009F420AD0DA1B04F26F139E4228BF04F5B1
:10472000B7762249304600F03DF901990022404613
:1047300002F076FC039B21681B6811F0020F57EC16
:10474000106B03F1040215D003990A601B68C3E9DA
:104750000067E3680133E360D0E7049B002BE4D0FB
:1047600005990A230131404602F0DAFC049B059EBC
:10477000C21AD0E711F0040F03990A60E6D11D6850
:1047800032463B4630463946ECF7D8F928B108485E
:1047900000F03AFA85ED000ADBE730463946ECF7DF
:1047A0002BFA2860D5E700272EE600BF99A0010864
:1047B000DAA10108002310B50446C0E90033C0E9BE
:1047C0000433836081814366C28183611946082274
:1047D0005C3000F066F90D4B63620D4BA3620D4B2C
:1047E000E3620D4B23630D4B24629C4206D003F120
:1047F0006802944202D0D0339C4205D104F15800A3
:10480000BDE8104000F0EEB910BD00BFE949010855
:104810000B4A0108434A0108674A0108D02C0020CE
:10482000024A0349034800F069B800BF00010020B4
:10483000DD7401081001002041680C4B994210B54D
:10484000044601D002F04AFEA168094B994202D009
:10485000204602F043FEE168064B994204D0204610
:10486000BDE8104002F03ABE10BD00BFD02C0020C1
:10487000382D0020A02D002010B50B4B0B4C0C4AFE
:104880001A60204600220421FFF794FF04F168001B
:1048900001220921FFF78EFF04F1D0000222BDE8BA
:1048A00010401221FFF786BF082E0020D02C0020D8
:1048B00021480108014800F096B900BF112E0020E0
:1048C000014800F091B900BF112E002010B5044638
:1048D000FFF7F0FF236A1BB1BDE81040FFF7F0BF00
:1048E000044B2362044B1B68002BF5D1FFF7C4FF78
:1048F000F2E700BF39480108082E00202DE9F843EF
:104900000746884614460026D4E90195B9F1010905
:1049100005D52468002CF7D13046BDE8F883AB8973
:10492000012B07D9B5F90E30013303D0294638469B
:10493000C04706436835E9E70CB430B5184B0C1E88
:104940001D689DB008DA8B232B604FF0FF301DB03F
:10495000BDE8304002B070474FF40273ADF8143038
:104960004FF000031B9314BF04F1FF33234604935D
:1049700007934FF6FF7302900690ADF81630209A19
:1049800021AB02A92846019302F028FC431CBCBFBE
:104990008B232B60002CDAD0029B00221A70D6E702
:1049A0000C0100200EB410B59DB01FAB0290069014
:1049B0006FF000410A48079104910A4953F8042B0B
:1049C0000591002402A9006801931B9402F006FCE3
:1049D000029B1C701DB0BDE8104003B0704700BFC3
:1049E0000C0100200802FFFF10B50C46B1F90E10B3
:1049F00000F0AAF80028ABBF636DA3891B1823F44D
:104A00008053ACBF6365A38110BD2DE9F0411F4603
:104A10008B89DB0505460C46164605D5B1F90E1007
:104A20000223002200F07EF8A389B4F90E1023F4CB
:104A30008053A38132463B462846BDE8F04100F052
:104A400095B810B50C46B1F90E1000F06BF8431C88
:104A5000A38915BF606523F4805343F48053A38179
:104A600018BFA38110BDB1F90E1000F04BB88842F9
:104A700010B501EB020402D98442234607D8431E35
:104A8000A14208D011F8012B03F8012FF8E70244E6
:104A900001468A4200D110BD13F8014D02F8014DC4
:104AA000F7E702440346934200D1704703F8011B25
:104AB000F9E710B56AB10139841810F8012B11F823
:104AC000013F9A4203D1A04201D0002AF5D1D01A69
:104AD00010BD1046FCE710B50139034632B111F89C
:104AE000014F03F8014B013A002CF7D11A44002181
:104AF000934200D110BD03F8011BF9E7004870474D
:104B00004C02002038B5064D0023044608462B60B1
:104B1000F6F7E8FD431C02D12B6803B1236038BDD2
:104B20000C2E002038B5074D0446084611460022D9
:104B30002A601A46F6F7FDFD431C02D12B6803B12B
:104B4000236038BD0C2E002038B5074D04460846BA
:104B5000114600222A601A46F6F78BFD431C02D14B
:104B60002B6803B1236038BD0C2E002038B5074DEB
:104B700004460846114600222A601A46F6F796FDBA
:104B8000431C02D12B6803B1236038BD0C2E0020DA
:104B9000014B1868704700BF0C01002070B50D4D27
:104BA0000D4C641BA4100026A64209D10B4D0C4CE1
:104BB00004F036FA641BA4100026A64205D170BD8D
:104BC00055F8043B98470136EEE755F8043B984703
:104BD0000136F2E79CA801089CA801089CA80108DE
:104BE000A0A801087047704770470A44914200F13D
:104BF000FF3300D1704710B511F8014B03F8014F96
:104C00009142F9D110BD00009FED010A704700BF2D
:104C10000000C07F2DE9F74F03690C69A3420746E6
:104C20007EDB013C01F11408A30000F114050093A0
:104C300005EB8403019358F8243055F82420013300
:104C40009A4208EB8409B2FBF3F62ED34FF0000A28
:104C5000C446AE46D3465CF8043B98B206FB00A0BF
:104C6000020C1B0C06FB0323DEF8002080B292B27C
:104C7000121A5A44DEF800004FEA134A9BB2C3EB03
:104C8000224303EB104392B242EA0342E1454EF85D
:104C9000042B4FEA234BDED2009BEB582BB9019B30
:104CA000043B9D421A462FD33C61384601F0C8F9B7
:104CB000002825DB2946002058F8042BD1F800C035
:104CC0001FFA82FE1FFA8CF3A3EB0E030344120CAF
:104CD000C2EB234202EB1C429BB243EA0243C145B2
:104CE00041F8043B4FEA2240E6D255F8242005EB78
:104CF000840322B9043B9D421A460BD33C61013622
:104D0000304603B0BDE8F08F1268043B002ACBD1D7
:104D1000013CC6E71268043B002AEFD1013CEAE7F8
:104D20000020EEE7000000002DE9F04FC76997B0C2
:104D30008DED040B55EC104B209E079181460C9293
:104D400011937FB9102000F009FE0246C9F81C003B
:104D500020B9A94BEF21A94802F002FCC0E9017774
:104D60000760C760D9F81C30196859B15A684A60A1
:104D7000012393408B60484600F0E6FED9F81C30D2
:104D800000221A602B1EB9BF23F0004305930023B5
:104D90003360059F9A4BBCBF01223260BB4312D1E6
:104DA000119A42F20F731360C7F31303234300F009
:104DB0005A85219BDFF85CA2002B00F05C850AF18C
:104DC000030300F056BD9DED047B002251EC170B50
:104DD00000238DED0A7BEBF77FFE804658B1119AD8
:104DE00001231360219B13B1219A864B1360DFF8D6
:104DF00028A200F040BD9DED0A0B14AA15A9484653
:104E000001F03EFAC7F30A560290002E78D00B9BB1
:104E1000CDF84880C3F31303DDE90A0143F07F5363
:104E200043F44013A6F2FF3619460022764BEBF707
:104E300033FA6BA3D3E90023EBF7E6FB6AA3D3E9CC
:104E40000023EBF72BFA044630460D46EBF772FBD6
:104E500067A3D3E90023EBF7D7FB02460B462046B6
:104E60002946EBF71BFA04460D46EBF77DFE0022C0
:104E70000746002320462946EBF738FE40B1384666
:104E8000EBF758FB22462B46EBF726FE00B9013F15
:104E9000162F52D85D4B03EBC703D3E90023DDE99E
:104EA0000A01EBF723FE002849D0013F00231093AD
:104EB000149B9B1B5A1E45BFC3F1010300930023A3
:104EC0000023069254BF00930693002F39DB069B04
:104ED0000D973B44069300230893079B092B63D847
:104EE000052BC4BF043B0793079BA3F10203CCBF70
:104EF00000240124032B63D8DFE803F05254372B3E
:104F0000DDE914631E4406F23243202BC1BFC3F116
:104F100040039F4006F2124324FA03F3D6BFC3F1C5
:104F2000200347EA030004FA03F0EBF7F3FA012247
:104F3000A1F1F873013E129276E70123B7E71090D2
:104F4000B6E7009BDB1B00937B42089300230D9385
:104F5000C3E7012309930C9B07EB030B0BF1010340
:104F6000012B0393B8BF012306E0012309930C9B97
:104F7000002B28DD9B460393D9F81C000021042256
:104F800002F114059D4226D94160484600F09CFD7F
:104F90008246002842D11E4B024640F2AF11DAE6AB
:104FA0000023E3E70023D5E70124002307930994B6
:104FB0004FF0FF3B0022CDF80CB012230C92DBE740
:104FC00001230993F4E74FF0010BCDF80CB05B46D9
:104FD000CDF830B0D0E701315200D1E7AFF3008017
:104FE00061436F63A787D23FB3C8608B288AC63FEF
:104FF000FB799F501344D33FABA00108C2A0010826
:105000000000F07F76A001080000F83F70A20108C0
:105010001AA10108A7A0010875A00108D9F81C3041
:105020001860039B0E2B00F2A180002C00F09E80E4
:10503000002F33DD9C4B07F00F0203EBC20393ED0F
:10504000007BF8058DED0E7B4FEA271416D5974BA4
:10505000DDE90A01D3E90823EBF700FCCDE90401FF
:1050600004F00F040326914D54B9DDE90E23DDE968
:105070000401EBF7F3FBCDE9040128E00226F2E797
:10508000E10708D5DDE90E01D5E90023EBF7BCFA0D
:10509000CDE90E01013664100835E5E700F0AF8078
:1050A0007C42814B814D04F00F0203EBC203D3E934
:1050B0000023DDE90A01EBF7A7FACDE90401241189
:1050C00000230226002C40F08F80002BD3D1109BB0
:1050D000DDE90445002B00F09480754B002220464A
:1050E0002946EBF703FD002800F08B80039B002B83
:1050F00000F08780BBF1000F34DD20466D4B0022AD
:105100002946EBF781FACDE9040107F1FF380136B2
:105110005C463046EBF70EFADDE90423EBF774FA50
:10512000654B0022EBF7BAF80546A1F15076002C4A
:105130006AD1DDE90401614B0022EBF7ADF80246CC
:105140000B46CDE904232A463346EBF7EDFC002855
:1051500040F09882DDE904012A4606F10043EBF7AE
:10516000C5FC38BBDDE90A34CDE90434159B002BBE
:10517000C0F257810E2F00F354814B4B03EBC70352
:1051800093ED007B0C9B002B8DED007B80F2E58086
:10519000039B002B00F3E1800CD1484B002251EC23
:1051A000170BEBF731FADDE90423EBF7B3FC00282A
:1051B00000F06682002425460C9B56466FEA0308E1
:1051C00000272146484600F0BFFC002D00F0BD80BE
:1051D0002FB1AF4203D03946484600F0B5FC29460E
:1051E000484600F0B1FCB0E0E20705D5D5E9002360
:1051F000EBF70AFA013601236410083562E702264C
:1052000065E7039CB84684E7274B099903EBC40381
:1052100053E902235444002954D029490020EBF7D4
:105220001DFB33462A46EBF737F8CDE90E0156460B
:10523000DDE90401EBF798FC0546EBF77BF9024644
:105240000B46DDE90401EBF727F8303502460B4643
:10525000CDE9042306F8015BDDE90E23EBF746FCFC
:10526000002872D1DDE9042311490020EBF714F87E
:10527000DDE90E23EBF73AFC002840F0B480A642AB
:105280003FF470AFDDE90E010A4B0022EBF7BCF9E9
:10529000084BCDE90E010022DDE90401EBF7B4F97A
:1052A000CDE90401C4E700BF70A2010848A20108CB
:1052B0000000F03F0000244000001C4000001440AB
:1052C0000000E03F31462846EBF79EF9CDE90E019C
:1052D00013945646DDE90401EBF746FC0546EBF76F
:1052E00029F902460B46DDE90401EAF7D5FF30351E
:1052F00006F8015B02460B46A642CDE904234FF0B7
:10530000000224D1AF4BDDE90E01EAF7C7FF0246E8
:105310000B46DDE90401EBF707FC002863D1DDE96A
:105320000E23A8490020EAF7B7FF02460B46DDE945
:105330000401EBF7DBFB00283FF414AF139E731E50
:10534000139316F8013C302BF8D047463BE09E4BB8
:10535000EBF75AF9CDE90401BCE7DDE9044556460F
:10536000DDE9002320462946EBF778FAEBF7FCFB52
:105370008046EBF7DFF8DDE90023EBF745F902465D
:105380000B462046294608F13004EAF785FF06F867
:10539000014B039DA6EB0A04A54202460B4633D1FE
:1053A000EAF77CFFDDE9002304460D46EBF7BCFB82
:1053B000C0B9DDE9002320462946EBF78DFB10B18B
:1053C00018F0010F0ED10299484600F0BDFB0023F2
:1053D0003370119B01371F60219B002B00F04B8223
:1053E0001E6048E2B84633461E4613F8012D392A9E
:1053F00006D19A45F8D1302208F101088AF8002038
:105400001A7801321A70A0E76F4B0022EBF7FCF814
:105410000022002304460D46EBF75EFB00289FD0D8
:10542000D1E7099A002A00F0EA80079A012A00F3DE
:10543000CD80129A002A00F0C18003F23343089C09
:10544000009E009A1A440092069A01211A44484686
:10545000069200F077FC054666B1069B002B09DD3D
:10546000B342009AA8BF3346D21A0092069AF61A9F
:10547000D31A0693089B0BB3099B002B00F0C68040
:10548000002C00F0C08029462246484600F012FD5C
:10549000029A01460546484600F06AFC0299804699
:1054A000484600F051FB089B1B1B089300F0B1809D
:1054B000089A4146484600F0FDFC0290012148460A
:1054C00000F040FC0D9B0446002B00F0D8811A46EA
:1054D0000146484600F0EEFC079B012B044600F312
:1054E0009F80049B002B40F09780059BC3F3130320
:1054F000002B40F09380059B23F000431B0D1B0500
:1055000033B1009B01330093069B013306930123C3
:1055100008930D9B002B00F0B881236904EB8303F3
:10552000186900F0C3FBC0F12000069B184410F07E
:105530001F0000F08280C0F12003042B73DD009B6C
:10554000C0F11C0003440093069B034406440693E9
:10555000009B002B05DD02991A46484600F004FD29
:105560000290069B002B05DD21461A46484600F0B6
:10557000FBFC0446109B002B61D00298214600F0F2
:105580005FFD00285BDA002302990A22484600F0FA
:10559000FDFA099B029007F1FF38002B00F077819C
:1055A000294600230A22484600F0F0FABBF1000F1A
:1055B00005466FDC079B022B49DC6BE0149BC3F1B3
:1055C00036033CE70000E03F00002440039B5C1EE4
:1055D000089BA34209DB1C1B039B002BBFF630AFCB
:1055E000009B039A9E1A00232BE7089B0D9A0894B0
:1055F000E31A1A44009E039B0D92002421E7089CA5
:10560000009E099D28E7DDF8088051E7089A029975
:1056100050E7CDF8088051E7002379E7049B77E74E
:105620000023089379E793D0009A1C331A44009220
:10563000069A1A441E4406928AE70346F4E7039B3F
:10564000002BB84620DC9B46079B022B1EDDBBF1DE
:10565000000F7FF4B1AD21465B460522484600F0BD
:1056600095FA01460446029800F0EAFC00287FF70C
:10567000A3AD5646312306F8013B08F101089FE52A
:10568000039CB8462546F4E7DDF80CB0099B002BD7
:1056900000F00181002E05DD29463246484600F023
:1056A00063FC0546089B002B5CD06968484600F007
:1056B0000BFA064628B9824B024640F2EF21FFF76B
:1056C0004ABB2A690232920005F10C010C30FFF747
:1056D0008CFA01223146484600F046FC0AF10103EB
:1056E00000930AEB0B030893049B03F001032F467E
:1056F00006930546009B0298214603F1FF3BFFF706
:1057000089FA03463033039039460298099300F032
:1057100097FC2A4604902146484600F0ADFCC2683A
:10572000099B064602BB0146029800F089FC099BD2
:105730000246314648460C92099300F005FA079B51
:105740000C9A009E42EA0301069B1943099B0DD166
:10575000392B27D0049A002A01DD039B31338BF8C3
:1057600000302EE52846B9E70122E2E70499002936
:1057700004DB079801430698014320D1002AEEDD9F
:10578000029900930122484600F0EEFB2146029068
:1057900000F056FC0028009B02DCE0D1DA07DED5E1
:1057A000392BDAD139238BF8003033461E46013BC2
:1057B00016F8012C392A4ED001321A7001E5002A60
:1057C00003DD392BEED00133C9E7009A089902F8BE
:1057D000013C8A4228D0029900230A22484600F060
:1057E000D5F9AF4202904FF000034FF00A0239465C
:1057F000484607D100F0CAF907460546009B013329
:10580000009377E700F0C2F92946074600230A22F1
:10581000484600F0BBF90546F0E7BBF1000FCCBFEE
:105820005E4601265644002702990093012248460D
:1058300000F09AFB2146029000F002FC0028B4DC44
:1058400002D1009BDB07B0D433461E4613F8012D6E
:10585000302AFAD0B5E49A45A8D1312308F10108DD
:105860008AF80030ADE4219BDFF858A01BB10AF1A3
:105870000803219A1360504617B0BDE8F08F079BCC
:10588000012B7FF72EAE0D9B089301204DE6BBF157
:10589000000F7FF7D9AE564602982146FFF7BAF9B6
:1058A00000F1300306F8013BA6EB0A029345B4DD94
:1058B000029900230A22484600F068F90290EBE7BB
:1058C0001AA101089EA0010838B50546002941D05B
:1058D00051F8043C0C1F002BB8BFE41800F0E8F8A6
:1058E0001D4A136833B9636014602846BDE8384028
:1058F00000F0E4B8A34208D9206821188B4201BF08
:1059000019685B6809182160EDE71A465B680BB1FE
:10591000A342FAD911685018A0420BD12068014463
:10592000501883421160E0D118685B6853600844E6
:105930001060DAE702D90C232B60D6E72068211823
:105940008B4204BF19685B68636004BF091821605B
:105950005460CAE738BD00BF182E0020024B014634
:10596000186800F025B800BF0C01002070B50F4E7C
:105970000C463168054611B901F0D8FD306021466A
:10598000284601F0D3FD431C03D14FF0FF342046DD
:1059900070BDC41C24F00304A042F8D0211A28468C
:1059A00001F0C4FD0130F2D1EFE700BF142E00205A
:1059B0002DE9F843CD1C25F0030508350C2D38BF23
:1059C0000C25002D064601DBA94204D90C233360C7
:1059D0000020BDE8F883DFF8D48000F069F8D8F83B
:1059E00000301C4644BB29463046FFF7BFFF431C2E
:1059F000044658D1D8F800402746002F43D1002C48
:105A00004BD023683946304604EB030901F08EFD84
:105A1000814542D121686D1A29463046FFF7A6FF1D
:105A200001303AD023682B442360D8F800305A68FC
:105A300062BBC8F800700FE02268521B20D40B2A0A
:105A400017D96119A342256018BF5960636808BF60
:105A5000C8F8001062514B60304600F02FF804F196
:105A60000B00231D20F00700C21A1CBF1B1AA350F5
:105A7000AFE76268A3420CBFC8F800205A60EBE7AA
:105A800023466468AEE73C467F68B6E71A465B6823
:105A9000A342FBD100235360DEE70C233360304682
:105AA00000F00CF894E70560D6E700BF182E002040
:105AB0000148FFF798B800BF102E00200148FFF7FB
:105AC00093B800BF102E002070B5C66904460D467D
:105AD00076B91020FFF742FF0246E06120B9184B6B
:105AE00018486B2101F03CFDC0E901660660C66004
:105AF000E669F36883B1E369DB6853F82500B8B958
:105B0000012101FA05F6721D9200204601F046FDC2
:105B100060B1C0E901560EE021220421204601F0C7
:105B20003DFDE369F060DB68002BE4D1002070BD2F
:105B3000026843F825200023C0E90333F7E700BFDC
:105B4000ABA001082BA1010870B5C66905460C463B
:105B500076B91020FFF702FF0246E86120B9094B31
:105B600009488F2101F0FCFCC0E901660660C660AF
:105B70003CB1EB696268DB6853F82210216043F89E
:105B8000224070BDABA001082BA101082DE9F04116
:105B90000D6907460C461E4601F1140C0020DCF886
:105BA000003099B202FB01611E0C0B0C02FB0633A4
:105BB00089B2013001EB034185424CF8041B4FEAE6
:105BC0001346ECDC0EB3A368AB4219DC61683846BF
:105BD0000131FFF779FF804628B902460C4B0D488A
:105BE000BA2101F0BDFC2269023204F10C019200DD
:105BF0000C30FEF7FAFF21463846FFF7A5FF444672
:105C000004EB850301355E6125612046BDE8F08126
:105C10001AA101082BA101082DE9F8430C461546ED
:105C20001F4609220833064693FBF2F300210122A6
:105C30009A4209DB3046FFF747FF40B90246194B4D
:105C40001948D32101F08CFC52000131F0E7089B88
:105C50004361092D4FF00103036116DD04F10909C9
:105C6000C8462C4418F8013B0146303B0A22304616
:105C7000FFF78CFFA045F5D1A5F108044C442D1B7E
:105C80006319BB4204DBBDE8F8830A340925F6E753
:105C900014F8013B0146303B0A223046FFF776FFFD
:105CA000EEE700BF1AA101082BA10108B0F5803F63
:105CB000034636BF030400201020B3F1807F3CBFB1
:105CC0001B020830B3F1805F3CBF1B010430B3F10D
:105CD000804F3CBF9B000230002B05DB13F0804F50
:105CE00000F1010008BF202070470368024613F04E
:105CF00007000BD0D90721D4980749BF5B089B0840
:105D0000012013605CBF13600220704799B209B98B
:105D10001B0C1020D9B209B908301B0A190704BF9F
:105D20001B090430990704BF9B080230D90703D42C
:105D30005B0800F1010003D013607047002070473A
:105D40002020704710B50C460121FFF7BDFE02462A
:105D500028B9054B054840F2451101F001FC01232B
:105D60004461036110BD00BF1AA101082BA1010805
:105D70002DE9F04F17460A693B699A42A8BF3B4696
:105D80008946A4BF0F4699463D69D9F810A0BB6863
:105D9000796805EB0A06B34285B0B8BF0131FFF759
:105DA00093FE30B90246414B41484FF4B17101F0C6
:105DB000D7FB00F1140404EB860E23460022734542
:105DC00020D307F1140809F1140108EB850501EB54
:105DD0008A030293EB1B153B23F0030304331537AF
:105DE000BD4238BF04230193029B03918B420CD820
:105DF000002E03DD5EF8043D002B55D0066105B092
:105E0000BDE8F08F43F8042BD9E7B1F800A0BAF150
:105E1000000F1FD0C446A14600275CF8042BD9F818
:105E200000301FFA82FB9BB20AFB0B333B44D9F8CC
:105E30000070120C3F0C0AFB027202EB13429BB281
:105E400043EA0243654549F8043B4FEA1247E4D868
:105E5000019BE750039BB3F802900431B9F1000FA6
:105E600020D023684746A4464FF0000AB7F800B098
:105E7000BCF8022009FB0B2252449BB243EA0243C6
:105E80004CF8043B57F8043B4FEA134ABCF8003087
:105E900009FB0A3303EB1243BD424FEA134AE5D82C
:105EA000019AA35004349FE7013EA1E71AA101081B
:105EB0002BA101082DE9F843154612F0030207460D
:105EC0000E4607D0254C013A002354F82220FFF754
:105ED0005DFE0646AD103DD0FC697CB91020FFF791
:105EE0003DFD0246F86128B91D4B1E4840F2B31132
:105EF00001F036FBC0E901440460C460D7F81C809F
:105F0000D8F808404CB940F271213846FFF71AFF23
:105F10000023C8F80800044603604FF00009EB07AF
:105F20000AD5314622463846FFF722FF31468046E1
:105F30003846FFF709FE46466D100BD0206838B989
:105F4000224621463846FFF713FF2060C0F8009034
:105F50000446E4E73046BDE8F88300BF3CA20108F0
:105F6000ABA001082BA101082DE9F0470C464968B8
:105F7000236903EB6218A368074691464FEA621A49
:105F800008F10106B3420BDB3846FFF79DFD0546DD
:105F900048B90246284B29484FF4EF7101F0E0FA66
:105FA00001315B00EEE7002300F1140100F1100263
:105FB0001846534533DB20692AEAEA7A04F11403D0
:105FC00019F01F0901EB8A0103EB800C2BD0C9F1FA
:105FD000200E8A460022186800FA09F010434AF899
:105FE000040B53F8042B9C4522FA0EF2F3D8ACEBC9
:105FF0000403153B23F00303043304F1150060454B
:1060000088BF0423CA500AB108F10206013E38468F
:106010002E612146FFF798FD2846BDE8F08742F83B
:10602000040F0133C5E7043953F8042B41F8042F5A
:106030009C45F9D8EAE700BF1AA101082BA1010885
:106040000A6903460069801A30B50ED11433143141
:1060500003EB820401EB820154F8045D51F8042D36
:10606000954203D005D24FF0FF3030BDA342F3D3A9
:10607000FBE70120F9E700002DE9F74F89460646C6
:10608000114648461446FFF7DBFF051E12D129468C
:106090003046FFF719FD024628B93F4B40F2372141
:1060A0003E4801F05DFA0123C0E90435104603B013
:1060B000BDE8F08FBCBF4B46A1463046D9F804106E
:1060C000BABF1C4601250025FFF7FEFC024618B9A1
:1060D000314B40F24521E3E7D9F810702669C560DD
:1060E00009F1100309F1140504F1140E00F1140B69
:1060F00005EB87080EEB86060193D9464FF0000C9E
:10610000019B5EF8040B53F804AF01931FFA8AF366
:10611000194683B2CB1A000C6344C0EB1A4000EB63
:1061200023409BB243EA0043764549F8043B4FEADB
:10613000204CE5D8331B153B23F0030315340433FF
:10614000A64238BF04231D445B441E462C464445EA
:106150000ED308F10301491B21F00301033DA845BB
:1061600038BF00210B4453F8041D91B117619DE71E
:1061700054F8041BE646080C1CFA81FC714400EB41
:106180002C4089B241EA004146F8041B4FEA204CFA
:10619000DDE7013FE7E700BF1AA101082BA10108D5
:1061A00082B08DED000B019A0F4B1340A3F1507399
:1061B000002B08DC5B42B3F1A07F4FEA235204DAE4
:1061C0004FF400231341002208E0A2F114031E2B18
:1061D000DABF4FF00042DA40012200231946104690
:1061E00041EC100B02B070470000F07F2DE9F04148
:1061F000066900F1140808EB8606371F56F8042CD0
:106200001046FFF753FDC0F120030A280B601B491D
:1062100015DCC0F10B0C22FA0CF3B84543EA01057A
:1062200034BF56F8083C0023153002FA00F023FA78
:106230000CF303431C4645EC104BBDE8F081B84518
:106240003ABF56F8083CA6F1080700230B3812D0D5
:10625000C0F1200123FA01F482402243474542F075
:106260007F558CBF57F8042C00228340CA4045F468
:1062700040151343DEE742EA0105DBE70000F03F8B
:106280002DE9F7430F46012159EC108B1646FFF715
:106290001BFC044630B90246234B244840F20F3120
:1062A00001F05EF9C9F30A55C9F313030DB143F4C4
:1062B00080130193B8F1000323D068460093FFF7E1
:1062C00014FDDDE90012D0B1C0F1200302FA03F39E
:1062D0000B43C24063610192019BA361002B0CBF81
:1062E000012202222261A5B1A5F2334505443D6099
:1062F000C0F135003060204603B0BDE8F083616135
:10630000EAE701A8FFF7F1FC019B6361203001225D
:10631000E8E704EB8203A0F2324038601869FFF727
:10632000C5FCC0EB4210E5E71AA101082BA101084A
:106330002DE9F04F85B0CDE9001002A9FFF756FF17
:10634000009803A955EC104BFFF750FF019B19690A
:10635000009B1B69C91ADDE902329B1A5BEC10AB8A
:1063600003EB4113002BCEBF2A46C3EB03335A463F
:106370002F46D946CCBF02EB035702EB03594B46DD
:10638000524620463946EAF769FA41EC100B05B04F
:10639000BDE8F08F013970B549111469013102F17E
:1063A000140300EB810103EB8404051FA3420CD30B
:1063B000A31A113B23F003031132A24288BF00232A
:1063C00018440023884205D370BD53F8046B45F888
:1063D000046FEBE740F8043BF4E700F114020069B6
:1063E0004B11984210B511DB0ADD11F01F0107D0E7
:1063F00052F8234024FA01F000FA01F18C420BD14B
:1064000002EB8303934203D8002010BD0346F7E755
:1064100053F8041D0029F5D00120F6E770B50446B5
:106420000D4645EC104B1646FFF7BAFE51EC100B2B
:106430007EB1C5F30A53C3F16B03002B09DD1B05C5
:1064400003F17F55002405F5401522462B46EAF757
:10645000DBF841EC100B70BD2DE9F04F9FB00C46FE
:10646000179200221A9205904FF0000A4FF0000B8D
:106470000A46199211782B294AD038D80D2932D8DA
:10648000082932D800293BD000220E92199D2A7883
:10649000302A40F0B2806A7802F0DF02582A6ED1CA
:1064A00002930E9B01931AAB00938F4A05981BAB86
:1064B00019A901F0EFF810F00F06044605D0062EDA
:1064C00028D10135002319950E93179B002B40F01E
:1064D0008E850E9BCBB152460BF1004343EC102B43
:1064E0001FB0BDE8F08F2029CED10132C1E72D29A0
:1064F000CAD101210E91511C19915278002AC5D19F
:10650000179B1994002B40F0708552465B46E5E7D7
:106510000021EFE71A9A3AB135211CA8FFF73AFF9C
:106520001A990598FFF710FB013E1B9A042E06D816
:10653000DFE806F014031D201400DDE91CABE105C3
:1065400048BF4BF0004B2BF000431B0D1B05002BED
:10655000BBD1FEF71DFB22230360B6E7DDE91CA3D8
:1065600002F2334223F4801343EA025BE7E7DFF8E9
:1065700080B1E4E76FF0004B4FF0FF3ADFE7199B83
:106580005A1C19925B78302BF9D0002B9DD0012337
:1065900000270893199B0C930B97B9460A22199868
:1065A0000578A5F13003D9B2092928D94F4901222C
:1065B000FEF77FFA002832D000202A460A904D4686
:1065C0000346652A01D0452A14D11DB9089A024311
:1065D00096D00025199C621C199262782B2A7AD0D9
:1065E0002D2A7ED04FF0000CA2F13001092940F293
:1065F000858019944FF00008A5E00023C8E7B9F1A1
:10660000080FD8BF0B9900F10100DABF02FB01337C
:106610000B9302FB073709F101091990BFE7199B9A
:106620005A1C19925A78B9F1000F3BD00A904D4686
:10663000A2F13003092B12D90123C2E7199B5A1C7E
:1066400019925A780130302AF8D0A2F13103082B80
:1066500000F2D284199B0A9000200C930546303A30
:1066600000F1010318D00A9919440A912E464FF0FF
:106670000A0E711CA1EB050C634515DC20EAE070E5
:106680002B18082B05F1010505441ADC0B990A2388
:1066900003FB01230B930023199A511C1991527883
:1066A0001846C5E74846CEE7082E05DC0B9E0EFBD4
:1066B00006F60B960E46DCE71029D8BF0EFB07F74F
:1066C000F8E70F2BDCBF0A2303FB0727E3E70023D0
:1066D0000A9301237AE74FF0000CA21C1992A278CA
:1066E00082E74FF0010CF8E74CA3010884A10108F0
:1066F0000000F07F199A511C19915278302AF9D074
:10670000A2F1310108293FF675AF303A0992199A82
:106710000F924FF00A08199A561C19965278A2F156
:10672000300EBEF1090F39D90F99761A082E44F6AA
:106730001F6803DC09998845A8BF8846BCF1000F93
:1067400001D0C8F10008002D4ED1089908437FF40C
:10675000BCAE002B7FF4D4AE692A28D025DC492AB0
:1067600025D04E2A7FF4CCAE9A4919A801F0B4F98D
:1067700000283FF4C5AE199B1B78282B2ED19649D3
:106780001CAA19A801F0BCF9052827D11D9BDDF82A
:1067900070A043F0FF4B4BF4E00B96E6099908FB21
:1067A0000121A1F130020992B5E76E2ADAE78B499F
:1067B00019A801F091F900283FF4A2AE199B88496D
:1067C000013B19A8199301F087F910B9199B0133FE
:1067D0001993DFF81CB24FF0000A76E6814800F00A
:1067E000B7FE5BEC10AB70E60A9B0B98A8EB0303BB
:1067F000B9F1000F08BFA946102D09932C46A8BF78
:106800001024E9F787FE092D82468B4613DC099B8D
:10681000002B3FF45AAE099B78DD162B5FDC7249E2
:1068200001EBC301D1E9000152465B46E9F7ECFEFA
:1068300082468B4649E66C4B03EBC40353E91223B3
:10684000E9F7E2FE824638468B46E9F763FE0246E8
:106850000B4650465946E9F721FD0F2D82468B46DF
:10686000D5DD099B2C1B1C44002C40F3938014F0B5
:106870000F030AD05C4901EBC30152465B46D1E9E4
:106880000001E9F7C1FE82468B4634F00F0473D055
:10689000B4F59A7F49DD0024A0460B94A146059AE1
:1068A000DFF84CB1222313604FF0000A0B9B002B42
:1068B0003FF40BAE1A990598FFF746F9059849463B
:1068C000FFF742F905984146FFF73EF90B99059805
:1068D000FFF73AF905982146FFF736F9F5E5099AE9
:1068E000C5F125039342BCDB3F4CC5F10F0504EB1A
:1068F000C50152465B46D1E90001E9F785FE099BD7
:106900005D1B04EBC504D4E900238FE71633A8DB35
:106910000A9BA3EB0808344B03EBC808D8E9002313
:1069200050465946E9F79AFF82E700232F4F24117A
:10693000504659461E46012C21DC0BB182468B463F
:106940002A49ABF1547B01EBC60152465B46D1E9C3
:106950000001E9F759FE264B0A460B4025498B42B8
:10696000824698D8A1F580118B4286BFDFF888B0A7
:106970004FF0FF3A02F1547B0023089376E0E207E0
:1069800004D5D7E90023E9F73FFE0123013664105F
:106990000837D0E7F0D0644214F00F020AD0124B4F
:1069A00003EBC20350465946D3E90023E9F756FFEB
:1069B00082468B462411DFD01F2C1FDD0024A04609
:1069C0000B94A146059A22234FF0000A4FF0000BCA
:1069D00013606BE772A0010838A301086AA00108E0
:1069E000A1A00108DAA1010870A2010848A20108CB
:1069F0000000F07F0000A07CFFFFEF7F14F0100389
:106A000018BF6A23A94E0893504659460023E7074A
:106A100004D5D6E90023E9F7F7FD0123641006F158
:106A20000806F4D10BB182468B46089BB3B1CBF379
:106A30000A52C2F16B03002B59460FDD1F2B56DDA6
:106A4000342BDEBF4FF0FF33C2F14B0293404FF0C7
:106A5000000ACCBF4FF05C7B03EA010B002200234D
:106A600050465946EAF738F80028A7D10B9B009307
:106A70000C9905982B464A46FFF7CEF80B90002854
:106A80003FF409AF099A0A9B002AA3EB0803A8BFA9
:106A900000231293002422EAE2731693A0460B9B74
:106AA00005985968FFF710F8814600283FF4F7AEC3
:106AB0000B9B1A69023203F10C0192000C30FEF7B5
:106AC00094F84BEC10AB05981CAA1BA9CDE90CABB4
:106AD000FFF7D6FB1A9000283FF4E1AE059801219C
:106AE000FFF730F9804648B94FF00008D7E64FF07D
:106AF000FF3202FA03F303EA0A0AAFE71B9D1C9A6E
:106B0000002DABBF129B169B169E129FACBFEF18B9
:106B10005E1B089BED1A1544654B013D9D42C2F179
:106B2000360250DA5B1B1F2BA2EB03024FF0010170
:106B30003DDC01FA03F3139300231093BD18089B67
:106B4000AF4216441E443B46A8BF2B46B342A8BFE3
:106B50003346002BC2BFED1AF61AFF1A129B002B08
:106B600016DD414605981A46FFF7A4F9804600282D
:106B7000BAD001461A9A0598FFF7FAF80A90002849
:106B80003FF48DAE1A990598FEF7DEFF0A9B1A9323
:106B9000002D1DDC099B002B23DD4946169A059824
:106BA000FFF788F98146E0B94FF0000977E6C5F1B3
:106BB0007F4505F57F0505F57B45E23501FA05F3CF
:106BC00010931391BAE70023109301231393B5E7B1
:106BD0001A9905982A46FFF7C7F91A900028D9D1C3
:106BE0005DE6002E07DD494605983246FFF7BCF901
:106BF00081460028D8D0002F08DD414605983A4646
:106C0000FFF7B2F9804600283FF449AE1A9905987B
:106C10004A46FFF731FA044600283FF440AEC36805
:106C20000F930023C3604146FFF70AFA002845DAB4
:106C30000F9B53EA0A036BD1CBF31303002B67D1ED
:106C40002BF000431B0D1B05B3F1D66F60D96369B0
:106C500013B92369012B5BDD214601220598FFF75B
:106C600083F941460446FFF7EBF9002850DD2BF08D
:106C70000043089A1B0D1B05002A6AD0B3F1D66F9A
:106C800067D8B3F15C7F7FF69DAE0A4B50465946FC
:106C90000022E9F7B9FC084B0B4082468B46002BDB
:106CA0007FF408AE059A2223136003E660A301086F
:106CB00002FCFFFF000050390000F07FCDF828B043
:106CC00065D10F9ACBF313035AB39F4A93422BD14A
:106CD000089B514603B39D4B5A461340B3F1D46F02
:106CE0004FF0FF321BD81B0DC3F16B0302FA03F305
:106CF000994219D1964B0A9A9A4202D101313FF436
:106D0000CEAD924B0A9A1A4002F5801B4FF0000A52
:106D1000089B002BB9D1CDE54FF0FF33E8E71346D0
:106D2000E6E753EA0A03A2D0109BDBB10A9A1342AA
:106D3000EED00F9B089A50465946BBB1FFF76EFB49
:106D4000DDE90C0153EC102BE9F7A8FA82468B46DB
:106D5000DEE7A3F580136FEA135B6FEA0B5B4FF07E
:106D6000FF3AD5E7139B13EA0A0FE1E7FFF756FB5B
:106D7000DDE90C0153EC102BE9F78EFA0022002319
:106D800082468B46E9F7A8FE0028C1D01AE64146A4
:106D90002046FFF7CDFA57EC106B00224FF08043EE
:106DA00030463946E9F7ACFE00286FD00F9B002B28
:106DB0007AD1BAF1000F58D10A9BC3F31303002B09
:106DC0005AD1644B002230463946E9F78FFE00283D
:106DD00059D130463946604B0022E9F715FC06468A
:106DE0000F4607F1004306960793DDE90623574D4A
:106DF000CDE910230A9B1D40584B9D4240F0B280C4
:106E00000A9BA3F1547B4BEC10ABFFF7C9F9DDE90A
:106E1000062351EC100BE9F7F7FB52465B46E9F706
:106E20003DFA0B4649494E4A19409142824642D9A1
:106E30000D9A474B9A4203D10C9B01333FF42FAD7F
:106E4000DFF80CB14FF0FF3A1A990598FEF77CFE77
:106E500005984946FEF778FE05984146FEF774FE10
:106E600005982146FEF770FE19E6BAF1010F03D12D
:106E70000A9B002B3FF4A6AD9FED2B7B354F8DED8C
:106E8000067B0026B1E7344F0026AAE7324B304696
:106E900039460022E9F7B8FB0F9B06460F46002B48
:106EA0009FD0CDE90667A0E79FED217B8DED067BA6
:106EB00057EC176B99E703F1547B089BCDF828B08A
:106EC000002BC1D12BF000431B0D1B059D42BBD1F4
:106ED00030463946E9F7F8FEE9F768FB02460B460B
:106EE00030463946E9F7D8F90B460246CDE90C237E
:106EF000CBF313060F9B46EA0A061E436FD00EA380
:106F0000D3E90023E9F7F2FD00287FF4D3AC0CA30A
:106F1000D3E90023DDE90C01E9F706FE002893D050
:106F2000C8E400BFAFF30080000000000000F0BF25
:106F3000000000000000F03F9535A094FFFFDF3F08
:106F400035E5AF350000E03FFFFF0F000000F07FA8
:106F5000FFFFEF7F0000F03F0000E03F0000E07F18
:106F6000FFFF9F7C089B23B3B5F1D46F21D828A3E2
:106F7000D3E9002330463946E9F7C2FDA0B13946CE
:106F80003046E9F719FE012838BF0120E9F7C2FAB7
:106F90000F9B06460F46FBB901F100431490159371
:106FA000DDE91423CDE91023119B03F1D6635B1BAC
:106FB00011939DED0C0BDDE910ABFFF7F1F8504696
:106FC00053EC102B5946E9F71FFBDDE90C23E9F7D9
:106FD00065F982468B4670E7CDE91467E0E70EA3BA
:106FE000D3E90023E9F782FD98E700230E93179A6F
:106FF000199B1360FFF76DBA652A3FF468AB452A09
:107000003FF465AB0123FFF7A0BB00BFAFF30080E7
:107010000000C0FFFFFFDF419535A094FFFFCF3F89
:10702000014BFFF719BA00BF5C010020242B2DE9AA
:10703000F0478646904601D8012B06D1FDF7A8FD02
:10704000162303600020BDE8F08734480D462A4629
:1070500015F8014B065D16F00806F8D12D2C10D15D
:107060002C780126951C33F0100215D1302C0DD14F
:107070002A7802F0DF02582A08D16C7802351023F2
:107080000AE02B2C04BF2C78951CECE7002BF6D1E2
:10709000302C14BF0A23082306F1004C0CF1FF3CEE
:1070A0000022BCFBF3F9104603FB19CAA4F1300718
:1070B000092F0FD83C46A3421BDD571C07D0814542
:1070C00014D301D1A24511DB00FB0340012215F8C6
:1070D000014BEBE7A4F14107192F01D8373CEAE750
:1070E000A4F16107192F04D8573CE4E74FF0FF32B1
:1070F000EDE7531C08D12223CEF800306046B8F1EA
:10710000000FA0D0691E06E006B14042B8F1000FA2
:1071100099D0002AF6D1C8F8001094E789A3010895
:10712000FFF784BF2DE9F0478E681F46BE420B680B
:1071300082460C4690462DD8B1F90C2012F4906F7F
:1071400026D06569096905EB4505A3EB010905EB47
:10715000D5757B1C4B446D109D4238BF1D465305B1
:1071600027D52946FEF724FC064660B321694A4626
:10717000FDF73BFDA38923F4906343F08003A381D3
:10718000266165614E44A5EB09052660A5603E4673
:10719000BE4200D93E46206832464146FDF767FCB4
:1071A000A3689B1BA3602368334423600020BDE8D1
:1071B000F0872A4600F051FD06460028E0D12169FB
:1071C0005046FEF781FB0C23CAF80030A38943F038
:1071D0004003A3814FF0FF30E9E700002DE9F04FB5
:1071E00098468B891B069DB007460D46144610D560
:1071F0000B6973B94021FEF7DBFB2860286130B9C9
:107200000C233B604FF0FF301DB0BDE8F08F4023F2
:107210006B610023099320238DF82930CDF80C8071
:107220003023DFF89C818DF82A304FF00109234686
:107230009A4613F8012B0AB1252AF9D1BAEB040BAF
:107240000BD05B46224629463846FFF76BFF0130DC
:1072500000F0A780099A5A4409929AF80030002B4E
:1072600000F09F8000234FF0FF32CDE905230AF1A3
:10727000010A049307938DF853301A93544605225C
:1072800014F8011B4E48E8F7ABFF049AD8B9D006B2
:1072900044BF20238DF85330110744BF2B238DF8B2
:1072A00053309AF800302A2B15D0079A5446002004
:1072B0004FF00A0C214611F8013B303B092B4BD90A
:1072C000B0B1079214E0A0EB080309FA03F31343EB
:1072D0000493A246D2E7039B191D1B680391002B60
:1072E000BBBF5B4242F0020207930793B8BF049210
:1072F00023782E2B0AD163782A2B32D1039B1A1DB7
:107300001B68039243EAE37302340593DFF8C0A0DD
:10731000217803225046E8F763FF38B1049BA0EBC5
:107320000A004022824013430134049314F8011BE5
:1073300024488DF828100622E8F752FF002836D09E
:10734000214B1BBB039B073323F007030833039335
:10735000099B334409936AE70CFB02320C46012077
:10736000A8E700230134059319464FF00A0C204684
:1073700010F8012B303A092A03D9002BC6D0059109
:10738000C4E70CFB012104460123F0E703AB0093A3
:107390002A460E4B04A93846FCF748FC421C064618
:1073A000D6D1AB895B063FF52DAF09982CE703AB2F
:1073B00000932A46054B04A93846FCF7CFFEEDE7BB
:1073C00086A1010890A101082D3C01082571010842
:1073D0008CA10108B1F90C202DE9F04116070546F2
:1073E0000C4654D44B68002B02DC0B6C002B48DDA0
:1073F000E66A002E45D0002312F480522F68216ADD
:107400002B6030D0626DA389590705D56368D21A05
:10741000636B0BB1236CD21A0023E66A216A2846FB
:10742000B047431CA38906D129681D292BD82A4AB5
:10743000CA40D60727D500226260D904226922609B
:1074400004D5421C01D12B6803B96065616B2F60C4
:10745000B9B104F14403994202D02846FEF734FA48
:10746000002363630DE001232846B0470246501C09
:10747000C9D12B68002BC6D01D2B01D0162B1ED1D5
:107480002F60002022E043F040031BB21BE00F6995
:10749000002FF6D093070E6808BF4B690F6018BF26
:1074A0000023A6EB07088B60B8F1000FE9DD216A25
:1074B000A66A43463A462846B047002808DCB4F995
:1074C0000C3043F04003A3814FF0FF30BDE8F08162
:1074D0000744A8EB0008E7E70100402038B50B6936
:1074E00005460C4613B90025284638BD18B1036A75
:1074F0000BB9FDF7EBF9B4F90C30002BF3D0626E49
:10750000D00704D4990502D4A06DFDF76CFB284682
:107510002146FFF75FFF636EDA070546E4D4A389CF
:107520009B05E1D4A06DFDF75FFBDDE738B5064DA7
:107530000023044608462B60F4F708F9431C02D1E7
:107540002B6803B1236038BD0C2E00200000000022
:107550009FED010B704700BF000000000000F87FA6
:107560001FB514461A46094B1B680546D8684CB12E
:10757000074B0091CDE9013406492B4600F0A8FBEA
:1075800000F0B8FB044B1C46F3E700BF0C010020E1
:107590009FA10108ACA10108DAA1010870B5A1FB07
:1075A000025434B92946FEF703FA064628B9304694
:1075B00070BD0C2202600026F9E72A462146FDF73D
:1075C00070FAF4E70369B3EB611F2DE9F0434FEA6A
:1075D000611200F1140445DD11F01F0104EB830674
:1075E00004EB82050CD100F110072946B14234D3D7
:1075F0009B1A9B00EA1E964238BF0023234415E0E5
:1076000054F82270C1F12008CF4005F1040EA146C4
:107610007645F44615D89A1A9200043A0135AE42DE
:1076200038BF0022A318A75007B104331A1BA34286
:107630004FEAA20208BF0023026108BF4361BDE810
:10764000F083DCF800C00CFA08FC4CEA070749F8A4
:10765000047B5EF8047BCF40DAE751F804CB47F8AF
:1076600004CFC3E72346E1E7A0F13003092B02D89A
:107670002038C0B27047A0F16103052B01D847380C
:10768000F7E7A0F14103052B01D82738F1E70020E7
:10769000704700002DE9F04F85B08A4602930B68D1
:1076A000019090469C1CA14614F8010B3028FAD09A
:1076B000A9EB0303A3F1020BFFF7D6FF0546002851
:1076C00068D1A04901224846FDF7F3F90746002892
:1076D00067D199F801002646FFF7C6FF002862D05F
:1076E000234618783028994603F10103F9D0FFF7B3
:1076F000BBFFB0FA80F56D094FF0010B4A46164604
:1077000001323078FFF7B0FF0028F8D18D4901220F
:107710003046FDF7CEF900283FD144B9741C22460B
:10772000164601323078FFF79FFF0028F8D1A41BDE
:10773000A700337803F0DF03502B3ED173782B2B57
:1077400033D02D2B34D0711C00240878FFF78CFF28
:10775000431EDBB2182B30D8A0F1100211F8010F34
:10776000FFF782FF00F1FF3C5FFA8CFCBCF1180FC1
:107770004FF00A031ED904B152421744CAF8001050
:10778000EDB1BBF1000F0CBF06250025284605B062
:10779000BDE8F08F00252C46B0E7002CC7D1274666
:1077A000C7E74E462F460125C3E70024B11CCCE7AE
:1077B0000124FBE703FB0200CEE73146DEE7A6EB40
:1077C0000903013B2946072B0ADC0198FEF77CF9E7
:1077D000044640B95C4B0246E4215C48FFF7C0FE1A
:1077E00001315B10EFE700F1140A002355469B4678
:1077F000B14537D345F804BBA5EB0A05AD102561AB
:107800005846FEF753FA6D01D8F800602D1AB542BC
:1078100054DDAD1B29462046FEF7DFFD814678B1D9
:107820006B1E591103F01F025AF821104FF0010985
:1078300009FA02F20A4203D04B4536DC4FF0020946
:1078400029462046FFF7BEFE2F44D8F80830BB4239
:1078500042DA01982146FEF777F90E9A0023136069
:10786000A32593E716F8012D2E2A12D0202B04D140
:1078700045F804BB4FF0000B5B4630780393FFF7ED
:10788000F3FE039B00F00F0098404BEA000B04331B
:10789000AEE7B145EAD82B49039301223046FDF704
:1078A00008F9039B0028E1D1A2E7A91E2046FEF7B4
:1078B00094FD0028C2D04FF00309C1E709DA751B17
:1078C000214601982A46FEF74FFB7F1B044600F134
:1078D000140A4FF00009B8E7D8F80450BD426FDD34
:1078E000ED1BAE4234DCD8F80C30022B22D0032B37
:1078F00024D0012B15D1AE4213D1012E0BD1029A07
:10790000D8F80430136001232361CAF800300E9BBD
:1079100062251C603AE7711E2046FEF75EFD0028D6
:10792000EDD101982146FEF70FF90E9A002313605E
:1079300050252BE70F9B002BF3D1E0E70F9B002B8B
:10794000DDD1EEE784A101081AA10108DBA101083D
:107950006F1EB9F1000F30D127B139462046FEF72E
:107960003CFD81467A1101235AF8222007F01F07B7
:10797000BB4013422946204618BF49F00209FFF7D1
:1079800021FED8F80470761B0225B9F1000F47D00C
:10799000D8F80C30022B15D0032B17D0012B09D1AE
:1079A00019F0020F06D0DAF8003049EA030919F09D
:1079B000010F0ED145F0100532E04FF00109D1E77B
:1079C0000125E2E70F9BC3F101030F930F9B002BEF
:1079D000F0D0D4F810B004F114034FEA8B0A03EB93
:1079E0008B014FF0000C184653F8042BB2F1FF3F07
:1079F0001BD001320260022D04F114033CD1D8F8EF
:107A00000020013AB24209D17111012253F821300C
:107A100006F01F0602FA06F61E423AD145F020058E
:107A20000E9B1C60029B1F60B0E6994243F804CC99
:107A3000D9D8A3689B4517DB616801980131FEF72F
:107A400043F8814618B91A4B02468421C5E62269DB
:107A5000023204F10C0192000C30FDF7C6F8214609
:107A60000198FEF771F84C4623695A1C04EB830316
:107A7000226101225A61BEE722695A450BDD0121CC
:107A80002046FFF79FFDD8F808300137BB42FFF6CC
:107A9000E0AE0125C2E716F01F06FAD05344C6F146
:107AA000200653F8040CFEF701F9B042E7DBF0E7DB
:107AB0001AA10108C2F10802920070B5C2F12006B5
:107AC0004368046803FA06F52C43D340046040F889
:107AD000043F8842F4D370BD30B50368013311F818
:107AE000014B14B90360012030BD13F8012BA2F142
:107AF0004105192D98BF2032A242F0D00020F3E7B3
:107B00002DE9F04F0B6801685E1102EB860613F059
:107B10001F0387B018BF04360025371F82469046E2
:107B2000019346F8045CB9463C460295AB464A7858
:107B30004B1C039342B3104605910492FFF794FD4A
:107B4000002851D1049A0599202A18D8029B9B45F8
:107B500013DD4C4506D2072D04DC2A464946204653
:107B6000FFF7A8FF444552D90023A4F1040944F8C3
:107B7000043CCDF808B04C461D460399D7E7292AA6
:107B800057D10231CAF80010BBF1000F51D04C455B
:107B900006D2072D04DC2A4649462046FFF78AFF15
:107BA000444536D9A8F10402234653F8041B42F891
:107BB000041F9F42F9D23B1B23F00303043301341B
:107BC000033EB44288BF04234344002243F8042BFD
:107BD0009F42FBD23B681BB9474528D101233B603C
:107BE000052007B0BDE8F08F0135082D0BF1010B22
:107BF00006DD4445C1D9002344F8043C0125043C7A
:107C0000226800F00F0040EA02102060B5E7082566
:107C1000B3E7019B002BDDD0C3F120034FF0FF320F
:107C2000DA4056F8043C134046F8043CD2E7043FDF
:107C3000D0E70420D5E782B001B901A942B14BB128
:107C400013780B601278101E18BF012002B0704725
:107C50001046FBE76FF00100F8E72DE9F041074619
:107C600014460D4621B9BDE8F0411146FDF7A0BE0E
:107C70002AB9FDF729FE25462846BDE8F08100F027
:107C800040F88442064602D8B4EB500FF4D821469F
:107C90003846FDF78DFE804608B94546ECE7B4420C
:107CA0002246294628BF3246FCF79FFF2946384620
:107CB000FDF70AFEF1E70346084641B1FF2A04D961
:107CC0008A221A604FF0FF3070470A700120704717
:107CD0000EB403B5014603AB054853F8042B006806
:107CE000019300F03FF802B05DF804EB03B0704779
:107CF0000C01002008B5062000F008FA0120F3F777
:107D0000ADFC51F8043C181F002BBCBF0B58C01829
:107D100070479368013B002B10B4936008DA9469B4
:107D2000A34201DB0A2903D15DF8044B00F032B90C
:107D30001368581C1060197008465DF8044B7047B2
:107D4000F8B506460F461446D518AC4201D10020BE
:107D500007E014F8011B3A463046FFF7DAFF431CF0
:107D6000F3D1F8BD2DE9F04F0D469DB0144698466D
:107D7000064618B1036A0BB9FCF7A8FD6B6ED9076C
:107D800005D4AB899A0502D4A86DFCF72CFFAB890A
:107D90001B0701D52B699BB92946304600F038F9FD
:107DA00070B16B6EDC0704D54FF0FF301DB0BDE83D
:107DB000F08FAB899805F7D4A86DFCF715FFF3E7B2
:107DC0000023099320238DF82930CDF80C8030232F
:107DD000DFF8AC818DF82A304FF0010923469A462E
:107DE00013F8012B0AB1252AF9D1BAEB040B0BD0F9
:107DF0005B46224629463046FFF7A2FF013000F0DD
:107E0000A780099A5A4409929AF80030002B00F092
:107E10009F8000234FF0FF32CDE905230AF1010ACC
:107E2000049307938DF853301A935446052214F89F
:107E3000011B5348E8F7D4F9049AD8B9D10644BFD6
:107E400020238DF85330130744BF2B238DF8533074
:107E50009AF800302A2B15D0079A544600204FF08C
:107E60000A0C214611F8013B303B092B4BD9B0B12C
:107E7000079214E0A0EB080309FA03F313430493F9
:107E8000A246D2E7039B191D1B680391002BBBBFC1
:107E90005B4242F0020207930793B8BF0492237833
:107EA0002E2B0AD163782A2B32D1039B1A1D1B6813
:107EB000039243EAE37302340593DFF8D4A02178F8
:107EC00003225046E8F78CF938B1049BA0EB0A0076
:107ED0004022824013430134049314F8011B2948C3
:107EE0008DF828100622E8F77BF900283FD0264BB2
:107EF0001BBB039B073323F0070308330393099B42
:107F00003B4409936AE70CFB02320C460120A8E7C8
:107F100000230134059319464FF00A0C204610F84F
:107F2000012B303A092A03D9002BC6D00591C4E7AA
:107F30000CFB012104460123F0E703AB00932A4622
:107F4000124B04A93046FBF771FE0746781CD6D1C8
:107F50006B6ED90705D4AB899A0502D4A86DFCF7DE
:107F600043FEAB895B063FF51FAF09981EE703ABE5
:107F700000932A46054B04A93046FCF7EFF8E4E7E6
:107F800086A1010890A101082D3C0108417D01084E
:107F90008CA10108F8B50E461446054618B1036ACF
:107FA0000BB9FCF793FCA369A360A3891A0701D559
:107FB000236943B92146284600F02AF818B14FF04A
:107FC000FF373846F8BD23682269981A6369F6B20C
:107FD0008342374605DC21462846FFF77FFA002812
:107FE000EDD1A368013BA36023685A1C22601E7078
:107FF0006269431C9A4204D0A389DB07E1D50A2EAB
:10800000DFD121462846FFF769FA0028D9D0D6E704
:1080100038B5294B054618680C4618B1036A0BB9E8
:10802000FCF754FCB4F90C30190722D4DA0607D453
:1080300009222A6043F04003A3814FF0FF3033E070
:10804000580712D5616B41B104F14403994202D043
:108050002846FDF739FC00236363A38923F024033A
:10806000A3810023636023692360A38943F008038D
:10807000A38123694BB9A38903F42073B3F5007F6F
:1080800003D02146284600F083F8B4F90C3013F0F1
:1080900001020AD00022A26062695242A2612269F2
:1080A00042B913F08000C5D138BD990758BF626945
:1080B000A260F4E70020F7E70C0100201F2938B583
:1080C00005460C4604D9162303604FF0FF3038BD37
:1080D000C26B12B152F821304BB9284600F030F88B
:1080E000224601462846BDE8384000F017B8012B6B
:1080F0000AD0591C03D1162303600120E7E70021B1
:1081000042F82410204698470020E0E7024B014641
:108110001868FFF7D3BF00BF0C01002038B5074D2A
:1081200000230446084611462B60F3F787FA431CE8
:1081300002D12B6803B1236038BD00BF0C2E002094
:10814000F3F774BA70B50C46B1F90E10002996B069
:1081500015461E460DDAA38913F0800F4FF000017B
:1081600014BF40234FF48063002031602B6016B0B1
:1081700070BD6A4600F048F80028ECDB019901F474
:108180007041A1F50053594259414FF48063EBE728
:108190008B89F7B59D0706460C4607D504F14703C2
:1081A000236023610123636103B0F0BD01AB6A4624
:1081B000FFF7C8FF009F054639463046FDF7F8FB3C
:1081C00048B9B4F90C309A05EED423F0030343F018
:1081D0000203A381E2E7A389206043F08003A38127
:1081E000019BC4E904075BB1B4F90E10304600F0FE
:1081F0001DF828B1A38923F0030343F00103A381F1
:10820000A3891D43A581CFE738B5074D0023044658
:10821000084611462B60F3F771FA431C02D12B6814
:1082200003B1236038BD00BF0C2E002038B5064DC9
:108230000023044608462B60F3F770FA431C02D172
:108240002B6803B1236038BD0C2E002000F02AB942
:1082500010EE103A07B51E4A23F00043934206D8A9
:10826000DFED1C0A03B05DF804EB00F07BB8B3F15E
:10827000FF4F04D330EE400A03B05DF804FB6846BC
:1082800000F0B0F900F00300012809D0022810D056
:10829000B0B9DDED010A9DED000A00F063F8EBE7EF
:1082A000DDED010A9DED000A00F0B4F8B1EE400AE0
:1082B000E2E7DDED010A9DED000A00F053F8F5E775
:1082C000DDED010A9DED000A012000F0A3F8D3E7DF
:1082D000D80F493F0000000010EE103A07B51F4AC2
:1082E00023F00043934207D8DFED1D0A002003B0BE
:1082F0005DF804EB00F08EB8B3F1FF4F04D330EE1D
:10830000400A03B05DF804FB684600F06BF900F02A
:10831000030001280AD002280FD0C0B9DDED010A00
:108320009DED000A012000F075F8EAE7DDED010A95
:108330009DED000A00F016F8E3E7DDED010A9DED82
:10834000000A012000F066F8B1EE400AD9E7DDED41
:10835000010A9DED000A00F005F8F5E7D80F493F46
:108360000000000010EE103A23F00043B3F1485F24
:10837000F0EE406AB7EE000A04D2FDEEE67A17EEA0
:10838000902A42B326EEA67ADFED1A7A9FED1A6A9A
:108390001A4AA7EE276A9342DFED197AE6EE077ACA
:1083A0009FED186AA7EE876ADFED177AE6EE077A87
:1083B0009FED166AA7EE876A60EEE60A26EE076A68
:1083C000F6EE007AE7EE060A67EE277A04D877EE33
:1083D000E07A30EE670A70470D4A93429ABF03F184
:1083E0007F4307EE103AB5EE027A30EE470A77EE99
:1083F000C77AECE74ED747ADF6740F319999993E9D
:108400007CF293B4010DD037610BB6BAABAA2A3D0A
:108410000000483F10EE103A23F00043B3F1485FEC
:1084200004D2FDEEC07A17EE903A5BB320EE007AEC
:10843000DFED157A9FED156AA7EE276ADFED147A56
:10844000E6EE077A9FED136AA7EE876ADFED127AF0
:1084500060EE076AE6EE077A30B99FED106AA7EE84
:10846000276AA6EE260A704767EEE67AB6EE006A3D
:10847000E0EE867AD7EE870ADFED097AE6EEA70A04
:1084800030EE600A704700BFD3C92E2F342FD7B209
:108490001BEF3836010D50B98988083CABAA2ABEBB
:1084A000ABAA2A3E10EE902A22F00041B1F1FF4F14
:1084B00010B5F0EE407A06D810EE100A20F0004316
:1084C000B3F1FF4F04D977EEA07AB0EE670A10BD82
:1084D000B2F17E5F03D1BDE8104000F0B3B994174C
:1084E00004F0020444EAD07443B9022C5ED09FED3C
:1084F000347A032C08BFF0EE477AE6E741B9DFEDA6
:10850000317A9FED317A0028A8BFF0EE477ADCE798
:10851000B1F1FF4F10D1B3F1FF4F04F1FF3407D198
:10852000022C46D8294B03EB8403D3ED007ACCE729
:10853000022C41D8264BF6E7B3F1FF4FDFD05B1A90
:10854000B3F1F45F4FEAE3511ADA002A01DA3C3161
:1085500019DB87EEA00A00F049FA00F073F9F0EE9B
:10856000407A012C12D0022C17D0002CADD09FEDF8
:10857000197A77EE877A9FED187A77EEC77AA4E7B3
:10858000DFED117AEDE7DFED157AEAE717EE903AC5
:1085900003F1004307EE903A97E79FED0E7A77EEEE
:1085A000877A9FED0D7A77EE677A8EE7DFED0A7AAC
:1085B0008BE7DFED0B7A88E7DFED087A85E700BF10
:1085C000DB0F49C0DB0FC9BFDB0FC93F98A401080F
:1085D0008CA401082EBDBB33DB0F49400000000016
:1085E000DB0F493FF0B510EE106A884B26F00045CE
:1085F0009D4287B0044605D8002380ED000A436001
:10860000002022E0824B9D423AD826F00043002E03
:108610009FED807A804A23F00F0318DD934270EEBD
:10862000477A09BF9FED7D7ADFED7D6ADFED7D6AD8
:1086300077EEC77A37EEE67A77EEC77A80ED007A82
:1086400077EEE67AC0ED017A012007B0F0BD9342E3
:1086500070EE077A09BF9FED717ADFED716ADFED89
:10866000716A77EE877A37EEA67A77EEC77A80ED71
:10867000007A77EEA67AC0ED017A4FF0FF30E4E79A
:10868000694B9D4273D800F0B1F99FED687AF6EE20
:10869000007AE0EE077AFDEEE77AB8EEE77A17EEB9
:1086A000900ADFED5C7AA7EE670A1F28DFED5C7A9F
:1086B00067EE277AB1EE476A70EE676A16EE901A97
:1086C00009DC5B4A471E26F0004352F8272023F0BE
:1086D000FF03934207D1C1F3C752C2EBD552082A18
:1086E0004FEAE55314DC216094ED007A30EE470A3E
:1086F000002E30EE670A84ED010AA6DAB1EE477A61
:10870000B1EE400A84ED007A84ED010A40429CE714
:10871000DFED425AF0EE406AE6EE256A70EE667AC8
:10872000E6EE257ADFED3F5AD7EE257A76EEE75A68
:1087300015EE902AC2F3C7515B1A192B04DCC4ED65
:10874000005AB0EE660ACFE7DFED3A5AB0EE660A9D
:10875000A6EE250A76EEC07ADFED376AE6EE257AD8
:10876000D7EE267A30EE677A84ED007ABCE7B5F171
:10877000FF4F06D370EE407AC0ED017AC0ED007A6B
:108780003EE7EA15863AA5EBC25307EE903ABDEEF6
:10879000E77ADFED2A6AB8EEC77A77EEC77A8DED11
:1087A000037A67EEA67ABDEEE77AB8EEC77A77EE7F
:1087B000C77A8DED047A67EEA67AF5EE407AF1EE8F
:1087C00010FACDED057A1ED1B5EE407AF1EE10FA31
:1087D0000CBF012302231A4901910221009103A831
:1087E000214600F00BF9002EBFF62FAFD4ED007A32
:1087F000F1EE677AC4ED007AD4ED017AF1EE677A92
:10880000C4ED017A82E70323E5E700BFD80F493FB3
:10881000E3CB1640800FC93FD00FC93F0044353726
:108820004344353708A3852E800F494384F9223FFE
:10883000A4A4010800A3852E32318D2400008043BA
:1088400024A5010838B510EE105A25F00044B4F103
:10885000A14FF0EE407A10D3B4F1FF4F04D970EE7F
:10886000007AB0EE670A38BDDFED4D7A9FED4D7AA4
:10887000002DC8BFF0EE477AF3E74B4B9C4210D86F
:10888000B4F1445F0AD29FED497A30EE077AF7EEF1
:10889000006AB4EEE67AF1EE10FAE2DC4FF0FF3354
:1088A00013E000F0A3F8424B9C424FD8A3F5D0034D
:1088B0009C4241D8F0EE007ABFEE007AA0EE277A13
:1088C000002330EE270AC7EE007A5A1C27EEA76A6B
:1088D0009FED387ADFED385A9FED385A66EE066A1A
:1088E000E6EE875A9FED367AA5EEA67ADFED355A89
:1088F000E7EE265A9FED347AA5EEA67ADFED335ADD
:10890000E7EE265A9FED327AA6EE875A9FED317A2E
:10891000A5EE267A9FED305AA7EE265A9FED2F7AC4
:10892000A5EE267A27EE267AA5EE867A27EE877AB6
:1089300021D177EEC77A94E7F7EE007A30EE677AC6
:1089400030EE270A0123C7EE007ABEE7244B9C4293
:108950000BD8F7EE087AB7EE007AA0EE277A02235A
:1089600070EE676AC6EE877AAFE7BFEE007AC7EEB1
:10897000007A0323A9E71B4A1B4902EB830201EBA0
:108980008303D3ED006A37EE667A002D37EE677AFF
:10899000D2ED007A77EEC77AB8BFF1EE677A60E77A
:1089A000DB0FC9BFDB0FC93FFFFFDF3ECAF24971D2
:1089B000FFFF973FD769853C59DA4B3D6BF16EBDA0
:1089C000356B883D6E2EBA3D2549123EABAAAA3EB4
:1089D00021A215BD95879DBD388EE3BDCDCC4CBE83
:1089E000FFFF1B404CA801083CA8010810EE103AFC
:1089F00023F0004300EE103A704700002DE9F04FDD
:108A00002DED048BD9B090460190B64A669818F1C6
:108A1000040F52F820A00F4603F1FF3B26DBB8F10C
:108A2000030248BF08F10402D210551C67999FED5C
:108A3000B17AE800A2EB0B060290A8EBC5050AEBA1
:108A40000B0C1CAC01EB860E0020604510DD1CA950
:108A500001EB83000DF588790026564524DCDDF80E
:108A600004E0DFEDA47A8446002416E00022DCE76F
:108A7000C6425DBF5EF8201007EE901AF8EEE77A66
:108A8000F0EE477AE4EC017A0130DEE7FEEC016AB1
:108A90003CED017AE6EE877A01345C45F6DDE9ECDF
:108AA000017A01360430D8E708A901EB8A01049164
:108AB0006799DFED8F8A9FED8D9A01EB8202039219
:108AC0005446A200059258AA02EB840212ED140A41
:108AD00044A908AA01EB840094462646002E4CDCEB
:108AE0002846CDE9062300F0F1F9B0EE408AB4EE55
:108AF000000A28EE000A00F04FFAF2EE007AA0EE2B
:108B0000678A002DDDE90623FDEEC87A17EE909AFC
:108B1000F8EEE77A38EE678A41DD04F1FF3C08A9F8
:108B2000C5F1080E51F82C6046FA0EF0814400FAA7
:108B30000EF0361AC5F1070041F82C600641002EF0
:108B40003CDD4FF0000E09F101097046744568DC08
:108B5000002D03DD012D74D0022D7DD0022E2DD1EC
:108B6000B7EE000A30EE488A40B32846069300F07C
:108B7000ADF9069B38EE408A20E060EE287A013E8F
:108B8000FDEEE77AF8EEE77AA7EEC90ABDEEC00A75
:108B9000ACEC010A30ED010A37EE800A9EE705D100
:108BA000601E08A951F82060F611C8E7F6EE007AB9
:108BB000B4EEE78AF1EE10FA31DA0026B5EE408A1B
:108BC000F1EE10FA40F09880601E002250454BDA1A
:108BD000002A65D0013C08AB083D53F82430002B37
:108BE000F8D02846B7EE000A00F070F9631C44AADA
:108BF0009FED3F7A990002EB83022346002B80F21F
:108C0000A9802346002BC0F2C78044AA02EB83054B
:108C1000DFF8D4C0DFED377A0020E21AB1E0022697
:108C20008FE752F8041B48B921B1C1F5807142F8B1
:108C3000041C01210EF1010E084687E7C1F1FF0176
:108C4000F5E704F1FF3C08AA52F82C2002F07F025D
:108C500008A941F82C2081E704F1FF3C08AA52F84A
:108C60002C2002F03F02F3E708A951F82010013848
:108C70000A43ABE7013250F8046D002EFAD0059993
:108C800001F5B0710DEB0100E6181CA904F1010C0F
:108C90004C3801EB86062244624504DA144610E79C
:108CA00004980122E7E70399DDF804E051F82C105D
:108CB000059107EE901AF8EEE77A0024E6EC017AC7
:108CC000DFED0C7AB1465C4504DDE0EC017A0CF195
:108CD000010CE1E7FEEC016A39ED017A0134E6EEC0
:108CE000877AF0E788A801085CA8010800008043A3
:108CF0000000803B00000000029BB0EE480AA3EB9E
:108D0000080000F0E3F81FED077AB4EEC70AF1EEB1
:108D100010FA19DB5FED0A7A60EE277A08AAFDEEF9
:108D2000E77A0835F8EEE77AA7EEC70AFDEEE77AAC
:108D3000BDEEC00A10EE103A42F8243017EE903A19
:108D4000013442F824304CE7BDEEC00A08AA10EE08
:108D5000103AF6E708A850F82300019007EE900AB1
:108D6000F8EEE77A013B67EE807A20EE070A62EDC3
:108D7000017A43E7FCEC016AB5EC017AE6EE877A0A
:108D80000130504501DC9042F4DD58A800EB82022E
:108D900042ED287A013B35E7669B022B09DC002B6C
:108DA00027DC40D009F0070059B0BDEC048BBDE8CA
:108DB000F08F669B032BF5D130AA0B1F13441A4684
:108DC0002046002850DC2246012A5DDC30AB5FEDF6
:108DD000377A0B44012C67DCDDED306A9DED317A8A
:108DE000002E67D1C7ED006A87ED017AC7ED027AE0
:108DF000D8E730AB1FED417A0B442246002A24DA33
:108E00004EB3F1EE477AC7ED007ADDED307A77EEBA
:108E1000C77A31AA01239C4220DA0EB1F1EE677ABB
:108E2000C7ED017ABEE730AB5FED4E7A0B44002C04
:108E300005DA0EB1F1EE677AC7ED007AB2E733EDED
:108E4000017A013C77EE877AF1E773ED017A013A16
:108E500037EE277AD2E7F0EE477AD4E7B2EC017A20
:108E6000013377EE877AD6E772ED017AD2ED016AA7
:108E700037EEA67A013877EEC77A82ED007A77EE80
:108E8000A67AC2ED017A9CE773ED017AD3ED016A0F
:108E900037EEA67A013A77EEC77A83ED007A77EE5D
:108EA000A67AC3ED017A8FE733ED017A013C77EEC4
:108EB000877A8FE7F1EE666AB1EE477AC7ED006A0E
:108EC00087ED017AF1EE677A90E700BF10EE103A75
:108ED00033F000422BD0B2F1FF4F02D330EE000A44
:108EE000704713F0FF4F23D1244BDFED257A9842D2
:108EF00020EE270A17DB10EE103AC3F3C752193AD7
:108F00004CF25031884215DDDFED1E7ADFED1E6A2E
:108F100010EE103AB0EE677A002BB8BFF0EE667A2A
:108F200027EE870A7047DFED197A27EE800A70472F
:108F3000D20DE5E71044FE28E6DC002806DD23F02C
:108F4000FF4343EAC05300EE103A704710F1160F8A
:108F500009DADFED0E7ADFED0E6A10EE103AB0EEB0
:108F6000677A002BD9E7193023F0FF4343EAC05357
:108F70009FED080A07EE903AD7E700BFB03CFFFF2D
:108F80000000004CCAF24971CAF249F16042A20DD8
:108F90006042A28D0000003310EE103AC3F3C752B6
:108FA0007F3A162A23F000412BDC002A12DADFED8B
:108FB000197A30EE270AB5EEC00AF1EE10FA06DD96
:108FC000002B24DA0029144B08BF4FF0004300EEB9
:108FD000103A7047114911410B42FAD0DFED0D7A7A
:108FE00030EE270AB5EEC00AF1EE10FAEFDD002BE5
:108FF000BEBF4FF4000040FA02F29B1823EA0103BF
:10900000E5E7B1F1FF4FE4D330EE000A70470023EB
:10901000DDE700BFCAF24971000080BFFFFF7F009B
:10902000F8B500BFF8BC08BC9E467047F8B500BF55
:08903000F8BC08BC9E46704725
:109038000D3E00002B2644424753454E44494E47B7
:1090480020444154412000000A0000002B264442DD
:109058004753454E44494E472044415441204255C8
:1090680053590A004641494C5F53454E444F4B0003
:10907800534F4B004641494C5F50524F4D5054009E
:1090880050524D004641494C5F43574A41500000F9
:109098004A4150004641494C5F4552524F520000E8
:1090A800455252004641494C5F444953434F4E4E46
:1090B80000000000445343004641494C5F434C4F75
:1090C80053454400434C53004641494C5F42555375
:1090D80059000000425359003137322E32322E32B5
:1090E80033392E31300000004641494C5F43574A1E
:1090F80041500A004641494C5F4552524F520A00BE
:109108002B26444247524553504F4E53452043491E
:109118004653520A000000002B264442474552524B
:109128004F5220434946535220350A002B264442C9
:1091380047524553504F4E5345204950440A00006A
:109148002B264442474553503031484152445245FA
:10915800534554300A0000002B26444247455350DB
:109168003031484152445245534554310A000000B9
:109178002B26444247455350303141540A000000E1
:109188002B264442474553503031415443574D4FA5
:1091980044450A002B264442474553503031415438
:1091A8004349504D55580A002B26444247455350D1
:1091B8003031415443574A41500A00002B2644425B
:1091C80047455350303143494653520A0000000086
:1091D8002B2644424745535030314154434950436C
:1091E8004C4F53450A0000002B2644424745535034
:1091F8003031415443495053544152540A000000FD
:109208004D3A2564200000004C494E4520455252F5
:109218004F520000453A252B312E336600000000DE
:109228004C3A25752575257525750000523A257522
:10923800202575004F462530346C75204F45253064
:10924800346C75004F422530346C75204F502530F2
:10925800346C7500434D2530346C752043532530EC
:10926800346C75004D532530346C75204D422530D3
:10927800346C75004D522530346C75204D452530C1
:10928800346C750025753A2534750000503A25343C
:109298002E31662053503A25342E316600000000E6
:1092A800453A25352E3166204F3A25352E30660051
:1092B800503A25342E306620493A25342E3066003F
:1092C800443A25342E306620473A25342E3166003C
:1092D8004C6F73743A256C7520533A256C750000F1
:1092E8005961773A25352E316620473A25342E3193
:1092F800660000004C3A25752575257525752045AD
:109308003A252B2E3266000053743A2564204C69A6
:109318006D3A25342E3066004B703A25342E30666F
:10932800204B643A25332E306600000049503A2518
:109338002E3135730000000055703A256C75732086
:109348004D6F743A2575000043616C3A25752052BB
:10935800656164793A257500563A252B2E326620C8
:10936800413A252B2E32660049503A2573000000F9
:109378004F4C45443A256C7520453A256C750000DC
:10938800503A25342E316620523A25342E31660063
:10939800593A25352E31662047793A25342E3166DB
:1093A8000000000041583A256400000041593A2560
:1093B80064000000415A3A256400000047503A25ED
:1093C80064000000475A3A256420433A2575000096
:1093D8004E00000057000000450000005300000048
:1093E8005941570025362E31660000006465670034
:1093F8005261773A25342E30660000004C4F5354A2
:109408000000000049444C4500000000464152005D
:109418004F4B0000434C4F5345000000414C494717
:109428004E000000464F4C4C4F5700005455524ECA
:10943800000000005241573A2534752046494C3AFD
:1094480025347500464143453A25730046534D3A45
:10945800257320413A25750053443A253464205930
:10946800573A2533640000004F55543A2534642098
:109478005341543A257500002D2D0000440000008A
:109488004C00000043414C2B0000000043414C2D90
:109498000000000052430000464C00004F4E000000
:1094A8004F46460042746E3A2563205261773A254A
:1094B8006300000050656E643A2575204C6F6E6736
:1094C8003A257500486F6C643A256C752F25756DC3
:1094D80073000000453A257320413A257320256C16
:1094E8007573000043616C3A2575204D6F743A25F9
:1094F800750000004E4F4E0054415200544D4F002D
:109508004D4F54004D4F4400494D550050495400AB
:10951800455854004125635125634D2575572563EA
:1095280020432563532563005425342E3066204498
:1095380025342E3066205225342E30660000000077
:1095480041632535642050762535640050524550D6
:10955800202534756D73204225332E3166000000B6
:109568005374253564204C25352E306600000000E4
:109578005025342E3066204225332E31662058255A
:109588007300000052343A2534752046363A2534A3
:1095980075000000723A25347520663A2534750046
:1095A800453A252B640000004B3A25332E316620BE
:1095B800433A252B3464000053252B346420592565
:1095C8002B33642041257500554E4B00444F4E45C2
:1095D800000000005245430050454E440000000082
:1095E8005458000053743A25732049443A257500AD
:1095F800573A25752F25750054583A257520433A52
:10960800256C7520443A256C7500000043616C6C2C
:109618003A256C75205376633A256C750000000076
:109628004F252B2E316620542575204225750000C4
:10963800413A256C6420443A256C6400302E302E63
:10964800302E30006663616C2D756E65722B32307A
:10965800313900004643414C2D506572736F6E617D
:109668006C0000006663616C2D756E65722B32307C
:10967800313900004643414C2D506572736F6E615D
:109688006C00000041540D0A0000000041542B43B7
:1096980049504D55583D300D0A00000041542B43A8
:1096A800574D4F44453D310D0A00000041542B43AE
:1096B800574A41503D00000041542B4349465352FC
:1096C8000D0A000041542B43495053544152543D14
:1096D8000000000041542B434950434C4F53450D63
:1096E8000A00000041542B43495053454E443D0065
:1096F8003033303241540D003033303241542B0076
:10970800303430324F4B0D0A000000003037303211
:109718004552524F520D0A003133303257494649AB
:1097280020474F542049500D0A000000313630328E
:109738005749464920434F4E4E45435445440D0A28
:109748000000000031373032574946492044495318
:10975800434F4E4E4543540D0A0000003139303214
:109768005749464920444953434F4E4E4543544573
:10977800440D0A0031343032444953434F4E4E456C
:10978800435445440D0A00003039303253454E44A5
:10979800204F4B0D0A00000030393032434F4E4EF7
:1097A8004543540D0A00000030383032434C4F53C3
:1097B80045440D0A00000000313230352B4349463C
:1097C80053523A5354414950000000003036303269
:1097D80062757379202E0000303431302B495044A3
:1097E800000000003037303272656164790D0A007C
:1097F800303630326275737920700000303630327E
:109808006275737920730000303630324641494C16
:109818000D0A0000F896010800970108089701084A
:109828001497010820970108349701084C970108FC
:10983800649701087C97010890970108A097010890
:10984800B0970108C0970108D4970108E09701086C
:10985800EC970108F8970108049801081098010886
:1098680000000000000000000000000000000000F0
:1098780000000000000000000010001000100010A0
:109888000010001000000010000000000028002850
:109898000028000000000000000000000000000098
:1098A80000240024007C00240048007C0048004874
:1098B8000000000000380054005000380014005424
:1098C80000540038001000000020005400580030F8
:1098D80000280054001400080000000000100028B0
:1098E8000028001000340048004800340000000040
:1098F8000010001000100000000000000000000030
:1099080000000000000800100020002000200020B7
:1099180000200020001000080020001000080008A7
:109928000008000800080008001000200010003897
:1099380000100028000000000000000000000000E7
:109948000000000000100010007C00100010000053
:1099580000000000000000000000000000000000FF
:1099680000000010001000100000000000000000BF
:1099780000000038000000000000000000000000A7
:1099880000000000000000000000001000000000BF
:10999800000800080010001000100010002000202F
:1099A8000000000000380044004400540044004413
:1099B8000044003800000000001000300050001083
:1099C80000100010001000100000000000380044D3
:1099D80000440004000800100020007C0000000083
:1099E8000038004400040018000400040044003853
:1099F8000000000000080018002800280048007C2B
:109A08000008000800000000007C004000400078CA
:109A1800000400040044003800000000003800443E
:109A28000040007800440044004400380000000072
:109A3800007C000400080010001000200020002016
:109A4800000000000038004400440038004400448E
:109A5800004400380000000000380044004400447E
:109A6800003C000400440038000000000000000032
:109A780000100000000000000000001000000000BE
:109A880000000000000000100000000000000010AE
:109A98000010001000000000000C003000400030F2
:109AA800000C000000000000000000000000007C26
:109AB8000000007C00000000000000000000000022
:109AC800006000180004001800600000000000009A
:109AD80000380044000400080010001000000010C6
:109AE8000000000000380044004C0054005C0040B6
:109AF800004000380000000000100028002800285E
:109B08000028007C00440044000000000078004465
:109B1800004400780044004400440078000000003D
:109B28000038004400400040004000400044003835
:109B38000000000000700048004400440044004455
:109B48000048007000000000007C00400040007CDD
:109B5800004000400040007C00000000007C004005
:109B68000040007800400040004000400000000035
:109B78000038004400400040005C004400440038C5
:109B880000000000004400440044007C00440044FD
:109B980000440044000000000038001000100010CD
:109BA800001000100010003800000000000400043D
:109BB8000004000400040004004400380000000011
:109BC800004400480050006000500048004800442D
:109BD80000000000004000400040004000400040FD
:109BE8000040007C000000000044006C006C005441
:109BF80000440044004400440000000000440064A5
:109C0800006400540054004C004C00440000000064
:109C18000038004400440044004400440044003834
:109C28000000000000780044004400440078004030
:109C38000040004000000000003800440044004498
:109C48000044004400540038000400000078004438
:109C58000044004400780048004800440000000028
:109C68000038004400400030000800040044003878
:109C780000000000007C0010001000100010001010
:109C8800001000100000000000440044004400449C
:109C98000044004400440038000000000044004430
:109CA80000440028002800280010001000000000D0
:109CB80000440044005400540054006C002800285C
:109CC80000000000004400280028001000100028B0
:109CD8000028004400000000004400440028002838
:109CE800001000100010001000000000007C0004AC
:109CF80000080010001000200040007C0000000058
:109D080000180010001000100010001000100010C3
:109D18000010001800200020001000100010001093
:109D280000080008000000000030001000100010BB
:109D38000010001000100010001000300010002863
:109D4800002800440000000000000000000000009F
:109D580000000000000000000000000000000000FB
:109D6800000000FE002000100000000000000000BD
:109D7800000000000000000000000000003800445F
:109D8800003C0044004C003400000000004000404B
:109D980000580064004400440064005800000000BB
:109DA8000000000000380044004000400044003833
:109DB80000000000000400040034004C004400448B
:109DC800004C00340000000000000000003800448F
:109DD800007C00400044003800000000000C001027
:109DE800007C00100010001000100010000000009F
:109DF800000000000034004C00440044004C0034D3
:109E0800000400780040004000580064004400440A
:109E18000044004400000000001000000070001022
:109E280000100010001000100000000000100000DA
:109E3800007000100010001000100010001000E06A
:109E480000400040004800500060005000480044B6
:109E5800000000000070001000100010001000103A
:109E680000100010000000000000000000780054FE
:109E7800005400540054005400000000000000008A
:109E880000580064004400440044004400000000FE
:109E9800000000000038004400440044004400383A
:109EA8000000000000000000005800640044004466
:109EB8000064005800400040000000000034004CDE
:109EC80000440044004C003400040004000000007A
:109ED80000580064004000400040004000000000BE
:109EE800000000000038004400300008004400383A
:109EF8000000000000200020007800200020002042
:109F08000020001800000000000000000044004489
:109F180000440044004C0034000000000000000031
:109F28000044004400280028002800100000000019
:109F380000000000005400540054006C0028002861
:109F4800000000000000000000440028001000107D
:109F58000028004400000000000000000044004405
:109F68000028002800100010001000600000000009
:109F7800007C0008001000200040007C0000000069
:109F88000018001000100010002000200010001021
:109F98000010001800100010001000100010001031
:109FA8000010001000100010003000100010001009
:109FB8000008000800100010001000300000000029
:109FC80000000074004C00000000000000000000C9
:109FD8004008D40669070008000020409A99993F74
:109FE8009A9999BF000020C09F00CE00FB00100383
:109FF800DD065A085E090000AF00FD00E403C9064B
:10A00800A609C60A820B00000A0014001E002800D8
:10A0180032003C0046000000000000000000000084
:10A0280001020304060708090000000001020304F6
:10A038000006101600061016303132333435363724
:10A0480038396162636465666768696A6B6C6D6EEE
:10A058006F707172737475767778797A00494E46A5
:10A0680000696E66004E414E006E616E0030003031
:10A078003132333435363738394142434445460066
:10A088003031323334353637383961626364656666
:10A098000065256C6400496E66696E697479004EC6
:10A0A800614E005245454E54206D616C6C6F6320C3
:10A0B800737563636565646564002F6275696C64B4
:10A0C8002F676E752D746F6F6C732D666F722D739D
:10A0D800746D33325F31332E332E72656C312E320C
:10A0E800303235303532332D303930302F7372639A
:10A0F8002F6E65776C69622F6E65776C69622F6C5D
:10A108006962632F7374646C69622F64746F612E63
:10A11800630042616C6C6F6320737563636565648B
:10A128006564002F6275696C642F676E752D746F96
:10A138006F6C732D666F722D73746D33325F3133AC
:10A148002E332E72656C312E323032353035323343
:10A158002D303930302F7372632F6E65776C6962DA
:10A168002F6E65776C69622F6C6962632F737464F4
:10A178006C69622F6D707265632E63002E00232D4B
:10A18800302B2000686C4C006566674546470043E5
:10A1980000504F534958002C2066756E6374696FE0
:10A1A8006E3A2000617373657274696F6E202225A0
:10A1B8007322206661696C65643A2066696C652063
:10A1C800222573222C206C696E6520256425732551
:10A1D800730A002F6275696C642F676E752D746F32
:10A1E8006F6C732D666F722D73746D33325F3133FC
:10A1F8002E332E72656C312E323032353035323393
:10A208002D303930302F7372632F6E65776C696229
:10A218002F6E65776C69622F6C6962632F73746443
:10A228006C69622F6764746F612D676574686578FF
:10A238002E63000005000000190000007D000000EA
:10A248000080E03779C34143176E05B5B5B893462A
:10A25800F5F93FE9034F384D321D30F94877825AF6
:10A268003CBF737FDD4F1575000000000000F03F14
:10A2780000000000000024400000000000005940D9
:10A288000000000000408F40000000000088C3402C
:10A2980000000000006AF8400000000080842E41A1
:10A2A80000000000D01263410000000084D79741ED
:10A2B8000000000065CDCD41000000205FA00242F3
:10A2C800000000E876483742000000A2941A6D4268
:10A2D800000040E59C30A2420000901EC4BCD6425B
:10A2E80000003426F56B0C430080E03779C3414306
:10A2F80000A0D8855734764300C84E676DC1AB437C
:10A30800003D9160E458E143408CB5781DAF154499
:10A3180050EFE2D6E41A4B4492D54D06CFF0804474
:10A32800F64AE1C7022DB544B49DD9794378EA4489
:10A3380034000000CEFBFFFFCB030000010000004B
:10A348000000000035000000CEFBFFFFCB0300003B
:10A358000100000000000000BC89D897B2D29C3CE4
:10A3680033A7A8D523F649393DA7F444FD0FA532F4
:10A378009D978CCF08BA5B25436FAC64280668119B
:10A3880000202020202020202020282828282820BD
:10A3980020202020202020202020202020202020B5
:10A3A800208810101010101010101010101010101D
:10A3B800100404040404040404040410101010100D
:10A3C80010104141414141410101010101010101D7
:10A3D8000101010101010101010101011010101029
:10A3E80010104242424242420202020202020202A9
:10A3F80002020202020202020202020210101010FD
:10A408002000000000000000000000000000000024
:10A418000000000000000000000000000000000034
:10A428000000000000000000000000000000000024
:10A438000000000000000000000000000000000014
:10A448000000000000000000000000000000000004
:10A4580000000000000000000000000000000000F4
:10A4680000000000000000000000000000000000E4
:10A4780000000000000000000000000000000000D4
:10A488000000000000000080DB0F4940DB0F49C0DE
:10A49800DB0F49BFE4CB1640E4CB16C0000FC93F21
:10A4A800000F494000CB9640000FC9400053FB40C5
:10A4B80000CB164100ED2F41000F494100316241A8
:10A4C80000537B41003A8A4100CB9641005CA3418E
:10A4D80000EDAF41007EBC41000FC94100A0D5414D
:10A4E8000031E24100C2EE410053FB4100F2034259
:10A4F800003A0A420083104200CB164200141D4263
:10A50800005C234200A5294200ED2F420036364266
:10A51800007E3C4200C74242000F4942A2000000B0
:10A52800F9000000830000006E0000004E000000EB
:10A53800440000001500000029000000FC00000095
:10A548002700000057000000D1000000F5000000BF
:10A5580034000000DD000000C0000000DB00000047
:10A568006200000095000000990000003C00000017
:10A57800430000009000000041000000FE000000C1
:10A588005100000063000000AB000000DE00000086
:10A59800BB000000C500000061000000B70000001B
:10A5A800240000006E0000003A0000004200000095
:10A5B8004D000000D2000000E0000000060000008E
:10A5C800490000002E000000EA0000000900000019
:10A5D800D1000000920000001C000000FE000000F6
:10A5E8001D000000EB0000001C000000B10000008E
:10A5F80029000000A70000003E000000E80000005D
:10A608008200000035000000F50000002E00000068
:10A61800BB0000004400000084000000E9000000C6
:10A628009C0000007000000026000000B40000003C
:10A638005F0000007E0000004100000039000000BB
:10A6480091000000D60000003900000083000000DF
:10A658005300000039000000F40000009C000000D6
:10A66800840000005F0000008B000000BD000000B7
:10A67800F9000000280000003B0000001F00000057
:10A68800F800000097000000FF000000DE00000056
:10A6980005000000980000000F000000EF00000017
:10A6A8002F000000110000008B0000005A0000007D
:10A6B8000A0000006D0000001F0000006D0000008F
:10A6C800360000007E000000CF00000027000000D8
:10A6D800CB00000009000000B70000004F00000098
:10A6E800460000003F000000660000009E000000D9
:10A6F8005F000000EA0000002D0000007500000067
:10A7080027000000BA000000C7000000EB000000AE
:10A71800E5000000F10000007B0000003D000000A3
:10A728000700000039000000F70000008A00000060
:10A738005200000092000000EA0000006B000000D8
:10A74800FB0000005F000000B10000001F000000D7
:10A758008D0000005D0000000800000056000000A9
:10A76800030000003000000046000000FC0000006C
:10A778007B0000006B000000AB000000F000000050
:10A78800CF000000BC000000200000009A0000007C
:10A79800F4000000360000001D000000A9000000C1
:10A7A800E300000091000000610000005E0000006E
:10A7B800E60000001B000000080000006500000023
:10A7C80099000000850000005F00000014000000F0
:10A7D800A000000068000000400000008D0000009C
:10A7E800FF000000D8000000800000004D000000BD
:10A7F8007300000027000000310000000600000080
:10A80800060000001500000056000000CA00000005
:10A8180073000000A8000000C900000060000000EC
:10A82800E20000007B000000C00000008C00000077
:10A838006B0000006937AC3168212233B40F143340
:10A848006821A2333863ED3EDA0F493F5E987B3FBB
:10A85800DA0FC93F0000C93F0000F0390000DA37BD
:10A868000000A2330000842E0000502B0000C227F5
:10A878000000D0220000C41F0000C61B00004417BF
:0CA88800040000000700000009000000B0
:08A894004C59FE7F0100000099
:04A89C00C5010008EA
:04A8A000A10100080A
:10A8A4005544500001010101010000000000A040D6
:10A8B4002C0100000000F0420000E1430000804051
:10A8C40000008040CDCCCC3D000020410000F0428F
:10A8D4000000A04001010100070A00006C98010873
:10A8E4003200010082004B0000001B43000048447A
:10A8F400333373400000C84400008040CDCCCC3DCD
:10A904008FC2753F0000A042000040400080BB445D
:10A9140000006145CDCC8C403333333F0000B4425A
:10A924000000C8422C010000D007D007D007D00790
:10A93400D007D007D007D007C800F401FA000101FE
:10A94400302E302E302E30000000000000000000B9
:10A954002D000000000000000000000000000000C6
:10A96400000000002D0000000000000000000000B6
:10A9740000000000000000000AD7233C0100320060
:10A9840032003200320000000000B44200000040F7
:10A99400010100000024F400100000000100000088
:10A9A4000000000003000000D02C00201001002053
:10A9B40000000000D02C0020382D0020A02D002005
:10A9C4000000000000000000000000000000000083
:10A9D4000000000000000000000000000000000073
:10A9E4000000000000000000000000000000000063
:10A9F4000000000000000000000000004300000010
:10AA04000000000000000000000000000000000042
:10AA140000000000000000000000000043000000EF
:10AA24000000000000000000000000000000000022
:10AA340000000000000000000000000043000000CF
:10AA44000000000000000000000000000000000002
:10AA540000000000000000000000000043000000AF
:10AA640000000000000000000000000000000000E2
:10AA7400000000000000000000000000430000008F
:10AA840000000000000000000000000000000000C2
:10AA9400000000000000000000000000430000006F
:10AAA40000000000000000000000000000000000A2
:10AAB400000000000000000000000000430000004F
:10AAC4000000000000000000000000000000000082
:10AAD400000000000000000000000000B77C010836
:10AAE400377C01080000000088A3010884A1010844
:10AAF400DAA10108DAA10108DAA10108DAA1010842
:10AB0400DAA10108DAA10108DAA10108DAA1010831
:10AB1400DAA10108FFFFFFFFFFFFFFFFFFFFFFFFB9
:10AB2400FFFF0000010041534349490000000000B9
:10AB34000000000000000000000000000000000011
:10AB44000000000000004153434949000000000098
:10AB540000000000000000000000000000000000F1
:08AB64000000000000000000E9
:040000050800C261CC
:00000001FF
